timestamp,sensor_id,sensor_name,miles_from_emr,in_primary,pm25_raw_atm
2022-10-15T00:00:00-04:00,104742,"Center For Environmental Transformation",0.527,True,45.1
2022-10-15T00:10:00-04:00,104742,"Center For Environmental Transformation",0.527,True,45.0
2022-10-15T00:20:00-04:00,104742,"Center For Environmental Transformation",0.527,True,45.6
2022-10-15T00:30:00-04:00,104742,"Center For Environmental Transformation",0.527,True,44.1
2022-10-15T00:40:00-04:00,104742,"Center For Environmental Transformation",0.527,True,42.0
2022-10-15T00:50:00-04:00,104742,"Center For Environmental Transformation",0.527,True,39.6
2022-10-15T01:00:00-04:00,104742,"Center For Environmental Transformation",0.527,True,41.5
2022-10-15T01:10:00-04:00,104742,"Center For Environmental Transformation",0.527,True,39.1
2022-10-15T01:20:00-04:00,104742,"Center For Environmental Transformation",0.527,True,37.8
2022-10-15T01:30:00-04:00,104742,"Center For Environmental Transformation",0.527,True,37.6
2022-10-15T01:40:00-04:00,104742,"Center For Environmental Transformation",0.527,True,38.2
2022-10-15T01:50:00-04:00,104742,"Center For Environmental Transformation",0.527,True,37.5
2022-10-15T02:00:00-04:00,104742,"Center For Environmental Transformation",0.527,True,38.3
2022-10-15T02:10:00-04:00,104742,"Center For Environmental Transformation",0.527,True,38.9
2022-10-15T02:20:00-04:00,104742,"Center For Environmental Transformation",0.527,True,40.2
2022-10-15T02:30:00-04:00,104742,"Center For Environmental Transformation",0.527,True,40.2
2022-10-15T02:40:00-04:00,104742,"Center For Environmental Transformation",0.527,True,40.2
2022-10-15T02:50:00-04:00,104742,"Center For Environmental Transformation",0.527,True,40.0
2022-10-15T03:00:00-04:00,104742,"Center For Environmental Transformation",0.527,True,39.3
2022-10-15T03:10:00-04:00,104742,"Center For Environmental Transformation",0.527,True,39.3
2022-10-15T03:20:00-04:00,104742,"Center For Environmental Transformation",0.527,True,38.0
2022-10-15T03:30:00-04:00,104742,"Center For Environmental Transformation",0.527,True,36.6
2022-10-15T03:40:00-04:00,104742,"Center For Environmental Transformation",0.527,True,36.4
2022-10-15T03:50:00-04:00,104742,"Center For Environmental Transformation",0.527,True,36.7
2022-10-15T04:00:00-04:00,104742,"Center For Environmental Transformation",0.527,True,36.6
2022-10-15T04:10:00-04:00,104742,"Center For Environmental Transformation",0.527,True,36.0
2022-10-15T04:20:00-04:00,104742,"Center For Environmental Transformation",0.527,True,35.9
2022-10-15T04:30:00-04:00,104742,"Center For Environmental Transformation",0.527,True,35.3
2022-10-15T04:40:00-04:00,104742,"Center For Environmental Transformation",0.527,True,34.8
2022-10-15T04:50:00-04:00,104742,"Center For Environmental Transformation",0.527,True,33.8
2022-10-15T05:00:00-04:00,104742,"Center For Environmental Transformation",0.527,True,33.7
2022-10-15T05:10:00-04:00,104742,"Center For Environmental Transformation",0.527,True,33.7
2022-10-15T05:20:00-04:00,104742,"Center For Environmental Transformation",0.527,True,34.0
2022-10-15T05:30:00-04:00,104742,"Center For Environmental Transformation",0.527,True,34.2
2022-10-15T05:40:00-04:00,104742,"Center For Environmental Transformation",0.527,True,34.5
2022-10-15T05:50:00-04:00,104742,"Center For Environmental Transformation",0.527,True,34.0
2022-10-15T06:00:00-04:00,104742,"Center For Environmental Transformation",0.527,True,34.5
2022-10-15T06:10:00-04:00,104742,"Center For Environmental Transformation",0.527,True,35.2
2022-10-15T06:20:00-04:00,104742,"Center For Environmental Transformation",0.527,True,34.3
2022-10-15T06:30:00-04:00,104742,"Center For Environmental Transformation",0.527,True,34.4
2022-10-15T06:40:00-04:00,104742,"Center For Environmental Transformation",0.527,True,33.7
2022-10-15T06:50:00-04:00,104742,"Center For Environmental Transformation",0.527,True,33.5
2022-10-15T07:00:00-04:00,104742,"Center For Environmental Transformation",0.527,True,33.5
2022-10-15T07:10:00-04:00,104742,"Center For Environmental Transformation",0.527,True,33.9
2022-10-15T07:20:00-04:00,104742,"Center For Environmental Transformation",0.527,True,33.8
2022-10-15T07:30:00-04:00,104742,"Center For Environmental Transformation",0.527,True,34.2
2022-10-15T07:40:00-04:00,104742,"Center For Environmental Transformation",0.527,True,34.0
2022-10-15T07:50:00-04:00,104742,"Center For Environmental Transformation",0.527,True,34.5
2022-10-15T08:00:00-04:00,104742,"Center For Environmental Transformation",0.527,True,34.9
2022-10-15T08:10:00-04:00,104742,"Center For Environmental Transformation",0.527,True,34.6
2022-10-15T08:20:00-04:00,104742,"Center For Environmental Transformation",0.527,True,34.5
2022-10-15T08:30:00-04:00,104742,"Center For Environmental Transformation",0.527,True,33.3
2022-10-15T08:40:00-04:00,104742,"Center For Environmental Transformation",0.527,True,33.7
2022-10-15T08:50:00-04:00,104742,"Center For Environmental Transformation",0.527,True,33.9
2022-10-15T09:00:00-04:00,104742,"Center For Environmental Transformation",0.527,True,33.1
2022-10-15T09:10:00-04:00,104742,"Center For Environmental Transformation",0.527,True,30.5
2022-10-15T09:20:00-04:00,104742,"Center For Environmental Transformation",0.527,True,25.4
2022-10-15T09:30:00-04:00,104742,"Center For Environmental Transformation",0.527,True,22.3
2022-10-15T09:40:00-04:00,104742,"Center For Environmental Transformation",0.527,True,18.3
2022-10-15T09:50:00-04:00,104742,"Center For Environmental Transformation",0.527,True,15.4
2022-10-15T10:00:00-04:00,104742,"Center For Environmental Transformation",0.527,True,13.4
2022-10-15T10:10:00-04:00,104742,"Center For Environmental Transformation",0.527,True,12.4
2022-10-15T10:20:00-04:00,104742,"Center For Environmental Transformation",0.527,True,12.2
2022-10-15T10:30:00-04:00,104742,"Center For Environmental Transformation",0.527,True,11.0
2022-10-15T10:40:00-04:00,104742,"Center For Environmental Transformation",0.527,True,9.8
2022-10-15T10:50:00-04:00,104742,"Center For Environmental Transformation",0.527,True,8.9
2022-10-15T11:00:00-04:00,104742,"Center For Environmental Transformation",0.527,True,8.1
2022-10-15T11:10:00-04:00,104742,"Center For Environmental Transformation",0.527,True,7.6
2022-10-15T11:20:00-04:00,104742,"Center For Environmental Transformation",0.527,True,8.1
2022-10-15T11:30:00-04:00,104742,"Center For Environmental Transformation",0.527,True,7.7
2022-10-15T11:40:00-04:00,104742,"Center For Environmental Transformation",0.527,True,7.9
2022-10-15T11:50:00-04:00,104742,"Center For Environmental Transformation",0.527,True,8.4
2022-10-15T12:00:00-04:00,104742,"Center For Environmental Transformation",0.527,True,8.1
2022-10-15T12:10:00-04:00,104742,"Center For Environmental Transformation",0.527,True,8.5
2022-10-15T12:20:00-04:00,104742,"Center For Environmental Transformation",0.527,True,8.1
2022-10-15T12:30:00-04:00,104742,"Center For Environmental Transformation",0.527,True,7.8
2022-10-15T12:40:00-04:00,104742,"Center For Environmental Transformation",0.527,True,7.1
2022-10-15T12:50:00-04:00,104742,"Center For Environmental Transformation",0.527,True,6.7
2022-10-15T13:00:00-04:00,104742,"Center For Environmental Transformation",0.527,True,6.6
2022-10-15T13:10:00-04:00,104742,"Center For Environmental Transformation",0.527,True,6.7
2022-10-15T13:20:00-04:00,104742,"Center For Environmental Transformation",0.527,True,6.9
2022-10-15T13:30:00-04:00,104742,"Center For Environmental Transformation",0.527,True,6.2
2022-10-15T13:40:00-04:00,104742,"Center For Environmental Transformation",0.527,True,6.1
2022-10-15T13:50:00-04:00,104742,"Center For Environmental Transformation",0.527,True,6.0
2022-10-15T14:00:00-04:00,104742,"Center For Environmental Transformation",0.527,True,5.9
2022-10-15T14:10:00-04:00,104742,"Center For Environmental Transformation",0.527,True,6.2
2022-10-15T14:20:00-04:00,104742,"Center For Environmental Transformation",0.527,True,6.4
2022-10-15T14:30:00-04:00,104742,"Center For Environmental Transformation",0.527,True,6.7
2022-10-15T14:40:00-04:00,104742,"Center For Environmental Transformation",0.527,True,6.7
2022-10-15T14:50:00-04:00,104742,"Center For Environmental Transformation",0.527,True,6.8
2022-10-15T15:00:00-04:00,104742,"Center For Environmental Transformation",0.527,True,6.8
2022-10-15T15:10:00-04:00,104742,"Center For Environmental Transformation",0.527,True,7.1
2022-10-15T15:20:00-04:00,104742,"Center For Environmental Transformation",0.527,True,7.3
2022-10-15T15:30:00-04:00,104742,"Center For Environmental Transformation",0.527,True,7.2
2022-10-15T15:40:00-04:00,104742,"Center For Environmental Transformation",0.527,True,7.2
2022-10-15T15:50:00-04:00,104742,"Center For Environmental Transformation",0.527,True,7.0
2022-10-15T16:00:00-04:00,104742,"Center For Environmental Transformation",0.527,True,6.6
2022-10-15T16:10:00-04:00,104742,"Center For Environmental Transformation",0.527,True,7.0
2022-10-15T16:20:00-04:00,104742,"Center For Environmental Transformation",0.527,True,6.7
2022-10-15T16:30:00-04:00,104742,"Center For Environmental Transformation",0.527,True,6.8
2022-10-15T16:40:00-04:00,104742,"Center For Environmental Transformation",0.527,True,7.0
2022-10-15T16:50:00-04:00,104742,"Center For Environmental Transformation",0.527,True,7.0
2022-10-15T17:00:00-04:00,104742,"Center For Environmental Transformation",0.527,True,6.9
2022-10-15T17:10:00-04:00,104742,"Center For Environmental Transformation",0.527,True,7.4
2022-10-15T17:20:00-04:00,104742,"Center For Environmental Transformation",0.527,True,7.0
2022-10-15T17:30:00-04:00,104742,"Center For Environmental Transformation",0.527,True,7.3
2022-10-15T17:40:00-04:00,104742,"Center For Environmental Transformation",0.527,True,7.3
2022-10-15T17:50:00-04:00,104742,"Center For Environmental Transformation",0.527,True,7.8
2022-10-15T18:00:00-04:00,104742,"Center For Environmental Transformation",0.527,True,7.9
2022-10-15T18:10:00-04:00,104742,"Center For Environmental Transformation",0.527,True,8.2
2022-10-15T18:20:00-04:00,104742,"Center For Environmental Transformation",0.527,True,8.1
2022-10-15T18:30:00-04:00,104742,"Center For Environmental Transformation",0.527,True,17.8
2022-10-15T18:40:00-04:00,104742,"Center For Environmental Transformation",0.527,True,13.0
2022-10-15T18:50:00-04:00,104742,"Center For Environmental Transformation",0.527,True,14.4
2022-10-15T19:00:00-04:00,104742,"Center For Environmental Transformation",0.527,True,11.1
2022-10-15T19:10:00-04:00,104742,"Center For Environmental Transformation",0.527,True,10.8
2022-10-15T19:20:00-04:00,104742,"Center For Environmental Transformation",0.527,True,10.3
2022-10-15T19:30:00-04:00,104742,"Center For Environmental Transformation",0.527,True,11.6
2022-10-15T19:40:00-04:00,104742,"Center For Environmental Transformation",0.527,True,12.0
2022-10-15T19:50:00-04:00,104742,"Center For Environmental Transformation",0.527,True,11.6
2022-10-15T20:00:00-04:00,104742,"Center For Environmental Transformation",0.527,True,11.5
2022-10-15T20:10:00-04:00,104742,"Center For Environmental Transformation",0.527,True,11.1
2022-10-15T20:20:00-04:00,104742,"Center For Environmental Transformation",0.527,True,12.1
2022-10-15T20:30:00-04:00,104742,"Center For Environmental Transformation",0.527,True,12.4
2022-10-15T20:40:00-04:00,104742,"Center For Environmental Transformation",0.527,True,12.9
2022-10-15T20:50:00-04:00,104742,"Center For Environmental Transformation",0.527,True,13.2
2022-10-15T21:00:00-04:00,104742,"Center For Environmental Transformation",0.527,True,12.4
2022-10-15T21:10:00-04:00,104742,"Center For Environmental Transformation",0.527,True,13.3
2022-10-15T21:20:00-04:00,104742,"Center For Environmental Transformation",0.527,True,12.5
2022-10-15T21:30:00-04:00,104742,"Center For Environmental Transformation",0.527,True,13.1
2022-10-15T21:40:00-04:00,104742,"Center For Environmental Transformation",0.527,True,13.2
2022-10-15T21:50:00-04:00,104742,"Center For Environmental Transformation",0.527,True,13.1
2022-10-15T22:00:00-04:00,104742,"Center For Environmental Transformation",0.527,True,13.2
2022-10-15T22:10:00-04:00,104742,"Center For Environmental Transformation",0.527,True,14.4
2022-10-15T22:20:00-04:00,104742,"Center For Environmental Transformation",0.527,True,15.5
2022-10-15T22:30:00-04:00,104742,"Center For Environmental Transformation",0.527,True,15.4
2022-10-15T22:40:00-04:00,104742,"Center For Environmental Transformation",0.527,True,15.6
2022-10-15T22:50:00-04:00,104742,"Center For Environmental Transformation",0.527,True,15.7
2022-10-15T23:00:00-04:00,104742,"Center For Environmental Transformation",0.527,True,16.4
2022-10-15T23:10:00-04:00,104742,"Center For Environmental Transformation",0.527,True,17.3
2022-10-15T23:20:00-04:00,104742,"Center For Environmental Transformation",0.527,True,17.5
2022-10-15T23:30:00-04:00,104742,"Center For Environmental Transformation",0.527,True,18.0
2022-10-15T23:40:00-04:00,104742,"Center For Environmental Transformation",0.527,True,16.6
2022-10-15T23:50:00-04:00,104742,"Center For Environmental Transformation",0.527,True,15.9
2022-10-16T00:00:00-04:00,104742,"Center For Environmental Transformation",0.527,True,15.7
2022-10-16T00:10:00-04:00,104742,"Center For Environmental Transformation",0.527,True,16.3
2022-10-16T00:20:00-04:00,104742,"Center For Environmental Transformation",0.527,True,14.9
2022-10-16T00:30:00-04:00,104742,"Center For Environmental Transformation",0.527,True,14.6
2022-10-16T00:40:00-04:00,104742,"Center For Environmental Transformation",0.527,True,15.7
2022-10-16T00:50:00-04:00,104742,"Center For Environmental Transformation",0.527,True,15.5
2022-10-16T01:00:00-04:00,104742,"Center For Environmental Transformation",0.527,True,15.7
2022-10-16T01:10:00-04:00,104742,"Center For Environmental Transformation",0.527,True,16.0
2022-10-16T01:20:00-04:00,104742,"Center For Environmental Transformation",0.527,True,18.0
2022-10-16T01:30:00-04:00,104742,"Center For Environmental Transformation",0.527,True,19.9
2022-10-16T01:40:00-04:00,104742,"Center For Environmental Transformation",0.527,True,19.4
2022-10-16T01:50:00-04:00,104742,"Center For Environmental Transformation",0.527,True,20.8
2022-10-16T02:00:00-04:00,104742,"Center For Environmental Transformation",0.527,True,21.5
2022-10-16T02:10:00-04:00,104742,"Center For Environmental Transformation",0.527,True,21.9
2022-10-16T02:20:00-04:00,104742,"Center For Environmental Transformation",0.527,True,21.5
2022-10-16T02:30:00-04:00,104742,"Center For Environmental Transformation",0.527,True,22.3
2022-10-16T02:40:00-04:00,104742,"Center For Environmental Transformation",0.527,True,22.5
2022-10-16T02:50:00-04:00,104742,"Center For Environmental Transformation",0.527,True,23.3
2022-10-16T03:00:00-04:00,104742,"Center For Environmental Transformation",0.527,True,24.3
2022-10-16T03:10:00-04:00,104742,"Center For Environmental Transformation",0.527,True,24.2
2022-10-16T03:20:00-04:00,104742,"Center For Environmental Transformation",0.527,True,25.7
2022-10-16T03:30:00-04:00,104742,"Center For Environmental Transformation",0.527,True,29.7
2022-10-16T03:40:00-04:00,104742,"Center For Environmental Transformation",0.527,True,31.6
2022-10-16T03:50:00-04:00,104742,"Center For Environmental Transformation",0.527,True,32.0
2022-10-16T04:00:00-04:00,104742,"Center For Environmental Transformation",0.527,True,35.0
2022-10-16T04:10:00-04:00,104742,"Center For Environmental Transformation",0.527,True,33.7
2022-10-16T04:20:00-04:00,104742,"Center For Environmental Transformation",0.527,True,32.8
2022-10-16T04:30:00-04:00,104742,"Center For Environmental Transformation",0.527,True,32.0
2022-10-16T04:40:00-04:00,104742,"Center For Environmental Transformation",0.527,True,33.0
2022-10-16T04:50:00-04:00,104742,"Center For Environmental Transformation",0.527,True,33.0
2022-10-16T05:00:00-04:00,104742,"Center For Environmental Transformation",0.527,True,32.8
2022-10-16T05:10:00-04:00,104742,"Center For Environmental Transformation",0.527,True,33.2
2022-10-16T05:20:00-04:00,104742,"Center For Environmental Transformation",0.527,True,33.2
2022-10-16T05:30:00-04:00,104742,"Center For Environmental Transformation",0.527,True,32.6
2022-10-16T05:40:00-04:00,104742,"Center For Environmental Transformation",0.527,True,36.6
2022-10-16T05:50:00-04:00,104742,"Center For Environmental Transformation",0.527,True,41.2
2022-10-16T06:00:00-04:00,104742,"Center For Environmental Transformation",0.527,True,37.4
2022-10-16T06:10:00-04:00,104742,"Center For Environmental Transformation",0.527,True,35.8
2022-10-16T06:20:00-04:00,104742,"Center For Environmental Transformation",0.527,True,34.5
2022-10-16T06:30:00-04:00,104742,"Center For Environmental Transformation",0.527,True,32.8
2022-10-16T06:40:00-04:00,104742,"Center For Environmental Transformation",0.527,True,30.8
2022-10-16T06:50:00-04:00,104742,"Center For Environmental Transformation",0.527,True,29.4
2022-10-16T07:00:00-04:00,104742,"Center For Environmental Transformation",0.527,True,29.1
2022-10-16T07:10:00-04:00,104742,"Center For Environmental Transformation",0.527,True,30.4
2022-10-16T07:20:00-04:00,104742,"Center For Environmental Transformation",0.527,True,30.6
2022-10-16T07:30:00-04:00,104742,"Center For Environmental Transformation",0.527,True,30.6
2022-10-16T07:40:00-04:00,104742,"Center For Environmental Transformation",0.527,True,31.2
2022-10-16T07:50:00-04:00,104742,"Center For Environmental Transformation",0.527,True,30.5
2022-10-16T08:00:00-04:00,104742,"Center For Environmental Transformation",0.527,True,30.6
2022-10-16T08:10:00-04:00,104742,"Center For Environmental Transformation",0.527,True,30.3
2022-10-16T08:20:00-04:00,104742,"Center For Environmental Transformation",0.527,True,30.4
2022-10-16T08:30:00-04:00,104742,"Center For Environmental Transformation",0.527,True,29.4
2022-10-16T08:40:00-04:00,104742,"Center For Environmental Transformation",0.527,True,21.9
2022-10-16T08:50:00-04:00,104742,"Center For Environmental Transformation",0.527,True,17.5
2022-10-16T09:00:00-04:00,104742,"Center For Environmental Transformation",0.527,True,11.3
2022-10-16T09:10:00-04:00,104742,"Center For Environmental Transformation",0.527,True,10.1
2022-10-16T09:20:00-04:00,104742,"Center For Environmental Transformation",0.527,True,11.5
2022-10-16T09:30:00-04:00,104742,"Center For Environmental Transformation",0.527,True,12.4
2022-10-16T09:40:00-04:00,104742,"Center For Environmental Transformation",0.527,True,12.9
2022-10-16T09:50:00-04:00,104742,"Center For Environmental Transformation",0.527,True,11.5
2022-10-16T10:00:00-04:00,104742,"Center For Environmental Transformation",0.527,True,10.2
2022-10-16T10:10:00-04:00,104742,"Center For Environmental Transformation",0.527,True,19.5
2022-10-16T10:20:00-04:00,104742,"Center For Environmental Transformation",0.527,True,21.4
2022-10-16T10:30:00-04:00,104742,"Center For Environmental Transformation",0.527,True,9.2
2022-10-16T10:40:00-04:00,104742,"Center For Environmental Transformation",0.527,True,8.1
2022-10-16T10:50:00-04:00,104742,"Center For Environmental Transformation",0.527,True,8.7
2022-10-16T11:00:00-04:00,104742,"Center For Environmental Transformation",0.527,True,7.8
2022-10-16T11:10:00-04:00,104742,"Center For Environmental Transformation",0.527,True,8.2
2022-10-16T11:20:00-04:00,104742,"Center For Environmental Transformation",0.527,True,8.9
2022-10-16T11:30:00-04:00,104742,"Center For Environmental Transformation",0.527,True,8.2
2022-10-16T11:40:00-04:00,104742,"Center For Environmental Transformation",0.527,True,8.3
2022-10-16T11:50:00-04:00,104742,"Center For Environmental Transformation",0.527,True,8.0
2022-10-16T12:00:00-04:00,104742,"Center For Environmental Transformation",0.527,True,7.5
2022-10-16T12:10:00-04:00,104742,"Center For Environmental Transformation",0.527,True,7.5
2022-10-16T12:20:00-04:00,104742,"Center For Environmental Transformation",0.527,True,8.1
2022-10-16T12:30:00-04:00,104742,"Center For Environmental Transformation",0.527,True,8.0
2022-10-16T12:40:00-04:00,104742,"Center For Environmental Transformation",0.527,True,8.1
2022-10-16T12:50:00-04:00,104742,"Center For Environmental Transformation",0.527,True,8.0
2022-10-16T13:00:00-04:00,104742,"Center For Environmental Transformation",0.527,True,8.3
2022-10-16T13:10:00-04:00,104742,"Center For Environmental Transformation",0.527,True,8.2
2022-10-16T13:20:00-04:00,104742,"Center For Environmental Transformation",0.527,True,7.6
2022-10-16T13:30:00-04:00,104742,"Center For Environmental Transformation",0.527,True,7.3
2022-10-16T13:40:00-04:00,104742,"Center For Environmental Transformation",0.527,True,8.0
2022-10-16T13:50:00-04:00,104742,"Center For Environmental Transformation",0.527,True,8.2
2022-10-16T14:00:00-04:00,104742,"Center For Environmental Transformation",0.527,True,8.1
2022-10-16T14:10:00-04:00,104742,"Center For Environmental Transformation",0.527,True,7.5
2022-10-16T14:20:00-04:00,104742,"Center For Environmental Transformation",0.527,True,7.2
2022-10-16T14:30:00-04:00,104742,"Center For Environmental Transformation",0.527,True,6.7
2022-10-16T14:40:00-04:00,104742,"Center For Environmental Transformation",0.527,True,6.1
2022-10-16T14:50:00-04:00,104742,"Center For Environmental Transformation",0.527,True,6.3
2022-10-16T15:00:00-04:00,104742,"Center For Environmental Transformation",0.527,True,5.7
2022-10-16T15:10:00-04:00,104742,"Center For Environmental Transformation",0.527,True,5.5
2022-10-16T15:20:00-04:00,104742,"Center For Environmental Transformation",0.527,True,5.6
2022-10-16T15:30:00-04:00,104742,"Center For Environmental Transformation",0.527,True,4.8
2022-10-16T15:40:00-04:00,104742,"Center For Environmental Transformation",0.527,True,4.6
2022-10-16T15:50:00-04:00,104742,"Center For Environmental Transformation",0.527,True,5.5
2022-10-16T16:00:00-04:00,104742,"Center For Environmental Transformation",0.527,True,5.8
2022-10-16T16:10:00-04:00,104742,"Center For Environmental Transformation",0.527,True,5.3
2022-10-16T16:20:00-04:00,104742,"Center For Environmental Transformation",0.527,True,5.1
2022-10-16T16:30:00-04:00,104742,"Center For Environmental Transformation",0.527,True,6.3
2022-10-16T16:40:00-04:00,104742,"Center For Environmental Transformation",0.527,True,6.5
2022-10-16T16:50:00-04:00,104742,"Center For Environmental Transformation",0.527,True,8.1
2022-10-16T17:00:00-04:00,104742,"Center For Environmental Transformation",0.527,True,8.6
2022-10-16T17:10:00-04:00,104742,"Center For Environmental Transformation",0.527,True,8.5
2022-10-16T17:20:00-04:00,104742,"Center For Environmental Transformation",0.527,True,8.2
2022-10-16T17:30:00-04:00,104742,"Center For Environmental Transformation",0.527,True,8.8
2022-10-16T17:40:00-04:00,104742,"Center For Environmental Transformation",0.527,True,9.7
2022-10-16T17:50:00-04:00,104742,"Center For Environmental Transformation",0.527,True,9.4
2022-10-16T18:00:00-04:00,104742,"Center For Environmental Transformation",0.527,True,7.4
2022-10-16T18:10:00-04:00,104742,"Center For Environmental Transformation",0.527,True,8.2
2022-10-16T18:20:00-04:00,104742,"Center For Environmental Transformation",0.527,True,7.7
2022-10-16T18:30:00-04:00,104742,"Center For Environmental Transformation",0.527,True,8.7
2022-10-16T18:40:00-04:00,104742,"Center For Environmental Transformation",0.527,True,11.3
2022-10-16T18:50:00-04:00,104742,"Center For Environmental Transformation",0.527,True,11.5
2022-10-16T19:00:00-04:00,104742,"Center For Environmental Transformation",0.527,True,16.9
2022-10-16T19:10:00-04:00,104742,"Center For Environmental Transformation",0.527,True,24.8
2022-10-16T19:20:00-04:00,104742,"Center For Environmental Transformation",0.527,True,17.1
2022-10-16T19:30:00-04:00,104742,"Center For Environmental Transformation",0.527,True,17.8
2022-10-16T19:40:00-04:00,104742,"Center For Environmental Transformation",0.527,True,24.3
2022-10-16T19:50:00-04:00,104742,"Center For Environmental Transformation",0.527,True,23.2
2022-10-16T20:00:00-04:00,104742,"Center For Environmental Transformation",0.527,True,18.2
2022-10-16T20:10:00-04:00,104742,"Center For Environmental Transformation",0.527,True,26.7
2022-10-16T20:20:00-04:00,104742,"Center For Environmental Transformation",0.527,True,26.4
2022-10-16T20:30:00-04:00,104742,"Center For Environmental Transformation",0.527,True,24.5
2022-10-16T20:40:00-04:00,104742,"Center For Environmental Transformation",0.527,True,33.8
2022-10-16T20:50:00-04:00,104742,"Center For Environmental Transformation",0.527,True,21.0
2022-10-16T21:00:00-04:00,104742,"Center For Environmental Transformation",0.527,True,17.6
2022-10-16T21:10:00-04:00,104742,"Center For Environmental Transformation",0.527,True,22.8
2022-10-16T21:20:00-04:00,104742,"Center For Environmental Transformation",0.527,True,27.2
2022-10-16T21:30:00-04:00,104742,"Center For Environmental Transformation",0.527,True,31.0
2022-10-16T21:40:00-04:00,104742,"Center For Environmental Transformation",0.527,True,29.1
2022-10-16T21:50:00-04:00,104742,"Center For Environmental Transformation",0.527,True,31.6
2022-10-16T22:00:00-04:00,104742,"Center For Environmental Transformation",0.527,True,23.9
2022-10-16T22:10:00-04:00,104742,"Center For Environmental Transformation",0.527,True,26.1
2022-10-16T22:20:00-04:00,104742,"Center For Environmental Transformation",0.527,True,28.5
2022-10-16T22:30:00-04:00,104742,"Center For Environmental Transformation",0.527,True,26.1
2022-10-16T22:40:00-04:00,104742,"Center For Environmental Transformation",0.527,True,22.0
2022-10-16T22:50:00-04:00,104742,"Center For Environmental Transformation",0.527,True,19.4
2022-10-16T23:00:00-04:00,104742,"Center For Environmental Transformation",0.527,True,16.8
2022-10-16T23:10:00-04:00,104742,"Center For Environmental Transformation",0.527,True,14.6
2022-10-16T23:20:00-04:00,104742,"Center For Environmental Transformation",0.527,True,13.9
2022-10-16T23:30:00-04:00,104742,"Center For Environmental Transformation",0.527,True,18.1
2022-10-16T23:40:00-04:00,104742,"Center For Environmental Transformation",0.527,True,16.9
2022-10-16T23:50:00-04:00,104742,"Center For Environmental Transformation",0.527,True,14.8
2022-10-17T00:00:00-04:00,104742,"Center For Environmental Transformation",0.527,True,14.2
2022-10-17T00:10:00-04:00,104742,"Center For Environmental Transformation",0.527,True,13.4
2022-10-17T00:20:00-04:00,104742,"Center For Environmental Transformation",0.527,True,12.4
2022-10-17T00:30:00-04:00,104742,"Center For Environmental Transformation",0.527,True,11.9
2022-10-17T00:40:00-04:00,104742,"Center For Environmental Transformation",0.527,True,12.0
2022-10-17T00:50:00-04:00,104742,"Center For Environmental Transformation",0.527,True,12.0
2022-10-17T01:00:00-04:00,104742,"Center For Environmental Transformation",0.527,True,11.9
2022-10-17T01:10:00-04:00,104742,"Center For Environmental Transformation",0.527,True,11.9
2022-10-17T01:20:00-04:00,104742,"Center For Environmental Transformation",0.527,True,13.3
2022-10-17T01:30:00-04:00,104742,"Center For Environmental Transformation",0.527,True,13.0
2022-10-17T01:40:00-04:00,104742,"Center For Environmental Transformation",0.527,True,12.0
2022-10-17T01:50:00-04:00,104742,"Center For Environmental Transformation",0.527,True,12.7
2022-10-17T02:00:00-04:00,104742,"Center For Environmental Transformation",0.527,True,14.2
2022-10-17T02:10:00-04:00,104742,"Center For Environmental Transformation",0.527,True,13.7
2022-10-17T02:20:00-04:00,104742,"Center For Environmental Transformation",0.527,True,16.5
2022-10-17T02:30:00-04:00,104742,"Center For Environmental Transformation",0.527,True,14.0
2022-10-17T02:40:00-04:00,104742,"Center For Environmental Transformation",0.527,True,12.5
2022-10-17T02:50:00-04:00,104742,"Center For Environmental Transformation",0.527,True,11.7
2022-10-17T03:00:00-04:00,104742,"Center For Environmental Transformation",0.527,True,11.5
2022-10-17T03:10:00-04:00,104742,"Center For Environmental Transformation",0.527,True,12.1
2022-10-17T03:20:00-04:00,104742,"Center For Environmental Transformation",0.527,True,12.7
2022-10-17T03:30:00-04:00,104742,"Center For Environmental Transformation",0.527,True,11.6
2022-10-17T03:40:00-04:00,104742,"Center For Environmental Transformation",0.527,True,11.5
2022-10-17T03:50:00-04:00,104742,"Center For Environmental Transformation",0.527,True,12.6
2022-10-17T04:00:00-04:00,104742,"Center For Environmental Transformation",0.527,True,12.4
2022-10-17T04:10:00-04:00,104742,"Center For Environmental Transformation",0.527,True,12.7
2022-10-17T04:20:00-04:00,104742,"Center For Environmental Transformation",0.527,True,12.8
2022-10-17T04:30:00-04:00,104742,"Center For Environmental Transformation",0.527,True,13.5
2022-10-17T04:40:00-04:00,104742,"Center For Environmental Transformation",0.527,True,13.4
2022-10-17T04:50:00-04:00,104742,"Center For Environmental Transformation",0.527,True,14.0
2022-10-17T05:00:00-04:00,104742,"Center For Environmental Transformation",0.527,True,13.5
2022-10-17T05:10:00-04:00,104742,"Center For Environmental Transformation",0.527,True,13.9
2022-10-17T05:20:00-04:00,104742,"Center For Environmental Transformation",0.527,True,14.9
2022-10-17T05:30:00-04:00,104742,"Center For Environmental Transformation",0.527,True,15.0
2022-10-17T05:40:00-04:00,104742,"Center For Environmental Transformation",0.527,True,15.4
2022-10-17T05:50:00-04:00,104742,"Center For Environmental Transformation",0.527,True,14.7
2022-10-17T06:00:00-04:00,104742,"Center For Environmental Transformation",0.527,True,14.4
2022-10-17T06:10:00-04:00,104742,"Center For Environmental Transformation",0.527,True,14.6
2022-10-17T06:20:00-04:00,104742,"Center For Environmental Transformation",0.527,True,14.5
2022-10-17T06:30:00-04:00,104742,"Center For Environmental Transformation",0.527,True,14.1
2022-10-17T06:40:00-04:00,104742,"Center For Environmental Transformation",0.527,True,14.0
2022-10-17T06:50:00-04:00,104742,"Center For Environmental Transformation",0.527,True,14.0
2022-10-17T07:00:00-04:00,104742,"Center For Environmental Transformation",0.527,True,13.6
2022-10-17T07:10:00-04:00,104742,"Center For Environmental Transformation",0.527,True,13.5
2022-10-17T07:20:00-04:00,104742,"Center For Environmental Transformation",0.527,True,13.3
2022-10-17T07:30:00-04:00,104742,"Center For Environmental Transformation",0.527,True,13.4
2022-10-17T07:40:00-04:00,104742,"Center For Environmental Transformation",0.527,True,14.0
2022-10-17T07:50:00-04:00,104742,"Center For Environmental Transformation",0.527,True,14.1
2022-10-17T08:00:00-04:00,104742,"Center For Environmental Transformation",0.527,True,13.9
2022-10-17T08:10:00-04:00,104742,"Center For Environmental Transformation",0.527,True,14.3
2022-10-17T08:20:00-04:00,104742,"Center For Environmental Transformation",0.527,True,13.0
2022-10-17T08:30:00-04:00,104742,"Center For Environmental Transformation",0.527,True,12.6
2022-10-17T08:40:00-04:00,104742,"Center For Environmental Transformation",0.527,True,12.1
2022-10-17T08:50:00-04:00,104742,"Center For Environmental Transformation",0.527,True,12.4
2022-10-17T09:00:00-04:00,104742,"Center For Environmental Transformation",0.527,True,12.9
2022-10-17T09:10:00-04:00,104742,"Center For Environmental Transformation",0.527,True,11.9
2022-10-17T09:20:00-04:00,104742,"Center For Environmental Transformation",0.527,True,11.2
2022-10-17T09:30:00-04:00,104742,"Center For Environmental Transformation",0.527,True,9.8
2022-10-17T09:40:00-04:00,104742,"Center For Environmental Transformation",0.527,True,10.7
2022-10-17T09:50:00-04:00,104742,"Center For Environmental Transformation",0.527,True,9.7
2022-10-17T10:00:00-04:00,104742,"Center For Environmental Transformation",0.527,True,9.3
2022-10-17T10:10:00-04:00,104742,"Center For Environmental Transformation",0.527,True,8.8
2022-10-17T10:20:00-04:00,104742,"Center For Environmental Transformation",0.527,True,9.5
2022-10-17T10:30:00-04:00,104742,"Center For Environmental Transformation",0.527,True,11.2
2022-10-17T10:40:00-04:00,104742,"Center For Environmental Transformation",0.527,True,10.4
2022-10-17T10:50:00-04:00,104742,"Center For Environmental Transformation",0.527,True,9.9
2022-10-17T11:00:00-04:00,104742,"Center For Environmental Transformation",0.527,True,9.4
2022-10-17T11:10:00-04:00,104742,"Center For Environmental Transformation",0.527,True,9.2
2022-10-17T11:20:00-04:00,104742,"Center For Environmental Transformation",0.527,True,9.4
2022-10-17T11:30:00-04:00,104742,"Center For Environmental Transformation",0.527,True,8.7
2022-10-17T11:40:00-04:00,104742,"Center For Environmental Transformation",0.527,True,9.2
2022-10-17T11:50:00-04:00,104742,"Center For Environmental Transformation",0.527,True,8.9
2022-10-17T12:00:00-04:00,104742,"Center For Environmental Transformation",0.527,True,8.7
2022-10-17T12:10:00-04:00,104742,"Center For Environmental Transformation",0.527,True,9.4
2022-10-17T12:20:00-04:00,104742,"Center For Environmental Transformation",0.527,True,9.2
2022-10-17T12:30:00-04:00,104742,"Center For Environmental Transformation",0.527,True,10.7
2022-10-17T12:40:00-04:00,104742,"Center For Environmental Transformation",0.527,True,10.6
2022-10-17T12:50:00-04:00,104742,"Center For Environmental Transformation",0.527,True,11.2
2022-10-17T13:00:00-04:00,104742,"Center For Environmental Transformation",0.527,True,10.9
2022-10-17T13:10:00-04:00,104742,"Center For Environmental Transformation",0.527,True,10.7
2022-10-17T13:20:00-04:00,104742,"Center For Environmental Transformation",0.527,True,11.6
2022-10-17T13:30:00-04:00,104742,"Center For Environmental Transformation",0.527,True,11.9
2022-10-17T13:40:00-04:00,104742,"Center For Environmental Transformation",0.527,True,11.8
2022-10-17T13:50:00-04:00,104742,"Center For Environmental Transformation",0.527,True,11.9
2022-10-17T14:00:00-04:00,104742,"Center For Environmental Transformation",0.527,True,11.3
2022-10-17T14:10:00-04:00,104742,"Center For Environmental Transformation",0.527,True,11.0
2022-10-17T14:20:00-04:00,104742,"Center For Environmental Transformation",0.527,True,11.2
2022-10-17T14:30:00-04:00,104742,"Center For Environmental Transformation",0.527,True,11.0
2022-10-17T14:40:00-04:00,104742,"Center For Environmental Transformation",0.527,True,11.6
2022-10-17T14:50:00-04:00,104742,"Center For Environmental Transformation",0.527,True,12.4
2022-10-17T15:00:00-04:00,104742,"Center For Environmental Transformation",0.527,True,12.4
2022-10-17T15:10:00-04:00,104742,"Center For Environmental Transformation",0.527,True,12.2
2022-10-17T15:20:00-04:00,104742,"Center For Environmental Transformation",0.527,True,12.4
2022-10-17T15:30:00-04:00,104742,"Center For Environmental Transformation",0.527,True,12.2
2022-10-17T15:40:00-04:00,104742,"Center For Environmental Transformation",0.527,True,12.1
2022-10-17T15:50:00-04:00,104742,"Center For Environmental Transformation",0.527,True,12.0
2022-10-17T16:00:00-04:00,104742,"Center For Environmental Transformation",0.527,True,12.1
2022-10-17T16:10:00-04:00,104742,"Center For Environmental Transformation",0.527,True,12.0
2022-10-17T16:20:00-04:00,104742,"Center For Environmental Transformation",0.527,True,13.8
2022-10-17T16:30:00-04:00,104742,"Center For Environmental Transformation",0.527,True,12.7
2022-10-17T16:40:00-04:00,104742,"Center For Environmental Transformation",0.527,True,12.5
2022-10-17T16:50:00-04:00,104742,"Center For Environmental Transformation",0.527,True,13.2
2022-10-17T17:00:00-04:00,104742,"Center For Environmental Transformation",0.527,True,14.6
2022-10-17T17:10:00-04:00,104742,"Center For Environmental Transformation",0.527,True,13.6
2022-10-17T17:20:00-04:00,104742,"Center For Environmental Transformation",0.527,True,16.9
2022-10-17T17:30:00-04:00,104742,"Center For Environmental Transformation",0.527,True,17.0
2022-10-17T17:40:00-04:00,104742,"Center For Environmental Transformation",0.527,True,16.8
2022-10-17T17:50:00-04:00,104742,"Center For Environmental Transformation",0.527,True,13.0
2022-10-17T18:00:00-04:00,104742,"Center For Environmental Transformation",0.527,True,14.6
2022-10-17T18:10:00-04:00,104742,"Center For Environmental Transformation",0.527,True,14.3
2022-10-17T18:20:00-04:00,104742,"Center For Environmental Transformation",0.527,True,15.7
2022-10-17T18:30:00-04:00,104742,"Center For Environmental Transformation",0.527,True,16.3
2022-10-17T18:40:00-04:00,104742,"Center For Environmental Transformation",0.527,True,17.6
2022-10-17T18:50:00-04:00,104742,"Center For Environmental Transformation",0.527,True,19.8
2022-10-17T19:00:00-04:00,104742,"Center For Environmental Transformation",0.527,True,21.8
2022-10-17T19:10:00-04:00,104742,"Center For Environmental Transformation",0.527,True,21.9
2022-10-17T19:20:00-04:00,104742,"Center For Environmental Transformation",0.527,True,21.4
2022-10-17T19:30:00-04:00,104742,"Center For Environmental Transformation",0.527,True,23.2
2022-10-17T19:40:00-04:00,104742,"Center For Environmental Transformation",0.527,True,24.2
2022-10-17T19:50:00-04:00,104742,"Center For Environmental Transformation",0.527,True,22.9
2022-10-17T20:00:00-04:00,104742,"Center For Environmental Transformation",0.527,True,21.2
2022-10-17T20:10:00-04:00,104742,"Center For Environmental Transformation",0.527,True,21.4
2022-10-17T20:20:00-04:00,104742,"Center For Environmental Transformation",0.527,True,22.2
2022-10-17T20:30:00-04:00,104742,"Center For Environmental Transformation",0.527,True,22.7
2022-10-17T20:40:00-04:00,104742,"Center For Environmental Transformation",0.527,True,23.5
2022-10-17T20:50:00-04:00,104742,"Center For Environmental Transformation",0.527,True,25.0
2022-10-17T21:00:00-04:00,104742,"Center For Environmental Transformation",0.527,True,23.9
2022-10-17T21:10:00-04:00,104742,"Center For Environmental Transformation",0.527,True,24.7
2022-10-17T21:20:00-04:00,104742,"Center For Environmental Transformation",0.527,True,24.8
2022-10-17T21:30:00-04:00,104742,"Center For Environmental Transformation",0.527,True,25.9
2022-10-17T21:40:00-04:00,104742,"Center For Environmental Transformation",0.527,True,25.7
2022-10-17T21:50:00-04:00,104742,"Center For Environmental Transformation",0.527,True,26.2
2022-10-17T22:00:00-04:00,104742,"Center For Environmental Transformation",0.527,True,32.5
2022-10-17T22:10:00-04:00,104742,"Center For Environmental Transformation",0.527,True,22.1
2022-10-17T22:20:00-04:00,104742,"Center For Environmental Transformation",0.527,True,17.9
2022-10-17T22:30:00-04:00,104742,"Center For Environmental Transformation",0.527,True,16.8
2022-10-17T22:40:00-04:00,104742,"Center For Environmental Transformation",0.527,True,17.6
2022-10-17T22:50:00-04:00,104742,"Center For Environmental Transformation",0.527,True,15.2
2022-10-17T23:00:00-04:00,104742,"Center For Environmental Transformation",0.527,True,14.8
2022-10-17T23:10:00-04:00,104742,"Center For Environmental Transformation",0.527,True,13.8
2022-10-17T23:20:00-04:00,104742,"Center For Environmental Transformation",0.527,True,13.4
2022-10-17T23:30:00-04:00,104742,"Center For Environmental Transformation",0.527,True,12.6
2022-10-17T23:40:00-04:00,104742,"Center For Environmental Transformation",0.527,True,11.5
2022-10-17T23:50:00-04:00,104742,"Center For Environmental Transformation",0.527,True,11.7
2022-10-18T00:00:00-04:00,104742,"Center For Environmental Transformation",0.527,True,13.1
2022-10-18T00:10:00-04:00,104742,"Center For Environmental Transformation",0.527,True,13.2
2022-10-18T00:20:00-04:00,104742,"Center For Environmental Transformation",0.527,True,10.8
2022-10-18T00:30:00-04:00,104742,"Center For Environmental Transformation",0.527,True,10.4
2022-10-18T00:40:00-04:00,104742,"Center For Environmental Transformation",0.527,True,8.6
2022-10-18T00:50:00-04:00,104742,"Center For Environmental Transformation",0.527,True,8.2
2022-10-18T01:00:00-04:00,104742,"Center For Environmental Transformation",0.527,True,7.9
2022-10-18T01:10:00-04:00,104742,"Center For Environmental Transformation",0.527,True,10.1
2022-10-18T01:20:00-04:00,104742,"Center For Environmental Transformation",0.527,True,9.8
2022-10-18T01:30:00-04:00,104742,"Center For Environmental Transformation",0.527,True,10.8
2022-10-18T01:40:00-04:00,104742,"Center For Environmental Transformation",0.527,True,10.4
2022-10-18T01:50:00-04:00,104742,"Center For Environmental Transformation",0.527,True,9.6
2022-10-18T02:00:00-04:00,104742,"Center For Environmental Transformation",0.527,True,9.5
2022-10-18T02:10:00-04:00,104742,"Center For Environmental Transformation",0.527,True,11.1
2022-10-18T02:20:00-04:00,104742,"Center For Environmental Transformation",0.527,True,12.6
2022-10-18T02:30:00-04:00,104742,"Center For Environmental Transformation",0.527,True,13.8
2022-10-18T02:40:00-04:00,104742,"Center For Environmental Transformation",0.527,True,10.5
2022-10-18T02:50:00-04:00,104742,"Center For Environmental Transformation",0.527,True,8.3
2022-10-18T03:00:00-04:00,104742,"Center For Environmental Transformation",0.527,True,6.8
2022-10-18T03:10:00-04:00,104742,"Center For Environmental Transformation",0.527,True,6.8
2022-10-18T03:20:00-04:00,104742,"Center For Environmental Transformation",0.527,True,6.7
2022-10-18T03:30:00-04:00,104742,"Center For Environmental Transformation",0.527,True,5.1
2022-10-18T03:40:00-04:00,104742,"Center For Environmental Transformation",0.527,True,4.4
2022-10-18T03:50:00-04:00,104742,"Center For Environmental Transformation",0.527,True,4.1
2022-10-18T04:00:00-04:00,104742,"Center For Environmental Transformation",0.527,True,4.1
2022-10-18T04:10:00-04:00,104742,"Center For Environmental Transformation",0.527,True,5.2
2022-10-18T04:20:00-04:00,104742,"Center For Environmental Transformation",0.527,True,3.6
2022-10-18T04:30:00-04:00,104742,"Center For Environmental Transformation",0.527,True,3.3
2022-10-18T04:40:00-04:00,104742,"Center For Environmental Transformation",0.527,True,13.9
2022-10-18T04:50:00-04:00,104742,"Center For Environmental Transformation",0.527,True,3.0
2022-10-18T05:00:00-04:00,104742,"Center For Environmental Transformation",0.527,True,4.1
2022-10-18T05:10:00-04:00,104742,"Center For Environmental Transformation",0.527,True,3.0
2022-10-18T05:20:00-04:00,104742,"Center For Environmental Transformation",0.527,True,3.3
2022-10-18T05:30:00-04:00,104742,"Center For Environmental Transformation",0.527,True,3.8
2022-10-18T05:40:00-04:00,104742,"Center For Environmental Transformation",0.527,True,3.2
2022-10-18T05:50:00-04:00,104742,"Center For Environmental Transformation",0.527,True,2.9
2022-10-18T06:00:00-04:00,104742,"Center For Environmental Transformation",0.527,True,3.0
2022-10-18T06:10:00-04:00,104742,"Center For Environmental Transformation",0.527,True,2.9
2022-10-18T06:20:00-04:00,104742,"Center For Environmental Transformation",0.527,True,3.0
2022-10-18T06:30:00-04:00,104742,"Center For Environmental Transformation",0.527,True,2.4
2022-10-18T06:40:00-04:00,104742,"Center For Environmental Transformation",0.527,True,2.6
2022-10-18T06:50:00-04:00,104742,"Center For Environmental Transformation",0.527,True,2.7
2022-10-18T07:00:00-04:00,104742,"Center For Environmental Transformation",0.527,True,2.7
2022-10-18T07:10:00-04:00,104742,"Center For Environmental Transformation",0.527,True,2.6
2022-10-18T07:20:00-04:00,104742,"Center For Environmental Transformation",0.527,True,2.5
2022-10-18T07:30:00-04:00,104742,"Center For Environmental Transformation",0.527,True,2.6
2022-10-18T07:40:00-04:00,104742,"Center For Environmental Transformation",0.527,True,2.6
2022-10-18T07:50:00-04:00,104742,"Center For Environmental Transformation",0.527,True,2.5
2022-10-18T08:00:00-04:00,104742,"Center For Environmental Transformation",0.527,True,2.6
2022-10-18T08:10:00-04:00,104742,"Center For Environmental Transformation",0.527,True,2.3
2022-10-18T08:20:00-04:00,104742,"Center For Environmental Transformation",0.527,True,2.6
2022-10-18T08:30:00-04:00,104742,"Center For Environmental Transformation",0.527,True,2.6
2022-10-18T08:40:00-04:00,104742,"Center For Environmental Transformation",0.527,True,2.6
2022-10-18T08:50:00-04:00,104742,"Center For Environmental Transformation",0.527,True,2.7
2022-10-18T09:00:00-04:00,104742,"Center For Environmental Transformation",0.527,True,2.7
2022-10-18T09:10:00-04:00,104742,"Center For Environmental Transformation",0.527,True,2.4
2022-10-18T09:20:00-04:00,104742,"Center For Environmental Transformation",0.527,True,2.5
2022-10-18T09:30:00-04:00,104742,"Center For Environmental Transformation",0.527,True,2.5
2022-10-18T09:40:00-04:00,104742,"Center For Environmental Transformation",0.527,True,2.6
2022-10-18T09:50:00-04:00,104742,"Center For Environmental Transformation",0.527,True,2.4
2022-10-18T10:00:00-04:00,104742,"Center For Environmental Transformation",0.527,True,2.5
2022-10-18T10:10:00-04:00,104742,"Center For Environmental Transformation",0.527,True,2.7
2022-10-18T10:20:00-04:00,104742,"Center For Environmental Transformation",0.527,True,2.7
2022-10-18T10:30:00-04:00,104742,"Center For Environmental Transformation",0.527,True,3.1
2022-10-18T10:40:00-04:00,104742,"Center For Environmental Transformation",0.527,True,3.1
2022-10-18T10:50:00-04:00,104742,"Center For Environmental Transformation",0.527,True,3.0
2022-10-18T11:00:00-04:00,104742,"Center For Environmental Transformation",0.527,True,3.5
2022-10-18T11:10:00-04:00,104742,"Center For Environmental Transformation",0.527,True,3.7
2022-10-18T11:20:00-04:00,104742,"Center For Environmental Transformation",0.527,True,3.7
2022-10-18T11:30:00-04:00,104742,"Center For Environmental Transformation",0.527,True,3.8
2022-10-18T11:40:00-04:00,104742,"Center For Environmental Transformation",0.527,True,3.9
2022-10-18T11:50:00-04:00,104742,"Center For Environmental Transformation",0.527,True,4.1
2022-10-18T12:00:00-04:00,104742,"Center For Environmental Transformation",0.527,True,3.7
2022-10-18T12:10:00-04:00,104742,"Center For Environmental Transformation",0.527,True,4.0
2022-10-18T12:20:00-04:00,104742,"Center For Environmental Transformation",0.527,True,3.6
2022-10-18T12:30:00-04:00,104742,"Center For Environmental Transformation",0.527,True,4.0
2022-10-18T12:40:00-04:00,104742,"Center For Environmental Transformation",0.527,True,4.0
2022-10-18T12:50:00-04:00,104742,"Center For Environmental Transformation",0.527,True,3.8
2022-10-18T13:00:00-04:00,104742,"Center For Environmental Transformation",0.527,True,4.2
2022-10-18T13:10:00-04:00,104742,"Center For Environmental Transformation",0.527,True,4.0
2022-10-18T13:20:00-04:00,104742,"Center For Environmental Transformation",0.527,True,4.6
2022-10-18T13:30:00-04:00,104742,"Center For Environmental Transformation",0.527,True,4.8
2022-10-18T13:40:00-04:00,104742,"Center For Environmental Transformation",0.527,True,4.9
2022-10-18T13:50:00-04:00,104742,"Center For Environmental Transformation",0.527,True,5.5
2022-10-18T14:00:00-04:00,104742,"Center For Environmental Transformation",0.527,True,5.0
2022-10-18T14:10:00-04:00,104742,"Center For Environmental Transformation",0.527,True,5.0
2022-10-18T14:20:00-04:00,104742,"Center For Environmental Transformation",0.527,True,4.6
2022-10-18T14:30:00-04:00,104742,"Center For Environmental Transformation",0.527,True,5.2
2022-10-18T14:40:00-04:00,104742,"Center For Environmental Transformation",0.527,True,4.0
2022-10-18T14:50:00-04:00,104742,"Center For Environmental Transformation",0.527,True,3.8
2022-10-18T15:00:00-04:00,104742,"Center For Environmental Transformation",0.527,True,3.3
2022-10-18T15:10:00-04:00,104742,"Center For Environmental Transformation",0.527,True,3.7
2022-10-18T15:20:00-04:00,104742,"Center For Environmental Transformation",0.527,True,4.3
2022-10-18T15:30:00-04:00,104742,"Center For Environmental Transformation",0.527,True,4.9
2022-10-18T15:40:00-04:00,104742,"Center For Environmental Transformation",0.527,True,5.3
2022-10-18T15:50:00-04:00,104742,"Center For Environmental Transformation",0.527,True,5.2
2022-10-18T16:00:00-04:00,104742,"Center For Environmental Transformation",0.527,True,5.6
2022-10-18T16:10:00-04:00,104742,"Center For Environmental Transformation",0.527,True,6.1
2022-10-18T16:20:00-04:00,104742,"Center For Environmental Transformation",0.527,True,7.0
2022-10-18T16:30:00-04:00,104742,"Center For Environmental Transformation",0.527,True,6.1
2022-10-18T16:40:00-04:00,104742,"Center For Environmental Transformation",0.527,True,5.9
2022-10-18T16:50:00-04:00,104742,"Center For Environmental Transformation",0.527,True,6.2
2022-10-18T17:00:00-04:00,104742,"Center For Environmental Transformation",0.527,True,6.4
2022-10-18T17:10:00-04:00,104742,"Center For Environmental Transformation",0.527,True,6.3
2022-10-18T17:20:00-04:00,104742,"Center For Environmental Transformation",0.527,True,5.7
2022-10-18T17:30:00-04:00,104742,"Center For Environmental Transformation",0.527,True,5.0
2022-10-18T17:40:00-04:00,104742,"Center For Environmental Transformation",0.527,True,5.7
2022-10-18T17:50:00-04:00,104742,"Center For Environmental Transformation",0.527,True,6.4
2022-10-18T18:00:00-04:00,104742,"Center For Environmental Transformation",0.527,True,6.7
2022-10-18T18:10:00-04:00,104742,"Center For Environmental Transformation",0.527,True,5.8
2022-10-18T18:20:00-04:00,104742,"Center For Environmental Transformation",0.527,True,6.1
2022-10-18T18:30:00-04:00,104742,"Center For Environmental Transformation",0.527,True,6.0
2022-10-18T18:40:00-04:00,104742,"Center For Environmental Transformation",0.527,True,5.7
2022-10-18T18:50:00-04:00,104742,"Center For Environmental Transformation",0.527,True,5.8
2022-10-18T19:00:00-04:00,104742,"Center For Environmental Transformation",0.527,True,5.8
2022-10-18T19:10:00-04:00,104742,"Center For Environmental Transformation",0.527,True,7.4
2022-10-18T19:20:00-04:00,104742,"Center For Environmental Transformation",0.527,True,26.4
2022-10-18T19:30:00-04:00,104742,"Center For Environmental Transformation",0.527,True,59.5
2022-10-18T19:40:00-04:00,104742,"Center For Environmental Transformation",0.527,True,127.5
2022-10-18T19:50:00-04:00,104742,"Center For Environmental Transformation",0.527,True,141.7
2022-10-18T20:00:00-04:00,104742,"Center For Environmental Transformation",0.527,True,96.9
2022-10-18T20:10:00-04:00,104742,"Center For Environmental Transformation",0.527,True,11.3
2022-10-18T20:20:00-04:00,104742,"Center For Environmental Transformation",0.527,True,16.0
2022-10-18T20:30:00-04:00,104742,"Center For Environmental Transformation",0.527,True,21.4
2022-10-18T20:40:00-04:00,104742,"Center For Environmental Transformation",0.527,True,24.6
2022-10-18T20:50:00-04:00,104742,"Center For Environmental Transformation",0.527,True,72.9
2022-10-18T21:00:00-04:00,104742,"Center For Environmental Transformation",0.527,True,27.2
2022-10-18T21:10:00-04:00,104742,"Center For Environmental Transformation",0.527,True,9.4
2022-10-18T21:20:00-04:00,104742,"Center For Environmental Transformation",0.527,True,9.7
2022-10-18T21:30:00-04:00,104742,"Center For Environmental Transformation",0.527,True,9.4
2022-10-18T21:40:00-04:00,104742,"Center For Environmental Transformation",0.527,True,9.2
2022-10-18T21:50:00-04:00,104742,"Center For Environmental Transformation",0.527,True,8.9
2022-10-18T22:00:00-04:00,104742,"Center For Environmental Transformation",0.527,True,9.6
2022-10-18T22:10:00-04:00,104742,"Center For Environmental Transformation",0.527,True,10.5
2022-10-18T22:20:00-04:00,104742,"Center For Environmental Transformation",0.527,True,8.6
2022-10-18T22:30:00-04:00,104742,"Center For Environmental Transformation",0.527,True,9.5
2022-10-18T22:40:00-04:00,104742,"Center For Environmental Transformation",0.527,True,9.2
2022-10-18T22:50:00-04:00,104742,"Center For Environmental Transformation",0.527,True,8.5
2022-10-18T23:00:00-04:00,104742,"Center For Environmental Transformation",0.527,True,10.8
2022-10-18T23:10:00-04:00,104742,"Center For Environmental Transformation",0.527,True,11.1
2022-10-18T23:20:00-04:00,104742,"Center For Environmental Transformation",0.527,True,10.4
2022-10-18T23:30:00-04:00,104742,"Center For Environmental Transformation",0.527,True,9.7
2022-10-18T23:40:00-04:00,104742,"Center For Environmental Transformation",0.527,True,9.3
2022-10-18T23:50:00-04:00,104742,"Center For Environmental Transformation",0.527,True,10.1
2022-10-19T00:00:00-04:00,104742,"Center For Environmental Transformation",0.527,True,10.4
2022-10-19T00:10:00-04:00,104742,"Center For Environmental Transformation",0.527,True,10.6
2022-10-19T00:20:00-04:00,104742,"Center For Environmental Transformation",0.527,True,10.2
2022-10-19T00:30:00-04:00,104742,"Center For Environmental Transformation",0.527,True,9.2
2022-10-19T00:40:00-04:00,104742,"Center For Environmental Transformation",0.527,True,8.1
2022-10-19T00:50:00-04:00,104742,"Center For Environmental Transformation",0.527,True,7.8
2022-10-19T01:00:00-04:00,104742,"Center For Environmental Transformation",0.527,True,8.2
2022-10-19T01:10:00-04:00,104742,"Center For Environmental Transformation",0.527,True,7.9
2022-10-19T01:20:00-04:00,104742,"Center For Environmental Transformation",0.527,True,8.1
2022-10-19T01:30:00-04:00,104742,"Center For Environmental Transformation",0.527,True,8.3
2022-10-19T01:40:00-04:00,104742,"Center For Environmental Transformation",0.527,True,7.8
2022-10-19T01:50:00-04:00,104742,"Center For Environmental Transformation",0.527,True,8.0
2022-10-19T02:00:00-04:00,104742,"Center For Environmental Transformation",0.527,True,7.6
2022-10-19T02:10:00-04:00,104742,"Center For Environmental Transformation",0.527,True,6.5
2022-10-19T02:20:00-04:00,104742,"Center For Environmental Transformation",0.527,True,5.4
2022-10-19T02:30:00-04:00,104742,"Center For Environmental Transformation",0.527,True,5.7
2022-10-19T02:40:00-04:00,104742,"Center For Environmental Transformation",0.527,True,6.3
2022-10-19T02:50:00-04:00,104742,"Center For Environmental Transformation",0.527,True,6.0
2022-10-19T03:00:00-04:00,104742,"Center For Environmental Transformation",0.527,True,5.4
2022-10-19T03:10:00-04:00,104742,"Center For Environmental Transformation",0.527,True,5.8
2022-10-19T03:20:00-04:00,104742,"Center For Environmental Transformation",0.527,True,5.6
2022-10-19T03:30:00-04:00,104742,"Center For Environmental Transformation",0.527,True,5.4
2022-10-19T03:40:00-04:00,104742,"Center For Environmental Transformation",0.527,True,5.8
2022-10-19T03:50:00-04:00,104742,"Center For Environmental Transformation",0.527,True,5.6
2022-10-19T04:00:00-04:00,104742,"Center For Environmental Transformation",0.527,True,5.7
2022-10-19T04:10:00-04:00,104742,"Center For Environmental Transformation",0.527,True,6.4
2022-10-19T04:20:00-04:00,104742,"Center For Environmental Transformation",0.527,True,5.4
2022-10-19T04:30:00-04:00,104742,"Center For Environmental Transformation",0.527,True,5.3
2022-10-19T04:40:00-04:00,104742,"Center For Environmental Transformation",0.527,True,5.3
2022-10-19T04:50:00-04:00,104742,"Center For Environmental Transformation",0.527,True,5.6
2022-10-19T05:00:00-04:00,104742,"Center For Environmental Transformation",0.527,True,6.6
2022-10-19T05:10:00-04:00,104742,"Center For Environmental Transformation",0.527,True,8.0
2022-10-19T05:20:00-04:00,104742,"Center For Environmental Transformation",0.527,True,8.1
2022-10-19T05:30:00-04:00,104742,"Center For Environmental Transformation",0.527,True,8.5
2022-10-19T05:40:00-04:00,104742,"Center For Environmental Transformation",0.527,True,8.1
2022-10-19T05:50:00-04:00,104742,"Center For Environmental Transformation",0.527,True,8.1
2022-10-19T06:00:00-04:00,104742,"Center For Environmental Transformation",0.527,True,8.1
2022-10-19T06:10:00-04:00,104742,"Center For Environmental Transformation",0.527,True,7.5
2022-10-19T06:20:00-04:00,104742,"Center For Environmental Transformation",0.527,True,6.6
2022-10-19T06:30:00-04:00,104742,"Center For Environmental Transformation",0.527,True,7.1
2022-10-19T06:40:00-04:00,104742,"Center For Environmental Transformation",0.527,True,7.0
2022-10-19T06:50:00-04:00,104742,"Center For Environmental Transformation",0.527,True,7.1
2022-10-19T07:00:00-04:00,104742,"Center For Environmental Transformation",0.527,True,7.8
2022-10-19T07:10:00-04:00,104742,"Center For Environmental Transformation",0.527,True,7.8
2022-10-19T07:20:00-04:00,104742,"Center For Environmental Transformation",0.527,True,7.7
2022-10-19T07:30:00-04:00,104742,"Center For Environmental Transformation",0.527,True,7.8
2022-10-19T07:40:00-04:00,104742,"Center For Environmental Transformation",0.527,True,7.4
2022-10-19T07:50:00-04:00,104742,"Center For Environmental Transformation",0.527,True,7.1
2022-10-19T08:00:00-04:00,104742,"Center For Environmental Transformation",0.527,True,6.6
2022-10-19T08:10:00-04:00,104742,"Center For Environmental Transformation",0.527,True,6.7
2022-10-19T08:20:00-04:00,104742,"Center For Environmental Transformation",0.527,True,7.2
2022-10-19T08:30:00-04:00,104742,"Center For Environmental Transformation",0.527,True,7.1
2022-10-19T08:40:00-04:00,104742,"Center For Environmental Transformation",0.527,True,7.0
2022-10-19T08:50:00-04:00,104742,"Center For Environmental Transformation",0.527,True,6.6
2022-10-19T09:00:00-04:00,104742,"Center For Environmental Transformation",0.527,True,5.8
2022-10-19T09:10:00-04:00,104742,"Center For Environmental Transformation",0.527,True,5.1
2022-10-19T09:20:00-04:00,104742,"Center For Environmental Transformation",0.527,True,5.8
2022-10-19T09:30:00-04:00,104742,"Center For Environmental Transformation",0.527,True,5.0
2022-10-19T09:40:00-04:00,104742,"Center For Environmental Transformation",0.527,True,4.9
2022-10-19T09:50:00-04:00,104742,"Center For Environmental Transformation",0.527,True,5.3
2022-10-19T10:00:00-04:00,104742,"Center For Environmental Transformation",0.527,True,4.4
2022-10-19T10:10:00-04:00,104742,"Center For Environmental Transformation",0.527,True,3.7
2022-10-19T10:20:00-04:00,104742,"Center For Environmental Transformation",0.527,True,2.8
2022-10-19T10:30:00-04:00,104742,"Center For Environmental Transformation",0.527,True,2.1
2022-10-19T10:40:00-04:00,104742,"Center For Environmental Transformation",0.527,True,2.2
2022-10-19T10:50:00-04:00,104742,"Center For Environmental Transformation",0.527,True,2.1
2022-10-19T11:00:00-04:00,104742,"Center For Environmental Transformation",0.527,True,1.6
2022-10-19T11:10:00-04:00,104742,"Center For Environmental Transformation",0.527,True,2.0
2022-10-19T11:20:00-04:00,104742,"Center For Environmental Transformation",0.527,True,2.1
2022-10-19T11:30:00-04:00,104742,"Center For Environmental Transformation",0.527,True,2.2
2022-10-19T11:40:00-04:00,104742,"Center For Environmental Transformation",0.527,True,1.9
2022-10-19T11:50:00-04:00,104742,"Center For Environmental Transformation",0.527,True,2.1
2022-10-19T12:00:00-04:00,104742,"Center For Environmental Transformation",0.527,True,2.1
2022-10-19T12:10:00-04:00,104742,"Center For Environmental Transformation",0.527,True,2.0
2022-10-19T12:20:00-04:00,104742,"Center For Environmental Transformation",0.527,True,1.9
2022-10-19T12:30:00-04:00,104742,"Center For Environmental Transformation",0.527,True,2.2
2022-10-19T12:40:00-04:00,104742,"Center For Environmental Transformation",0.527,True,2.0
2022-10-19T12:50:00-04:00,104742,"Center For Environmental Transformation",0.527,True,2.4
2022-10-19T13:00:00-04:00,104742,"Center For Environmental Transformation",0.527,True,2.1
2022-10-19T13:10:00-04:00,104742,"Center For Environmental Transformation",0.527,True,2.6
2022-10-19T13:20:00-04:00,104742,"Center For Environmental Transformation",0.527,True,2.3
2022-10-19T13:30:00-04:00,104742,"Center For Environmental Transformation",0.527,True,2.2
2022-10-19T13:40:00-04:00,104742,"Center For Environmental Transformation",0.527,True,1.8
2022-10-19T13:50:00-04:00,104742,"Center For Environmental Transformation",0.527,True,1.8
2022-10-19T14:00:00-04:00,104742,"Center For Environmental Transformation",0.527,True,1.6
2022-10-19T14:10:00-04:00,104742,"Center For Environmental Transformation",0.527,True,1.7
2022-10-19T14:20:00-04:00,104742,"Center For Environmental Transformation",0.527,True,2.2
2022-10-19T14:30:00-04:00,104742,"Center For Environmental Transformation",0.527,True,2.0
2022-10-19T14:40:00-04:00,104742,"Center For Environmental Transformation",0.527,True,1.9
2022-10-19T14:50:00-04:00,104742,"Center For Environmental Transformation",0.527,True,2.2
2022-10-19T15:00:00-04:00,104742,"Center For Environmental Transformation",0.527,True,2.2
2022-10-19T15:10:00-04:00,104742,"Center For Environmental Transformation",0.527,True,2.1
2022-10-19T15:20:00-04:00,104742,"Center For Environmental Transformation",0.527,True,1.8
2022-10-19T15:30:00-04:00,104742,"Center For Environmental Transformation",0.527,True,1.6
2022-10-19T15:40:00-04:00,104742,"Center For Environmental Transformation",0.527,True,2.5
2022-10-19T15:50:00-04:00,104742,"Center For Environmental Transformation",0.527,True,2.4
2022-10-19T16:00:00-04:00,104742,"Center For Environmental Transformation",0.527,True,2.5
2022-10-19T16:10:00-04:00,104742,"Center For Environmental Transformation",0.527,True,2.8
2022-10-19T16:20:00-04:00,104742,"Center For Environmental Transformation",0.527,True,3.0
2022-10-19T16:30:00-04:00,104742,"Center For Environmental Transformation",0.527,True,2.3
2022-10-19T16:40:00-04:00,104742,"Center For Environmental Transformation",0.527,True,2.2
2022-10-19T16:50:00-04:00,104742,"Center For Environmental Transformation",0.527,True,2.1
2022-10-19T17:00:00-04:00,104742,"Center For Environmental Transformation",0.527,True,1.9
2022-10-19T17:10:00-04:00,104742,"Center For Environmental Transformation",0.527,True,1.4
2022-10-19T17:20:00-04:00,104742,"Center For Environmental Transformation",0.527,True,1.3
2022-10-19T17:30:00-04:00,104742,"Center For Environmental Transformation",0.527,True,1.4
2022-10-19T17:40:00-04:00,104742,"Center For Environmental Transformation",0.527,True,1.2
2022-10-19T17:50:00-04:00,104742,"Center For Environmental Transformation",0.527,True,1.5
2022-10-19T18:00:00-04:00,104742,"Center For Environmental Transformation",0.527,True,1.4
2022-10-19T18:10:00-04:00,104742,"Center For Environmental Transformation",0.527,True,1.4
2022-10-19T18:20:00-04:00,104742,"Center For Environmental Transformation",0.527,True,1.4
2022-10-19T18:30:00-04:00,104742,"Center For Environmental Transformation",0.527,True,1.1
2022-10-19T18:40:00-04:00,104742,"Center For Environmental Transformation",0.527,True,1.1
2022-10-19T18:50:00-04:00,104742,"Center For Environmental Transformation",0.527,True,0.9
2022-10-19T19:00:00-04:00,104742,"Center For Environmental Transformation",0.527,True,1.1
2022-10-19T19:10:00-04:00,104742,"Center For Environmental Transformation",0.527,True,1.2
2022-10-19T19:20:00-04:00,104742,"Center For Environmental Transformation",0.527,True,1.0
2022-10-19T19:30:00-04:00,104742,"Center For Environmental Transformation",0.527,True,1.1
2022-10-19T19:40:00-04:00,104742,"Center For Environmental Transformation",0.527,True,0.8
2022-10-19T19:50:00-04:00,104742,"Center For Environmental Transformation",0.527,True,0.9
2022-10-19T20:00:00-04:00,104742,"Center For Environmental Transformation",0.527,True,0.8
2022-10-19T20:10:00-04:00,104742,"Center For Environmental Transformation",0.527,True,0.5
2022-10-19T20:20:00-04:00,104742,"Center For Environmental Transformation",0.527,True,0.6
2022-10-19T20:30:00-04:00,104742,"Center For Environmental Transformation",0.527,True,0.8
2022-10-19T20:40:00-04:00,104742,"Center For Environmental Transformation",0.527,True,0.9
2022-10-19T20:50:00-04:00,104742,"Center For Environmental Transformation",0.527,True,0.9
2022-10-19T21:00:00-04:00,104742,"Center For Environmental Transformation",0.527,True,1.1
2022-10-19T21:10:00-04:00,104742,"Center For Environmental Transformation",0.527,True,0.9
2022-10-19T21:20:00-04:00,104742,"Center For Environmental Transformation",0.527,True,0.9
2022-10-19T21:30:00-04:00,104742,"Center For Environmental Transformation",0.527,True,0.8
2022-10-19T21:40:00-04:00,104742,"Center For Environmental Transformation",0.527,True,0.8
2022-10-19T21:50:00-04:00,104742,"Center For Environmental Transformation",0.527,True,0.9
2022-10-19T22:00:00-04:00,104742,"Center For Environmental Transformation",0.527,True,1.0
2022-10-19T22:10:00-04:00,104742,"Center For Environmental Transformation",0.527,True,0.9
2022-10-19T22:20:00-04:00,104742,"Center For Environmental Transformation",0.527,True,1.0
2022-10-19T22:30:00-04:00,104742,"Center For Environmental Transformation",0.527,True,1.1
2022-10-19T22:40:00-04:00,104742,"Center For Environmental Transformation",0.527,True,1.3
2022-10-19T22:50:00-04:00,104742,"Center For Environmental Transformation",0.527,True,1.1
2022-10-19T23:00:00-04:00,104742,"Center For Environmental Transformation",0.527,True,1.2
2022-10-19T23:10:00-04:00,104742,"Center For Environmental Transformation",0.527,True,1.5
2022-10-19T23:20:00-04:00,104742,"Center For Environmental Transformation",0.527,True,1.5
2022-10-19T23:30:00-04:00,104742,"Center For Environmental Transformation",0.527,True,1.5
2022-10-19T23:40:00-04:00,104742,"Center For Environmental Transformation",0.527,True,1.5
2022-10-19T23:50:00-04:00,104742,"Center For Environmental Transformation",0.527,True,1.6
2022-10-20T00:00:00-04:00,104742,"Center For Environmental Transformation",0.527,True,1.9
2022-10-20T00:10:00-04:00,104742,"Center For Environmental Transformation",0.527,True,1.6
2022-10-20T00:20:00-04:00,104742,"Center For Environmental Transformation",0.527,True,1.5
2022-10-20T00:30:00-04:00,104742,"Center For Environmental Transformation",0.527,True,1.6
2022-10-20T00:40:00-04:00,104742,"Center For Environmental Transformation",0.527,True,1.5
2022-10-20T00:50:00-04:00,104742,"Center For Environmental Transformation",0.527,True,1.7
2022-10-20T01:00:00-04:00,104742,"Center For Environmental Transformation",0.527,True,1.9
2022-10-20T01:10:00-04:00,104742,"Center For Environmental Transformation",0.527,True,2.1
2022-10-20T01:20:00-04:00,104742,"Center For Environmental Transformation",0.527,True,2.0
2022-10-20T01:30:00-04:00,104742,"Center For Environmental Transformation",0.527,True,1.9
2022-10-20T01:40:00-04:00,104742,"Center For Environmental Transformation",0.527,True,1.9
2022-10-20T01:50:00-04:00,104742,"Center For Environmental Transformation",0.527,True,2.3
2022-10-20T02:00:00-04:00,104742,"Center For Environmental Transformation",0.527,True,2.5
2022-10-20T02:10:00-04:00,104742,"Center For Environmental Transformation",0.527,True,2.7
2022-10-20T02:20:00-04:00,104742,"Center For Environmental Transformation",0.527,True,2.5
2022-10-20T02:30:00-04:00,104742,"Center For Environmental Transformation",0.527,True,3.6
2022-10-20T02:40:00-04:00,104742,"Center For Environmental Transformation",0.527,True,4.6
2022-10-20T02:50:00-04:00,104742,"Center For Environmental Transformation",0.527,True,3.6
2022-10-20T03:00:00-04:00,104742,"Center For Environmental Transformation",0.527,True,3.9
2022-10-20T03:10:00-04:00,104742,"Center For Environmental Transformation",0.527,True,3.7
2022-10-20T03:20:00-04:00,104742,"Center For Environmental Transformation",0.527,True,4.2
2022-10-20T03:30:00-04:00,104742,"Center For Environmental Transformation",0.527,True,4.5
2022-10-20T03:40:00-04:00,104742,"Center For Environmental Transformation",0.527,True,4.2
2022-10-20T03:50:00-04:00,104742,"Center For Environmental Transformation",0.527,True,5.3
2022-10-20T04:00:00-04:00,104742,"Center For Environmental Transformation",0.527,True,5.4
2022-10-20T04:10:00-04:00,104742,"Center For Environmental Transformation",0.527,True,5.8
2022-10-20T04:20:00-04:00,104742,"Center For Environmental Transformation",0.527,True,5.4
2022-10-20T04:30:00-04:00,104742,"Center For Environmental Transformation",0.527,True,5.8
2022-10-20T04:40:00-04:00,104742,"Center For Environmental Transformation",0.527,True,6.1
2022-10-20T04:50:00-04:00,104742,"Center For Environmental Transformation",0.527,True,6.5
2022-10-20T05:00:00-04:00,104742,"Center For Environmental Transformation",0.527,True,5.6
2022-10-20T05:10:00-04:00,104742,"Center For Environmental Transformation",0.527,True,5.6
2022-10-20T05:20:00-04:00,104742,"Center For Environmental Transformation",0.527,True,5.5
2022-10-20T05:30:00-04:00,104742,"Center For Environmental Transformation",0.527,True,6.4
2022-10-20T05:40:00-04:00,104742,"Center For Environmental Transformation",0.527,True,7.1
2022-10-20T05:50:00-04:00,104742,"Center For Environmental Transformation",0.527,True,6.1
2022-10-20T06:00:00-04:00,104742,"Center For Environmental Transformation",0.527,True,6.6
2022-10-20T06:10:00-04:00,104742,"Center For Environmental Transformation",0.527,True,7.7
2022-10-20T06:20:00-04:00,104742,"Center For Environmental Transformation",0.527,True,8.8
2022-10-20T06:30:00-04:00,104742,"Center For Environmental Transformation",0.527,True,9.8
2022-10-20T06:40:00-04:00,104742,"Center For Environmental Transformation",0.527,True,11.1
2022-10-20T06:50:00-04:00,104742,"Center For Environmental Transformation",0.527,True,9.6
2022-10-20T07:00:00-04:00,104742,"Center For Environmental Transformation",0.527,True,8.6
2022-10-20T07:10:00-04:00,104742,"Center For Environmental Transformation",0.527,True,10.8
2022-10-20T07:20:00-04:00,104742,"Center For Environmental Transformation",0.527,True,11.7
2022-10-20T07:30:00-04:00,104742,"Center For Environmental Transformation",0.527,True,10.4
2022-10-20T07:40:00-04:00,104742,"Center For Environmental Transformation",0.527,True,9.4
2022-10-20T07:50:00-04:00,104742,"Center For Environmental Transformation",0.527,True,9.4
2022-10-20T08:00:00-04:00,104742,"Center For Environmental Transformation",0.527,True,9.6
2022-10-20T08:10:00-04:00,104742,"Center For Environmental Transformation",0.527,True,9.8
2022-10-20T08:20:00-04:00,104742,"Center For Environmental Transformation",0.527,True,9.9
2022-10-20T08:30:00-04:00,104742,"Center For Environmental Transformation",0.527,True,9.1
2022-10-20T08:40:00-04:00,104742,"Center For Environmental Transformation",0.527,True,8.6
2022-10-20T08:50:00-04:00,104742,"Center For Environmental Transformation",0.527,True,8.7
2022-10-20T09:00:00-04:00,104742,"Center For Environmental Transformation",0.527,True,7.8
2022-10-20T09:10:00-04:00,104742,"Center For Environmental Transformation",0.527,True,7.5
2022-10-20T09:20:00-04:00,104742,"Center For Environmental Transformation",0.527,True,7.2
2022-10-20T09:30:00-04:00,104742,"Center For Environmental Transformation",0.527,True,6.9
2022-10-20T09:40:00-04:00,104742,"Center For Environmental Transformation",0.527,True,5.7
2022-10-20T09:50:00-04:00,104742,"Center For Environmental Transformation",0.527,True,5.1
2022-10-20T10:00:00-04:00,104742,"Center For Environmental Transformation",0.527,True,4.3
2022-10-20T10:10:00-04:00,104742,"Center For Environmental Transformation",0.527,True,3.8
2022-10-20T10:20:00-04:00,104742,"Center For Environmental Transformation",0.527,True,3.4
2022-10-20T10:30:00-04:00,104742,"Center For Environmental Transformation",0.527,True,3.9
2022-10-20T10:40:00-04:00,104742,"Center For Environmental Transformation",0.527,True,4.0
2022-10-20T10:50:00-04:00,104742,"Center For Environmental Transformation",0.527,True,3.4
2022-10-20T11:00:00-04:00,104742,"Center For Environmental Transformation",0.527,True,3.4
2022-10-20T11:10:00-04:00,104742,"Center For Environmental Transformation",0.527,True,3.9
2022-10-20T11:20:00-04:00,104742,"Center For Environmental Transformation",0.527,True,3.6
2022-10-20T11:30:00-04:00,104742,"Center For Environmental Transformation",0.527,True,3.5
2022-10-20T11:40:00-04:00,104742,"Center For Environmental Transformation",0.527,True,3.1
2022-10-20T11:50:00-04:00,104742,"Center For Environmental Transformation",0.527,True,3.2
2022-10-20T12:00:00-04:00,104742,"Center For Environmental Transformation",0.527,True,3.3
2022-10-20T12:10:00-04:00,104742,"Center For Environmental Transformation",0.527,True,3.5
2022-10-20T12:20:00-04:00,104742,"Center For Environmental Transformation",0.527,True,3.2
2022-10-20T12:30:00-04:00,104742,"Center For Environmental Transformation",0.527,True,3.1
2022-10-20T12:40:00-04:00,104742,"Center For Environmental Transformation",0.527,True,3.0
2022-10-20T12:50:00-04:00,104742,"Center For Environmental Transformation",0.527,True,3.1
2022-10-20T13:00:00-04:00,104742,"Center For Environmental Transformation",0.527,True,3.1
2022-10-20T13:10:00-04:00,104742,"Center For Environmental Transformation",0.527,True,3.3
2022-10-20T13:20:00-04:00,104742,"Center For Environmental Transformation",0.527,True,3.3
2022-10-20T13:30:00-04:00,104742,"Center For Environmental Transformation",0.527,True,3.8
2022-10-20T13:40:00-04:00,104742,"Center For Environmental Transformation",0.527,True,3.5
2022-10-20T13:50:00-04:00,104742,"Center For Environmental Transformation",0.527,True,3.0
2022-10-20T14:00:00-04:00,104742,"Center For Environmental Transformation",0.527,True,3.0
2022-10-20T14:10:00-04:00,104742,"Center For Environmental Transformation",0.527,True,2.8
2022-10-20T14:20:00-04:00,104742,"Center For Environmental Transformation",0.527,True,3.1
2022-10-20T14:30:00-04:00,104742,"Center For Environmental Transformation",0.527,True,2.9
2022-10-20T14:40:00-04:00,104742,"Center For Environmental Transformation",0.527,True,3.1
2022-10-20T14:50:00-04:00,104742,"Center For Environmental Transformation",0.527,True,2.8
2022-10-20T15:00:00-04:00,104742,"Center For Environmental Transformation",0.527,True,2.9
2022-10-20T15:10:00-04:00,104742,"Center For Environmental Transformation",0.527,True,2.8
2022-10-20T15:20:00-04:00,104742,"Center For Environmental Transformation",0.527,True,3.3
2022-10-20T15:30:00-04:00,104742,"Center For Environmental Transformation",0.527,True,2.9
2022-10-20T15:40:00-04:00,104742,"Center For Environmental Transformation",0.527,True,3.3
2022-10-20T15:50:00-04:00,104742,"Center For Environmental Transformation",0.527,True,2.9
2022-10-20T16:00:00-04:00,104742,"Center For Environmental Transformation",0.527,True,3.0
2022-10-20T16:10:00-04:00,104742,"Center For Environmental Transformation",0.527,True,2.9
2022-10-20T16:20:00-04:00,104742,"Center For Environmental Transformation",0.527,True,2.6
2022-10-20T16:30:00-04:00,104742,"Center For Environmental Transformation",0.527,True,2.7
2022-10-20T16:40:00-04:00,104742,"Center For Environmental Transformation",0.527,True,3.1
2022-10-20T16:50:00-04:00,104742,"Center For Environmental Transformation",0.527,True,3.1
2022-10-20T17:00:00-04:00,104742,"Center For Environmental Transformation",0.527,True,3.2
2022-10-20T17:10:00-04:00,104742,"Center For Environmental Transformation",0.527,True,2.8
2022-10-20T17:20:00-04:00,104742,"Center For Environmental Transformation",0.527,True,2.7
2022-10-20T17:30:00-04:00,104742,"Center For Environmental Transformation",0.527,True,2.8
2022-10-20T17:40:00-04:00,104742,"Center For Environmental Transformation",0.527,True,2.8
2022-10-20T17:50:00-04:00,104742,"Center For Environmental Transformation",0.527,True,3.0
2022-10-20T18:00:00-04:00,104742,"Center For Environmental Transformation",0.527,True,3.1
2022-10-20T18:10:00-04:00,104742,"Center For Environmental Transformation",0.527,True,3.3
2022-10-20T18:20:00-04:00,104742,"Center For Environmental Transformation",0.527,True,3.3
2022-10-20T18:30:00-04:00,104742,"Center For Environmental Transformation",0.527,True,3.2
2022-10-20T18:40:00-04:00,104742,"Center For Environmental Transformation",0.527,True,3.1
2022-10-20T18:50:00-04:00,104742,"Center For Environmental Transformation",0.527,True,3.2
2022-10-20T19:00:00-04:00,104742,"Center For Environmental Transformation",0.527,True,3.4
2022-10-20T19:10:00-04:00,104742,"Center For Environmental Transformation",0.527,True,3.9
2022-10-20T19:20:00-04:00,104742,"Center For Environmental Transformation",0.527,True,5.9
2022-10-20T19:30:00-04:00,104742,"Center For Environmental Transformation",0.527,True,6.2
2022-10-20T19:40:00-04:00,104742,"Center For Environmental Transformation",0.527,True,5.3
2022-10-20T19:50:00-04:00,104742,"Center For Environmental Transformation",0.527,True,4.7
2022-10-20T20:00:00-04:00,104742,"Center For Environmental Transformation",0.527,True,4.5
2022-10-20T20:10:00-04:00,104742,"Center For Environmental Transformation",0.527,True,4.9
2022-10-20T20:20:00-04:00,104742,"Center For Environmental Transformation",0.527,True,5.1
2022-10-20T20:30:00-04:00,104742,"Center For Environmental Transformation",0.527,True,5.0
2022-10-20T20:40:00-04:00,104742,"Center For Environmental Transformation",0.527,True,5.4
2022-10-20T20:50:00-04:00,104742,"Center For Environmental Transformation",0.527,True,6.5
2022-10-20T21:00:00-04:00,104742,"Center For Environmental Transformation",0.527,True,6.9
2022-10-20T21:10:00-04:00,104742,"Center For Environmental Transformation",0.527,True,6.8
2022-10-20T21:20:00-04:00,104742,"Center For Environmental Transformation",0.527,True,5.8
2022-10-20T21:30:00-04:00,104742,"Center For Environmental Transformation",0.527,True,5.6
2022-10-20T21:40:00-04:00,104742,"Center For Environmental Transformation",0.527,True,5.8
2022-10-20T21:50:00-04:00,104742,"Center For Environmental Transformation",0.527,True,6.2
2022-10-20T22:00:00-04:00,104742,"Center For Environmental Transformation",0.527,True,6.0
2022-10-20T22:10:00-04:00,104742,"Center For Environmental Transformation",0.527,True,5.8
2022-10-20T22:20:00-04:00,104742,"Center For Environmental Transformation",0.527,True,6.3
2022-10-20T22:30:00-04:00,104742,"Center For Environmental Transformation",0.527,True,6.6
2022-10-20T22:40:00-04:00,104742,"Center For Environmental Transformation",0.527,True,6.8
2022-10-20T22:50:00-04:00,104742,"Center For Environmental Transformation",0.527,True,7.1
2022-10-20T23:00:00-04:00,104742,"Center For Environmental Transformation",0.527,True,7.6
2022-10-20T23:10:00-04:00,104742,"Center For Environmental Transformation",0.527,True,7.7
2022-10-20T23:20:00-04:00,104742,"Center For Environmental Transformation",0.527,True,8.1
2022-10-20T23:30:00-04:00,104742,"Center For Environmental Transformation",0.527,True,8.4
2022-10-20T23:40:00-04:00,104742,"Center For Environmental Transformation",0.527,True,8.2
2022-10-20T23:50:00-04:00,104742,"Center For Environmental Transformation",0.527,True,8.2
2022-10-21T00:00:00-04:00,104742,"Center For Environmental Transformation",0.527,True,8.0
2022-10-21T00:10:00-04:00,104742,"Center For Environmental Transformation",0.527,True,7.9
2022-10-21T00:20:00-04:00,104742,"Center For Environmental Transformation",0.527,True,8.1
2022-10-21T00:30:00-04:00,104742,"Center For Environmental Transformation",0.527,True,8.1
2022-10-21T00:40:00-04:00,104742,"Center For Environmental Transformation",0.527,True,8.2
2022-10-21T00:50:00-04:00,104742,"Center For Environmental Transformation",0.527,True,8.0
2022-10-21T01:00:00-04:00,104742,"Center For Environmental Transformation",0.527,True,9.1
2022-10-21T01:10:00-04:00,104742,"Center For Environmental Transformation",0.527,True,34.0
2022-10-21T01:20:00-04:00,104742,"Center For Environmental Transformation",0.527,True,17.8
2022-10-21T02:10:00-04:00,104742,"Center For Environmental Transformation",0.527,True,9.4
2022-10-21T02:20:00-04:00,104742,"Center For Environmental Transformation",0.527,True,9.4
2022-10-21T02:30:00-04:00,104742,"Center For Environmental Transformation",0.527,True,8.6
2022-10-21T02:40:00-04:00,104742,"Center For Environmental Transformation",0.527,True,9.2
2022-10-21T02:50:00-04:00,104742,"Center For Environmental Transformation",0.527,True,8.9
2022-10-21T03:00:00-04:00,104742,"Center For Environmental Transformation",0.527,True,9.2
2022-10-21T03:10:00-04:00,104742,"Center For Environmental Transformation",0.527,True,9.6
2022-10-21T03:20:00-04:00,104742,"Center For Environmental Transformation",0.527,True,10.3
2022-10-21T03:30:00-04:00,104742,"Center For Environmental Transformation",0.527,True,11.7
2022-10-21T03:40:00-04:00,104742,"Center For Environmental Transformation",0.527,True,11.5
2022-10-21T03:50:00-04:00,104742,"Center For Environmental Transformation",0.527,True,11.2
2022-10-21T04:00:00-04:00,104742,"Center For Environmental Transformation",0.527,True,11.5
2022-10-21T04:10:00-04:00,104742,"Center For Environmental Transformation",0.527,True,13.1
2022-10-21T04:20:00-04:00,104742,"Center For Environmental Transformation",0.527,True,12.5
2022-10-21T04:30:00-04:00,104742,"Center For Environmental Transformation",0.527,True,11.5
2022-10-21T04:40:00-04:00,104742,"Center For Environmental Transformation",0.527,True,11.2
2022-10-21T04:50:00-04:00,104742,"Center For Environmental Transformation",0.527,True,11.3
2022-10-21T05:00:00-04:00,104742,"Center For Environmental Transformation",0.527,True,11.4
2022-10-21T05:10:00-04:00,104742,"Center For Environmental Transformation",0.527,True,14.3
2022-10-21T05:20:00-04:00,104742,"Center For Environmental Transformation",0.527,True,14.7
2022-10-21T05:30:00-04:00,104742,"Center For Environmental Transformation",0.527,True,13.5
2022-10-21T05:40:00-04:00,104742,"Center For Environmental Transformation",0.527,True,14.0
2022-10-21T05:50:00-04:00,104742,"Center For Environmental Transformation",0.527,True,14.5
2022-10-21T06:00:00-04:00,104742,"Center For Environmental Transformation",0.527,True,14.2
2022-10-21T06:10:00-04:00,104742,"Center For Environmental Transformation",0.527,True,14.6
2022-10-21T06:20:00-04:00,104742,"Center For Environmental Transformation",0.527,True,14.9
2022-10-21T06:30:00-04:00,104742,"Center For Environmental Transformation",0.527,True,15.8
2022-10-21T06:40:00-04:00,104742,"Center For Environmental Transformation",0.527,True,15.4
2022-10-21T06:50:00-04:00,104742,"Center For Environmental Transformation",0.527,True,16.2
2022-10-21T07:00:00-04:00,104742,"Center For Environmental Transformation",0.527,True,15.8
2022-10-21T07:10:00-04:00,104742,"Center For Environmental Transformation",0.527,True,17.7
2022-10-21T07:20:00-04:00,104742,"Center For Environmental Transformation",0.527,True,19.7
2022-10-21T07:30:00-04:00,104742,"Center For Environmental Transformation",0.527,True,21.2
2022-10-21T07:40:00-04:00,104742,"Center For Environmental Transformation",0.527,True,36.1
2022-10-21T07:50:00-04:00,104742,"Center For Environmental Transformation",0.527,True,44.7
2022-10-21T08:00:00-04:00,104742,"Center For Environmental Transformation",0.527,True,34.1
2022-10-21T08:10:00-04:00,104742,"Center For Environmental Transformation",0.527,True,24.1
2022-10-21T08:20:00-04:00,104742,"Center For Environmental Transformation",0.527,True,24.6
2022-10-21T08:30:00-04:00,104742,"Center For Environmental Transformation",0.527,True,24.4
2022-10-21T08:40:00-04:00,104742,"Center For Environmental Transformation",0.527,True,22.1
2022-10-21T08:50:00-04:00,104742,"Center For Environmental Transformation",0.527,True,27.3
2022-10-21T09:00:00-04:00,104742,"Center For Environmental Transformation",0.527,True,31.7
2022-10-21T09:10:00-04:00,104742,"Center For Environmental Transformation",0.527,True,29.3
2022-10-21T09:20:00-04:00,104742,"Center For Environmental Transformation",0.527,True,29.1
2022-10-21T09:30:00-04:00,104742,"Center For Environmental Transformation",0.527,True,34.8
2022-10-21T09:40:00-04:00,104742,"Center For Environmental Transformation",0.527,True,36.1
2022-10-21T09:50:00-04:00,104742,"Center For Environmental Transformation",0.527,True,33.8
2022-10-21T10:00:00-04:00,104742,"Center For Environmental Transformation",0.527,True,32.8
2022-10-21T10:10:00-04:00,104742,"Center For Environmental Transformation",0.527,True,33.6
2022-10-21T10:20:00-04:00,104742,"Center For Environmental Transformation",0.527,True,35.2
2022-10-21T10:30:00-04:00,104742,"Center For Environmental Transformation",0.527,True,36.0
2022-10-21T10:40:00-04:00,104742,"Center For Environmental Transformation",0.527,True,34.6
2022-10-21T10:50:00-04:00,104742,"Center For Environmental Transformation",0.527,True,33.1
2022-10-21T11:00:00-04:00,104742,"Center For Environmental Transformation",0.527,True,36.4
2022-10-21T11:10:00-04:00,104742,"Center For Environmental Transformation",0.527,True,44.3
2022-10-21T11:20:00-04:00,104742,"Center For Environmental Transformation",0.527,True,27.1
2022-10-21T11:30:00-04:00,104742,"Center For Environmental Transformation",0.527,True,25.4
2022-10-21T11:40:00-04:00,104742,"Center For Environmental Transformation",0.527,True,23.7
2022-10-21T11:50:00-04:00,104742,"Center For Environmental Transformation",0.527,True,9.5
2022-10-21T12:00:00-04:00,104742,"Center For Environmental Transformation",0.527,True,6.5
2022-10-21T12:10:00-04:00,104742,"Center For Environmental Transformation",0.527,True,8.3
2022-10-21T12:20:00-04:00,104742,"Center For Environmental Transformation",0.527,True,11.0
2022-10-21T12:30:00-04:00,104742,"Center For Environmental Transformation",0.527,True,12.7
2022-10-21T12:40:00-04:00,104742,"Center For Environmental Transformation",0.527,True,10.1
2022-10-21T12:50:00-04:00,104742,"Center For Environmental Transformation",0.527,True,7.1
2022-10-21T13:00:00-04:00,104742,"Center For Environmental Transformation",0.527,True,7.9
2022-10-21T13:10:00-04:00,104742,"Center For Environmental Transformation",0.527,True,8.3
2022-10-21T13:20:00-04:00,104742,"Center For Environmental Transformation",0.527,True,9.3
2022-10-21T13:30:00-04:00,104742,"Center For Environmental Transformation",0.527,True,7.7
2022-10-21T13:40:00-04:00,104742,"Center For Environmental Transformation",0.527,True,7.4
2022-10-21T13:50:00-04:00,104742,"Center For Environmental Transformation",0.527,True,6.8
2022-10-21T14:00:00-04:00,104742,"Center For Environmental Transformation",0.527,True,6.5
2022-10-21T14:10:00-04:00,104742,"Center For Environmental Transformation",0.527,True,6.1
2022-10-21T14:20:00-04:00,104742,"Center For Environmental Transformation",0.527,True,6.0
2022-10-21T14:30:00-04:00,104742,"Center For Environmental Transformation",0.527,True,6.9
2022-10-21T14:40:00-04:00,104742,"Center For Environmental Transformation",0.527,True,5.3
2022-10-21T14:50:00-04:00,104742,"Center For Environmental Transformation",0.527,True,5.1
2022-10-21T15:00:00-04:00,104742,"Center For Environmental Transformation",0.527,True,5.2
2022-10-21T15:10:00-04:00,104742,"Center For Environmental Transformation",0.527,True,5.2
2022-10-21T15:20:00-04:00,104742,"Center For Environmental Transformation",0.527,True,5.0
2022-10-21T15:30:00-04:00,104742,"Center For Environmental Transformation",0.527,True,4.9
2022-10-21T15:40:00-04:00,104742,"Center For Environmental Transformation",0.527,True,5.0
2022-10-21T15:50:00-04:00,104742,"Center For Environmental Transformation",0.527,True,4.3
2022-10-21T16:00:00-04:00,104742,"Center For Environmental Transformation",0.527,True,4.1
2022-10-21T16:10:00-04:00,104742,"Center For Environmental Transformation",0.527,True,4.0
2022-10-21T16:20:00-04:00,104742,"Center For Environmental Transformation",0.527,True,4.0
2022-10-21T16:30:00-04:00,104742,"Center For Environmental Transformation",0.527,True,3.8
2022-10-21T16:40:00-04:00,104742,"Center For Environmental Transformation",0.527,True,3.7
2022-10-21T16:50:00-04:00,104742,"Center For Environmental Transformation",0.527,True,3.8
2022-10-21T17:00:00-04:00,104742,"Center For Environmental Transformation",0.527,True,4.0
2022-10-21T17:10:00-04:00,104742,"Center For Environmental Transformation",0.527,True,3.8
2022-10-21T17:20:00-04:00,104742,"Center For Environmental Transformation",0.527,True,3.9
2022-10-21T17:30:00-04:00,104742,"Center For Environmental Transformation",0.527,True,3.8
2022-10-21T17:40:00-04:00,104742,"Center For Environmental Transformation",0.527,True,4.0
2022-10-21T17:50:00-04:00,104742,"Center For Environmental Transformation",0.527,True,4.2
2022-10-21T18:00:00-04:00,104742,"Center For Environmental Transformation",0.527,True,4.2
2022-10-21T18:10:00-04:00,104742,"Center For Environmental Transformation",0.527,True,4.5
2022-10-21T18:20:00-04:00,104742,"Center For Environmental Transformation",0.527,True,4.6
2022-10-21T18:30:00-04:00,104742,"Center For Environmental Transformation",0.527,True,5.3
2022-10-21T18:40:00-04:00,104742,"Center For Environmental Transformation",0.527,True,5.5
2022-10-21T18:50:00-04:00,104742,"Center For Environmental Transformation",0.527,True,5.4
2022-10-21T19:00:00-04:00,104742,"Center For Environmental Transformation",0.527,True,6.2
2022-10-21T19:10:00-04:00,104742,"Center For Environmental Transformation",0.527,True,7.2
2022-10-21T19:20:00-04:00,104742,"Center For Environmental Transformation",0.527,True,7.6
2022-10-21T19:30:00-04:00,104742,"Center For Environmental Transformation",0.527,True,7.7
2022-10-21T19:40:00-04:00,104742,"Center For Environmental Transformation",0.527,True,9.2
2022-10-21T19:50:00-04:00,104742,"Center For Environmental Transformation",0.527,True,13.5
2022-10-21T20:00:00-04:00,104742,"Center For Environmental Transformation",0.527,True,12.2
2022-10-21T20:10:00-04:00,104742,"Center For Environmental Transformation",0.527,True,11.1
2022-10-21T20:20:00-04:00,104742,"Center For Environmental Transformation",0.527,True,10.6
2022-10-21T20:30:00-04:00,104742,"Center For Environmental Transformation",0.527,True,10.4
2022-10-21T20:40:00-04:00,104742,"Center For Environmental Transformation",0.527,True,11.0
2022-10-21T20:50:00-04:00,104742,"Center For Environmental Transformation",0.527,True,11.0
2022-10-21T21:00:00-04:00,104742,"Center For Environmental Transformation",0.527,True,11.4
2022-10-21T21:10:00-04:00,104742,"Center For Environmental Transformation",0.527,True,11.8
2022-10-21T21:20:00-04:00,104742,"Center For Environmental Transformation",0.527,True,12.7
2022-10-21T21:30:00-04:00,104742,"Center For Environmental Transformation",0.527,True,12.9
2022-10-21T21:40:00-04:00,104742,"Center For Environmental Transformation",0.527,True,12.9
2022-10-21T21:50:00-04:00,104742,"Center For Environmental Transformation",0.527,True,14.0
2022-10-21T22:00:00-04:00,104742,"Center For Environmental Transformation",0.527,True,16.6
2022-10-21T22:10:00-04:00,104742,"Center For Environmental Transformation",0.527,True,16.7
2022-10-21T22:20:00-04:00,104742,"Center For Environmental Transformation",0.527,True,17.8
2022-10-21T22:30:00-04:00,104742,"Center For Environmental Transformation",0.527,True,17.4
2022-10-21T22:40:00-04:00,104742,"Center For Environmental Transformation",0.527,True,15.1
2022-10-21T22:50:00-04:00,104742,"Center For Environmental Transformation",0.527,True,15.8
2022-10-21T23:00:00-04:00,104742,"Center For Environmental Transformation",0.527,True,16.7
2022-10-21T23:10:00-04:00,104742,"Center For Environmental Transformation",0.527,True,18.3
2022-10-21T23:20:00-04:00,104742,"Center For Environmental Transformation",0.527,True,20.3
2022-10-21T23:30:00-04:00,104742,"Center For Environmental Transformation",0.527,True,20.5
2022-10-21T23:40:00-04:00,104742,"Center For Environmental Transformation",0.527,True,20.1
2022-10-21T23:50:00-04:00,104742,"Center For Environmental Transformation",0.527,True,20.4
2022-10-15T00:00:00-04:00,120339,"Cooper Plaza",1.125,True,23.1
2022-10-15T00:10:00-04:00,120339,"Cooper Plaza",1.125,True,24.3
2022-10-15T00:20:00-04:00,120339,"Cooper Plaza",1.125,True,25.6
2022-10-15T00:30:00-04:00,120339,"Cooper Plaza",1.125,True,26.1
2022-10-15T00:40:00-04:00,120339,"Cooper Plaza",1.125,True,28.0
2022-10-15T00:50:00-04:00,120339,"Cooper Plaza",1.125,True,29.5
2022-10-15T01:00:00-04:00,120339,"Cooper Plaza",1.125,True,30.2
2022-10-15T01:10:00-04:00,120339,"Cooper Plaza",1.125,True,30.6
2022-10-15T01:20:00-04:00,120339,"Cooper Plaza",1.125,True,32.0
2022-10-15T01:30:00-04:00,120339,"Cooper Plaza",1.125,True,32.1
2022-10-15T01:40:00-04:00,120339,"Cooper Plaza",1.125,True,32.3
2022-10-15T01:50:00-04:00,120339,"Cooper Plaza",1.125,True,29.0
2022-10-15T02:00:00-04:00,120339,"Cooper Plaza",1.125,True,27.7
2022-10-15T02:10:00-04:00,120339,"Cooper Plaza",1.125,True,26.2
2022-10-15T02:20:00-04:00,120339,"Cooper Plaza",1.125,True,24.4
2022-10-15T02:30:00-04:00,120339,"Cooper Plaza",1.125,True,23.5
2022-10-15T02:40:00-04:00,120339,"Cooper Plaza",1.125,True,24.6
2022-10-15T02:50:00-04:00,120339,"Cooper Plaza",1.125,True,26.1
2022-10-15T03:00:00-04:00,120339,"Cooper Plaza",1.125,True,27.8
2022-10-15T03:20:00-04:00,120339,"Cooper Plaza",1.125,True,29.1
2022-10-15T03:30:00-04:00,120339,"Cooper Plaza",1.125,True,29.2
2022-10-15T03:40:00-04:00,120339,"Cooper Plaza",1.125,True,28.9
2022-10-15T03:50:00-04:00,120339,"Cooper Plaza",1.125,True,29.0
2022-10-15T04:00:00-04:00,120339,"Cooper Plaza",1.125,True,28.5
2022-10-15T04:10:00-04:00,120339,"Cooper Plaza",1.125,True,28.7
2022-10-15T04:20:00-04:00,120339,"Cooper Plaza",1.125,True,28.9
2022-10-15T04:30:00-04:00,120339,"Cooper Plaza",1.125,True,29.0
2022-10-15T04:40:00-04:00,120339,"Cooper Plaza",1.125,True,29.3
2022-10-15T04:50:00-04:00,120339,"Cooper Plaza",1.125,True,29.4
2022-10-15T05:00:00-04:00,120339,"Cooper Plaza",1.125,True,29.4
2022-10-15T05:10:00-04:00,120339,"Cooper Plaza",1.125,True,28.8
2022-10-15T05:20:00-04:00,120339,"Cooper Plaza",1.125,True,29.1
2022-10-15T05:30:00-04:00,120339,"Cooper Plaza",1.125,True,29.7
2022-10-15T05:40:00-04:00,120339,"Cooper Plaza",1.125,True,28.7
2022-10-15T05:50:00-04:00,120339,"Cooper Plaza",1.125,True,28.7
2022-10-15T06:00:00-04:00,120339,"Cooper Plaza",1.125,True,29.5
2022-10-15T06:10:00-04:00,120339,"Cooper Plaza",1.125,True,29.0
2022-10-15T06:20:00-04:00,120339,"Cooper Plaza",1.125,True,28.4
2022-10-15T06:30:00-04:00,120339,"Cooper Plaza",1.125,True,28.7
2022-10-15T06:40:00-04:00,120339,"Cooper Plaza",1.125,True,28.5
2022-10-15T06:50:00-04:00,120339,"Cooper Plaza",1.125,True,28.4
2022-10-15T07:00:00-04:00,120339,"Cooper Plaza",1.125,True,28.2
2022-10-15T07:10:00-04:00,120339,"Cooper Plaza",1.125,True,28.4
2022-10-15T07:20:00-04:00,120339,"Cooper Plaza",1.125,True,28.4
2022-10-15T07:30:00-04:00,120339,"Cooper Plaza",1.125,True,28.5
2022-10-15T07:40:00-04:00,120339,"Cooper Plaza",1.125,True,28.6
2022-10-15T07:50:00-04:00,120339,"Cooper Plaza",1.125,True,29.0
2022-10-15T08:00:00-04:00,120339,"Cooper Plaza",1.125,True,29.4
2022-10-15T08:10:00-04:00,120339,"Cooper Plaza",1.125,True,30.2
2022-10-15T08:20:00-04:00,120339,"Cooper Plaza",1.125,True,30.1
2022-10-15T08:30:00-04:00,120339,"Cooper Plaza",1.125,True,30.0
2022-10-15T08:40:00-04:00,120339,"Cooper Plaza",1.125,True,30.4
2022-10-15T08:50:00-04:00,120339,"Cooper Plaza",1.125,True,28.8
2022-10-15T09:00:00-04:00,120339,"Cooper Plaza",1.125,True,26.3
2022-10-15T09:10:00-04:00,120339,"Cooper Plaza",1.125,True,20.4
2022-10-15T09:20:00-04:00,120339,"Cooper Plaza",1.125,True,18.8
2022-10-15T09:30:00-04:00,120339,"Cooper Plaza",1.125,True,16.6
2022-10-15T09:40:00-04:00,120339,"Cooper Plaza",1.125,True,12.0
2022-10-15T09:50:00-04:00,120339,"Cooper Plaza",1.125,True,7.7
2022-10-15T10:00:00-04:00,120339,"Cooper Plaza",1.125,True,6.5
2022-10-15T10:10:00-04:00,120339,"Cooper Plaza",1.125,True,6.8
2022-10-15T10:20:00-04:00,120339,"Cooper Plaza",1.125,True,6.6
2022-10-15T10:30:00-04:00,120339,"Cooper Plaza",1.125,True,6.5
2022-10-15T10:40:00-04:00,120339,"Cooper Plaza",1.125,True,5.2
2022-10-15T10:50:00-04:00,120339,"Cooper Plaza",1.125,True,3.8
2022-10-15T11:00:00-04:00,120339,"Cooper Plaza",1.125,True,3.3
2022-10-15T11:10:00-04:00,120339,"Cooper Plaza",1.125,True,1.8
2022-10-15T11:20:00-04:00,120339,"Cooper Plaza",1.125,True,2.2
2022-10-15T11:30:00-04:00,120339,"Cooper Plaza",1.125,True,2.5
2022-10-15T11:40:00-04:00,120339,"Cooper Plaza",1.125,True,2.2
2022-10-15T11:50:00-04:00,120339,"Cooper Plaza",1.125,True,2.5
2022-10-15T12:00:00-04:00,120339,"Cooper Plaza",1.125,True,2.5
2022-10-15T12:10:00-04:00,120339,"Cooper Plaza",1.125,True,2.0
2022-10-15T12:20:00-04:00,120339,"Cooper Plaza",1.125,True,2.1
2022-10-15T12:30:00-04:00,120339,"Cooper Plaza",1.125,True,1.9
2022-10-15T12:40:00-04:00,120339,"Cooper Plaza",1.125,True,1.6
2022-10-15T12:50:00-04:00,120339,"Cooper Plaza",1.125,True,1.2
2022-10-15T13:00:00-04:00,120339,"Cooper Plaza",1.125,True,1.1
2022-10-15T13:10:00-04:00,120339,"Cooper Plaza",1.125,True,1.0
2022-10-15T13:20:00-04:00,120339,"Cooper Plaza",1.125,True,1.2
2022-10-15T13:30:00-04:00,120339,"Cooper Plaza",1.125,True,1.0
2022-10-15T13:40:00-04:00,120339,"Cooper Plaza",1.125,True,1.0
2022-10-15T13:50:00-04:00,120339,"Cooper Plaza",1.125,True,0.6
2022-10-15T14:00:00-04:00,120339,"Cooper Plaza",1.125,True,0.5
2022-10-15T14:10:00-04:00,120339,"Cooper Plaza",1.125,True,0.6
2022-10-15T14:20:00-04:00,120339,"Cooper Plaza",1.125,True,0.8
2022-10-15T14:30:00-04:00,120339,"Cooper Plaza",1.125,True,1.0
2022-10-15T14:40:00-04:00,120339,"Cooper Plaza",1.125,True,0.6
2022-10-15T14:50:00-04:00,120339,"Cooper Plaza",1.125,True,0.9
2022-10-15T15:00:00-04:00,120339,"Cooper Plaza",1.125,True,1.0
2022-10-15T15:10:00-04:00,120339,"Cooper Plaza",1.125,True,1.2
2022-10-15T15:20:00-04:00,120339,"Cooper Plaza",1.125,True,1.7
2022-10-15T15:30:00-04:00,120339,"Cooper Plaza",1.125,True,1.2
2022-10-15T15:40:00-04:00,120339,"Cooper Plaza",1.125,True,1.7
2022-10-15T15:50:00-04:00,120339,"Cooper Plaza",1.125,True,1.4
2022-10-15T16:00:00-04:00,120339,"Cooper Plaza",1.125,True,1.1
2022-10-15T16:10:00-04:00,120339,"Cooper Plaza",1.125,True,1.5
2022-10-15T16:20:00-04:00,120339,"Cooper Plaza",1.125,True,1.5
2022-10-15T16:30:00-04:00,120339,"Cooper Plaza",1.125,True,1.3
2022-10-15T16:40:00-04:00,120339,"Cooper Plaza",1.125,True,2.1
2022-10-15T16:50:00-04:00,120339,"Cooper Plaza",1.125,True,1.6
2022-10-15T17:00:00-04:00,120339,"Cooper Plaza",1.125,True,1.5
2022-10-15T17:10:00-04:00,120339,"Cooper Plaza",1.125,True,1.2
2022-10-15T17:20:00-04:00,120339,"Cooper Plaza",1.125,True,1.6
2022-10-15T17:30:00-04:00,120339,"Cooper Plaza",1.125,True,1.8
2022-10-15T17:40:00-04:00,120339,"Cooper Plaza",1.125,True,1.9
2022-10-15T17:50:00-04:00,120339,"Cooper Plaza",1.125,True,1.9
2022-10-15T18:00:00-04:00,120339,"Cooper Plaza",1.125,True,2.2
2022-10-15T18:10:00-04:00,120339,"Cooper Plaza",1.125,True,2.4
2022-10-15T18:20:00-04:00,120339,"Cooper Plaza",1.125,True,2.8
2022-10-15T18:30:00-04:00,120339,"Cooper Plaza",1.125,True,3.0
2022-10-15T18:40:00-04:00,120339,"Cooper Plaza",1.125,True,2.9
2022-10-15T18:50:00-04:00,120339,"Cooper Plaza",1.125,True,3.5
2022-10-15T19:00:00-04:00,120339,"Cooper Plaza",1.125,True,3.4
2022-10-15T19:10:00-04:00,120339,"Cooper Plaza",1.125,True,3.7
2022-10-15T19:20:00-04:00,120339,"Cooper Plaza",1.125,True,4.1
2022-10-15T19:30:00-04:00,120339,"Cooper Plaza",1.125,True,4.2
2022-10-15T19:40:00-04:00,120339,"Cooper Plaza",1.125,True,4.2
2022-10-15T19:50:00-04:00,120339,"Cooper Plaza",1.125,True,4.6
2022-10-15T20:00:00-04:00,120339,"Cooper Plaza",1.125,True,4.7
2022-10-15T20:10:00-04:00,120339,"Cooper Plaza",1.125,True,5.3
2022-10-15T20:20:00-04:00,120339,"Cooper Plaza",1.125,True,5.4
2022-10-15T20:30:00-04:00,120339,"Cooper Plaza",1.125,True,6.7
2022-10-15T20:40:00-04:00,120339,"Cooper Plaza",1.125,True,12.0
2022-10-15T20:50:00-04:00,120339,"Cooper Plaza",1.125,True,16.4
2022-10-15T21:00:00-04:00,120339,"Cooper Plaza",1.125,True,9.3
2022-10-15T21:10:00-04:00,120339,"Cooper Plaza",1.125,True,7.2
2022-10-15T21:20:00-04:00,120339,"Cooper Plaza",1.125,True,6.9
2022-10-15T21:30:00-04:00,120339,"Cooper Plaza",1.125,True,6.0
2022-10-15T21:40:00-04:00,120339,"Cooper Plaza",1.125,True,5.8
2022-10-15T21:50:00-04:00,120339,"Cooper Plaza",1.125,True,5.9
2022-10-15T22:00:00-04:00,120339,"Cooper Plaza",1.125,True,6.4
2022-10-15T22:10:00-04:00,120339,"Cooper Plaza",1.125,True,7.4
2022-10-15T22:20:00-04:00,120339,"Cooper Plaza",1.125,True,8.2
2022-10-15T22:30:00-04:00,120339,"Cooper Plaza",1.125,True,9.4
2022-10-15T22:40:00-04:00,120339,"Cooper Plaza",1.125,True,9.2
2022-10-15T22:50:00-04:00,120339,"Cooper Plaza",1.125,True,9.0
2022-10-15T23:00:00-04:00,120339,"Cooper Plaza",1.125,True,9.2
2022-10-15T23:10:00-04:00,120339,"Cooper Plaza",1.125,True,9.2
2022-10-15T23:20:00-04:00,120339,"Cooper Plaza",1.125,True,8.3
2022-10-15T23:30:00-04:00,120339,"Cooper Plaza",1.125,True,9.3
2022-10-15T23:40:00-04:00,120339,"Cooper Plaza",1.125,True,9.7
2022-10-15T23:50:00-04:00,120339,"Cooper Plaza",1.125,True,8.3
2022-10-16T00:00:00-04:00,120339,"Cooper Plaza",1.125,True,8.4
2022-10-16T00:10:00-04:00,120339,"Cooper Plaza",1.125,True,8.7
2022-10-16T00:20:00-04:00,120339,"Cooper Plaza",1.125,True,17.0
2022-10-16T00:30:00-04:00,120339,"Cooper Plaza",1.125,True,17.0
2022-10-16T00:40:00-04:00,120339,"Cooper Plaza",1.125,True,18.2
2022-10-16T00:50:00-04:00,120339,"Cooper Plaza",1.125,True,24.7
2022-10-16T01:00:00-04:00,120339,"Cooper Plaza",1.125,True,12.8
2022-10-16T01:10:00-04:00,120339,"Cooper Plaza",1.125,True,11.2
2022-10-16T01:20:00-04:00,120339,"Cooper Plaza",1.125,True,10.3
2022-10-16T01:30:00-04:00,120339,"Cooper Plaza",1.125,True,14.4
2022-10-16T01:40:00-04:00,120339,"Cooper Plaza",1.125,True,14.5
2022-10-16T01:50:00-04:00,120339,"Cooper Plaza",1.125,True,13.7
2022-10-16T02:00:00-04:00,120339,"Cooper Plaza",1.125,True,15.9
2022-10-16T02:10:00-04:00,120339,"Cooper Plaza",1.125,True,18.8
2022-10-16T02:20:00-04:00,120339,"Cooper Plaza",1.125,True,19.3
2022-10-16T02:30:00-04:00,120339,"Cooper Plaza",1.125,True,19.6
2022-10-16T02:40:00-04:00,120339,"Cooper Plaza",1.125,True,21.3
2022-10-16T02:50:00-04:00,120339,"Cooper Plaza",1.125,True,21.6
2022-10-16T03:00:00-04:00,120339,"Cooper Plaza",1.125,True,22.2
2022-10-16T03:10:00-04:00,120339,"Cooper Plaza",1.125,True,20.3
2022-10-16T03:20:00-04:00,120339,"Cooper Plaza",1.125,True,20.0
2022-10-16T03:30:00-04:00,120339,"Cooper Plaza",1.125,True,18.8
2022-10-16T03:40:00-04:00,120339,"Cooper Plaza",1.125,True,18.9
2022-10-16T03:50:00-04:00,120339,"Cooper Plaza",1.125,True,18.9
2022-10-16T04:00:00-04:00,120339,"Cooper Plaza",1.125,True,19.3
2022-10-16T04:10:00-04:00,120339,"Cooper Plaza",1.125,True,20.2
2022-10-16T04:20:00-04:00,120339,"Cooper Plaza",1.125,True,21.2
2022-10-16T04:30:00-04:00,120339,"Cooper Plaza",1.125,True,25.8
2022-10-16T04:40:00-04:00,120339,"Cooper Plaza",1.125,True,27.0
2022-10-16T04:50:00-04:00,120339,"Cooper Plaza",1.125,True,19.0
2022-10-16T05:00:00-04:00,120339,"Cooper Plaza",1.125,True,17.6
2022-10-16T05:10:00-04:00,120339,"Cooper Plaza",1.125,True,17.8
2022-10-16T05:20:00-04:00,120339,"Cooper Plaza",1.125,True,18.3
2022-10-16T05:30:00-04:00,120339,"Cooper Plaza",1.125,True,19.2
2022-10-16T05:40:00-04:00,120339,"Cooper Plaza",1.125,True,19.1
2022-10-16T05:50:00-04:00,120339,"Cooper Plaza",1.125,True,18.7
2022-10-16T06:00:00-04:00,120339,"Cooper Plaza",1.125,True,18.3
2022-10-16T06:10:00-04:00,120339,"Cooper Plaza",1.125,True,16.7
2022-10-16T06:20:00-04:00,120339,"Cooper Plaza",1.125,True,16.1
2022-10-16T06:30:00-04:00,120339,"Cooper Plaza",1.125,True,15.5
2022-10-16T06:40:00-04:00,120339,"Cooper Plaza",1.125,True,16.5
2022-10-16T06:50:00-04:00,120339,"Cooper Plaza",1.125,True,14.1
2022-10-16T07:00:00-04:00,120339,"Cooper Plaza",1.125,True,11.1
2022-10-16T07:10:00-04:00,120339,"Cooper Plaza",1.125,True,10.3
2022-10-16T07:20:00-04:00,120339,"Cooper Plaza",1.125,True,9.9
2022-10-16T07:30:00-04:00,120339,"Cooper Plaza",1.125,True,8.9
2022-10-16T07:40:00-04:00,120339,"Cooper Plaza",1.125,True,9.3
2022-10-16T07:50:00-04:00,120339,"Cooper Plaza",1.125,True,9.5
2022-10-16T08:00:00-04:00,120339,"Cooper Plaza",1.125,True,10.2
2022-10-16T08:10:00-04:00,120339,"Cooper Plaza",1.125,True,9.8
2022-10-16T08:20:00-04:00,120339,"Cooper Plaza",1.125,True,8.9
2022-10-16T08:30:00-04:00,120339,"Cooper Plaza",1.125,True,8.5
2022-10-16T08:40:00-04:00,120339,"Cooper Plaza",1.125,True,7.8
2022-10-16T08:50:00-04:00,120339,"Cooper Plaza",1.125,True,6.4
2022-10-16T09:00:00-04:00,120339,"Cooper Plaza",1.125,True,5.9
2022-10-16T09:10:00-04:00,120339,"Cooper Plaza",1.125,True,6.4
2022-10-16T09:20:00-04:00,120339,"Cooper Plaza",1.125,True,7.0
2022-10-16T09:30:00-04:00,120339,"Cooper Plaza",1.125,True,7.0
2022-10-16T09:40:00-04:00,120339,"Cooper Plaza",1.125,True,7.0
2022-10-16T09:50:00-04:00,120339,"Cooper Plaza",1.125,True,5.7
2022-10-16T10:00:00-04:00,120339,"Cooper Plaza",1.125,True,6.0
2022-10-16T10:10:00-04:00,120339,"Cooper Plaza",1.125,True,5.6
2022-10-16T10:20:00-04:00,120339,"Cooper Plaza",1.125,True,5.1
2022-10-16T10:30:00-04:00,120339,"Cooper Plaza",1.125,True,4.6
2022-10-16T10:40:00-04:00,120339,"Cooper Plaza",1.125,True,4.0
2022-10-16T10:50:00-04:00,120339,"Cooper Plaza",1.125,True,3.9
2022-10-16T11:00:00-04:00,120339,"Cooper Plaza",1.125,True,3.8
2022-10-16T11:10:00-04:00,120339,"Cooper Plaza",1.125,True,3.3
2022-10-16T11:20:00-04:00,120339,"Cooper Plaza",1.125,True,1.9
2022-10-16T11:30:00-04:00,120339,"Cooper Plaza",1.125,True,2.0
2022-10-16T11:40:00-04:00,120339,"Cooper Plaza",1.125,True,2.4
2022-10-16T11:50:00-04:00,120339,"Cooper Plaza",1.125,True,2.2
2022-10-16T12:00:00-04:00,120339,"Cooper Plaza",1.125,True,2.2
2022-10-16T12:10:00-04:00,120339,"Cooper Plaza",1.125,True,2.0
2022-10-16T12:20:00-04:00,120339,"Cooper Plaza",1.125,True,1.7
2022-10-16T12:30:00-04:00,120339,"Cooper Plaza",1.125,True,1.5
2022-10-16T12:40:00-04:00,120339,"Cooper Plaza",1.125,True,1.8
2022-10-16T12:50:00-04:00,120339,"Cooper Plaza",1.125,True,2.2
2022-10-16T13:00:00-04:00,120339,"Cooper Plaza",1.125,True,1.9
2022-10-16T13:10:00-04:00,120339,"Cooper Plaza",1.125,True,3.0
2022-10-16T13:20:00-04:00,120339,"Cooper Plaza",1.125,True,5.8
2022-10-16T13:30:00-04:00,120339,"Cooper Plaza",1.125,True,2.0
2022-10-16T13:40:00-04:00,120339,"Cooper Plaza",1.125,True,1.3
2022-10-16T13:50:00-04:00,120339,"Cooper Plaza",1.125,True,2.2
2022-10-16T14:00:00-04:00,120339,"Cooper Plaza",1.125,True,2.4
2022-10-16T14:10:00-04:00,120339,"Cooper Plaza",1.125,True,2.2
2022-10-16T14:20:00-04:00,120339,"Cooper Plaza",1.125,True,2.0
2022-10-16T14:30:00-04:00,120339,"Cooper Plaza",1.125,True,2.2
2022-10-16T14:40:00-04:00,120339,"Cooper Plaza",1.125,True,2.0
2022-10-16T14:50:00-04:00,120339,"Cooper Plaza",1.125,True,1.6
2022-10-16T15:00:00-04:00,120339,"Cooper Plaza",1.125,True,1.5
2022-10-16T15:10:00-04:00,120339,"Cooper Plaza",1.125,True,1.0
2022-10-16T15:20:00-04:00,120339,"Cooper Plaza",1.125,True,1.0
2022-10-16T15:30:00-04:00,120339,"Cooper Plaza",1.125,True,0.5
2022-10-16T15:40:00-04:00,120339,"Cooper Plaza",1.125,True,0.3
2022-10-16T15:50:00-04:00,120339,"Cooper Plaza",1.125,True,0.3
2022-10-16T16:00:00-04:00,120339,"Cooper Plaza",1.125,True,0.3
2022-10-16T16:10:00-04:00,120339,"Cooper Plaza",1.125,True,0.6
2022-10-16T16:20:00-04:00,120339,"Cooper Plaza",1.125,True,0.4
2022-10-16T16:30:00-04:00,120339,"Cooper Plaza",1.125,True,0.2
2022-10-16T16:40:00-04:00,120339,"Cooper Plaza",1.125,True,0.3
2022-10-16T16:50:00-04:00,120339,"Cooper Plaza",1.125,True,0.6
2022-10-16T17:00:00-04:00,120339,"Cooper Plaza",1.125,True,0.5
2022-10-16T17:10:00-04:00,120339,"Cooper Plaza",1.125,True,0.6
2022-10-16T17:20:00-04:00,120339,"Cooper Plaza",1.125,True,1.7
2022-10-16T17:30:00-04:00,120339,"Cooper Plaza",1.125,True,2.4
2022-10-16T17:40:00-04:00,120339,"Cooper Plaza",1.125,True,1.9
2022-10-16T17:50:00-04:00,120339,"Cooper Plaza",1.125,True,2.2
2022-10-16T18:00:00-04:00,120339,"Cooper Plaza",1.125,True,2.4
2022-10-16T18:10:00-04:00,120339,"Cooper Plaza",1.125,True,1.9
2022-10-16T18:20:00-04:00,120339,"Cooper Plaza",1.125,True,1.3
2022-10-16T18:30:00-04:00,120339,"Cooper Plaza",1.125,True,1.4
2022-10-16T18:40:00-04:00,120339,"Cooper Plaza",1.125,True,1.4
2022-10-16T18:50:00-04:00,120339,"Cooper Plaza",1.125,True,1.2
2022-10-16T19:00:00-04:00,120339,"Cooper Plaza",1.125,True,1.3
2022-10-16T19:10:00-04:00,120339,"Cooper Plaza",1.125,True,2.1
2022-10-16T19:20:00-04:00,120339,"Cooper Plaza",1.125,True,2.0
2022-10-16T19:30:00-04:00,120339,"Cooper Plaza",1.125,True,3.5
2022-10-16T19:40:00-04:00,120339,"Cooper Plaza",1.125,True,4.1
2022-10-16T19:50:00-04:00,120339,"Cooper Plaza",1.125,True,4.5
2022-10-16T20:00:00-04:00,120339,"Cooper Plaza",1.125,True,5.5
2022-10-16T20:10:00-04:00,120339,"Cooper Plaza",1.125,True,5.8
2022-10-16T20:20:00-04:00,120339,"Cooper Plaza",1.125,True,6.7
2022-10-16T20:30:00-04:00,120339,"Cooper Plaza",1.125,True,14.4
2022-10-16T20:40:00-04:00,120339,"Cooper Plaza",1.125,True,17.6
2022-10-16T20:50:00-04:00,120339,"Cooper Plaza",1.125,True,16.8
2022-10-16T21:00:00-04:00,120339,"Cooper Plaza",1.125,True,14.3
2022-10-16T21:10:00-04:00,120339,"Cooper Plaza",1.125,True,10.8
2022-10-16T21:20:00-04:00,120339,"Cooper Plaza",1.125,True,13.5
2022-10-16T21:30:00-04:00,120339,"Cooper Plaza",1.125,True,14.4
2022-10-16T21:40:00-04:00,120339,"Cooper Plaza",1.125,True,14.8
2022-10-16T21:50:00-04:00,120339,"Cooper Plaza",1.125,True,16.4
2022-10-16T22:00:00-04:00,120339,"Cooper Plaza",1.125,True,17.4
2022-10-16T22:10:00-04:00,120339,"Cooper Plaza",1.125,True,19.6
2022-10-16T22:20:00-04:00,120339,"Cooper Plaza",1.125,True,20.2
2022-10-16T22:30:00-04:00,120339,"Cooper Plaza",1.125,True,20.0
2022-10-16T22:40:00-04:00,120339,"Cooper Plaza",1.125,True,19.8
2022-10-16T22:50:00-04:00,120339,"Cooper Plaza",1.125,True,19.8
2022-10-16T23:00:00-04:00,120339,"Cooper Plaza",1.125,True,17.5
2022-10-16T23:10:00-04:00,120339,"Cooper Plaza",1.125,True,15.2
2022-10-16T23:20:00-04:00,120339,"Cooper Plaza",1.125,True,15.3
2022-10-16T23:30:00-04:00,120339,"Cooper Plaza",1.125,True,16.1
2022-10-16T23:40:00-04:00,120339,"Cooper Plaza",1.125,True,13.6
2022-10-16T23:50:00-04:00,120339,"Cooper Plaza",1.125,True,9.6
2022-10-17T00:00:00-04:00,120339,"Cooper Plaza",1.125,True,7.8
2022-10-17T00:10:00-04:00,120339,"Cooper Plaza",1.125,True,6.8
2022-10-17T00:20:00-04:00,120339,"Cooper Plaza",1.125,True,7.2
2022-10-17T00:30:00-04:00,120339,"Cooper Plaza",1.125,True,6.5
2022-10-17T00:40:00-04:00,120339,"Cooper Plaza",1.125,True,6.3
2022-10-17T00:50:00-04:00,120339,"Cooper Plaza",1.125,True,5.8
2022-10-17T01:00:00-04:00,120339,"Cooper Plaza",1.125,True,5.7
2022-10-17T01:10:00-04:00,120339,"Cooper Plaza",1.125,True,6.5
2022-10-17T01:20:00-04:00,120339,"Cooper Plaza",1.125,True,6.4
2022-10-17T01:30:00-04:00,120339,"Cooper Plaza",1.125,True,6.2
2022-10-17T01:40:00-04:00,120339,"Cooper Plaza",1.125,True,5.7
2022-10-17T01:50:00-04:00,120339,"Cooper Plaza",1.125,True,5.4
2022-10-17T02:00:00-04:00,120339,"Cooper Plaza",1.125,True,4.8
2022-10-17T02:10:00-04:00,120339,"Cooper Plaza",1.125,True,5.3
2022-10-17T02:20:00-04:00,120339,"Cooper Plaza",1.125,True,5.3
2022-10-17T02:30:00-04:00,120339,"Cooper Plaza",1.125,True,6.3
2022-10-17T02:40:00-04:00,120339,"Cooper Plaza",1.125,True,6.7
2022-10-17T02:50:00-04:00,120339,"Cooper Plaza",1.125,True,5.4
2022-10-17T03:00:00-04:00,120339,"Cooper Plaza",1.125,True,5.7
2022-10-17T03:10:00-04:00,120339,"Cooper Plaza",1.125,True,5.8
2022-10-17T03:20:00-04:00,120339,"Cooper Plaza",1.125,True,5.7
2022-10-17T03:30:00-04:00,120339,"Cooper Plaza",1.125,True,5.9
2022-10-17T03:40:00-04:00,120339,"Cooper Plaza",1.125,True,5.4
2022-10-17T03:50:00-04:00,120339,"Cooper Plaza",1.125,True,5.4
2022-10-17T04:00:00-04:00,120339,"Cooper Plaza",1.125,True,5.0
2022-10-17T04:10:00-04:00,120339,"Cooper Plaza",1.125,True,5.4
2022-10-17T04:20:00-04:00,120339,"Cooper Plaza",1.125,True,5.4
2022-10-17T04:30:00-04:00,120339,"Cooper Plaza",1.125,True,5.6
2022-10-17T04:40:00-04:00,120339,"Cooper Plaza",1.125,True,6.0
2022-10-17T04:50:00-04:00,120339,"Cooper Plaza",1.125,True,5.9
2022-10-17T05:00:00-04:00,120339,"Cooper Plaza",1.125,True,5.9
2022-10-17T05:10:00-04:00,120339,"Cooper Plaza",1.125,True,6.2
2022-10-17T05:20:00-04:00,120339,"Cooper Plaza",1.125,True,6.3
2022-10-17T05:30:00-04:00,120339,"Cooper Plaza",1.125,True,6.7
2022-10-17T05:40:00-04:00,120339,"Cooper Plaza",1.125,True,6.9
2022-10-17T05:50:00-04:00,120339,"Cooper Plaza",1.125,True,7.7
2022-10-17T06:00:00-04:00,120339,"Cooper Plaza",1.125,True,7.2
2022-10-17T06:10:00-04:00,120339,"Cooper Plaza",1.125,True,7.7
2022-10-17T06:20:00-04:00,120339,"Cooper Plaza",1.125,True,8.6
2022-10-17T06:30:00-04:00,120339,"Cooper Plaza",1.125,True,10.7
2022-10-17T06:40:00-04:00,120339,"Cooper Plaza",1.125,True,8.4
2022-10-17T06:50:00-04:00,120339,"Cooper Plaza",1.125,True,6.6
2022-10-17T07:00:00-04:00,120339,"Cooper Plaza",1.125,True,6.8
2022-10-17T07:10:00-04:00,120339,"Cooper Plaza",1.125,True,6.5
2022-10-17T07:20:00-04:00,120339,"Cooper Plaza",1.125,True,5.9
2022-10-17T07:30:00-04:00,120339,"Cooper Plaza",1.125,True,5.8
2022-10-17T07:40:00-04:00,120339,"Cooper Plaza",1.125,True,6.2
2022-10-17T07:50:00-04:00,120339,"Cooper Plaza",1.125,True,6.2
2022-10-17T08:00:00-04:00,120339,"Cooper Plaza",1.125,True,6.3
2022-10-17T08:10:00-04:00,120339,"Cooper Plaza",1.125,True,6.5
2022-10-17T08:20:00-04:00,120339,"Cooper Plaza",1.125,True,6.8
2022-10-17T08:30:00-04:00,120339,"Cooper Plaza",1.125,True,6.1
2022-10-17T08:40:00-04:00,120339,"Cooper Plaza",1.125,True,5.8
2022-10-17T08:50:00-04:00,120339,"Cooper Plaza",1.125,True,5.3
2022-10-17T09:00:00-04:00,120339,"Cooper Plaza",1.125,True,4.8
2022-10-17T09:10:00-04:00,120339,"Cooper Plaza",1.125,True,4.5
2022-10-17T09:20:00-04:00,120339,"Cooper Plaza",1.125,True,3.9
2022-10-17T09:30:00-04:00,120339,"Cooper Plaza",1.125,True,3.7
2022-10-17T09:40:00-04:00,120339,"Cooper Plaza",1.125,True,3.3
2022-10-17T09:50:00-04:00,120339,"Cooper Plaza",1.125,True,3.1
2022-10-17T10:00:00-04:00,120339,"Cooper Plaza",1.125,True,3.3
2022-10-17T10:10:00-04:00,120339,"Cooper Plaza",1.125,True,3.4
2022-10-17T10:20:00-04:00,120339,"Cooper Plaza",1.125,True,3.5
2022-10-17T10:30:00-04:00,120339,"Cooper Plaza",1.125,True,3.7
2022-10-17T10:40:00-04:00,120339,"Cooper Plaza",1.125,True,4.2
2022-10-17T10:50:00-04:00,120339,"Cooper Plaza",1.125,True,4.3
2022-10-17T11:00:00-04:00,120339,"Cooper Plaza",1.125,True,4.1
2022-10-17T11:10:00-04:00,120339,"Cooper Plaza",1.125,True,4.3
2022-10-17T11:20:00-04:00,120339,"Cooper Plaza",1.125,True,4.5
2022-10-17T11:30:00-04:00,120339,"Cooper Plaza",1.125,True,3.8
2022-10-17T11:40:00-04:00,120339,"Cooper Plaza",1.125,True,7.7
2022-10-17T11:50:00-04:00,120339,"Cooper Plaza",1.125,True,10.9
2022-10-17T12:00:00-04:00,120339,"Cooper Plaza",1.125,True,5.4
2022-10-17T12:10:00-04:00,120339,"Cooper Plaza",1.125,True,3.9
2022-10-17T12:20:00-04:00,120339,"Cooper Plaza",1.125,True,8.4
2022-10-17T12:30:00-04:00,120339,"Cooper Plaza",1.125,True,3.6
2022-10-17T12:40:00-04:00,120339,"Cooper Plaza",1.125,True,3.8
2022-10-17T12:50:00-04:00,120339,"Cooper Plaza",1.125,True,5.0
2022-10-17T13:00:00-04:00,120339,"Cooper Plaza",1.125,True,4.6
2022-10-17T13:10:00-04:00,120339,"Cooper Plaza",1.125,True,5.8
2022-10-17T13:20:00-04:00,120339,"Cooper Plaza",1.125,True,4.8
2022-10-17T13:30:00-04:00,120339,"Cooper Plaza",1.125,True,6.1
2022-10-17T13:40:00-04:00,120339,"Cooper Plaza",1.125,True,5.1
2022-10-17T13:50:00-04:00,120339,"Cooper Plaza",1.125,True,4.8
2022-10-17T14:00:00-04:00,120339,"Cooper Plaza",1.125,True,4.5
2022-10-17T14:10:00-04:00,120339,"Cooper Plaza",1.125,True,4.3
2022-10-17T14:20:00-04:00,120339,"Cooper Plaza",1.125,True,4.4
2022-10-17T14:30:00-04:00,120339,"Cooper Plaza",1.125,True,4.8
2022-10-17T14:40:00-04:00,120339,"Cooper Plaza",1.125,True,4.3
2022-10-17T14:50:00-04:00,120339,"Cooper Plaza",1.125,True,4.4
2022-10-17T15:00:00-04:00,120339,"Cooper Plaza",1.125,True,4.6
2022-10-17T15:10:00-04:00,120339,"Cooper Plaza",1.125,True,4.6
2022-10-17T15:20:00-04:00,120339,"Cooper Plaza",1.125,True,4.9
2022-10-17T15:30:00-04:00,120339,"Cooper Plaza",1.125,True,4.9
2022-10-17T15:40:00-04:00,120339,"Cooper Plaza",1.125,True,4.8
2022-10-17T15:50:00-04:00,120339,"Cooper Plaza",1.125,True,5.0
2022-10-17T16:00:00-04:00,120339,"Cooper Plaza",1.125,True,5.2
2022-10-17T16:10:00-04:00,120339,"Cooper Plaza",1.125,True,5.3
2022-10-17T16:20:00-04:00,120339,"Cooper Plaza",1.125,True,5.3
2022-10-17T16:30:00-04:00,120339,"Cooper Plaza",1.125,True,5.7
2022-10-17T16:40:00-04:00,120339,"Cooper Plaza",1.125,True,6.0
2022-10-17T16:50:00-04:00,120339,"Cooper Plaza",1.125,True,5.6
2022-10-17T17:00:00-04:00,120339,"Cooper Plaza",1.125,True,6.0
2022-10-17T17:10:00-04:00,120339,"Cooper Plaza",1.125,True,5.9
2022-10-17T17:20:00-04:00,120339,"Cooper Plaza",1.125,True,6.2
2022-10-17T17:30:00-04:00,120339,"Cooper Plaza",1.125,True,6.4
2022-10-17T17:40:00-04:00,120339,"Cooper Plaza",1.125,True,6.4
2022-10-17T17:50:00-04:00,120339,"Cooper Plaza",1.125,True,5.6
2022-10-17T18:00:00-04:00,120339,"Cooper Plaza",1.125,True,10.5
2022-10-17T18:10:00-04:00,120339,"Cooper Plaza",1.125,True,6.8
2022-10-17T18:20:00-04:00,120339,"Cooper Plaza",1.125,True,6.7
2022-10-17T18:30:00-04:00,120339,"Cooper Plaza",1.125,True,8.4
2022-10-17T18:40:00-04:00,120339,"Cooper Plaza",1.125,True,9.2
2022-10-17T18:50:00-04:00,120339,"Cooper Plaza",1.125,True,9.6
2022-10-17T19:00:00-04:00,120339,"Cooper Plaza",1.125,True,10.7
2022-10-17T19:10:00-04:00,120339,"Cooper Plaza",1.125,True,9.8
2022-10-17T19:20:00-04:00,120339,"Cooper Plaza",1.125,True,9.8
2022-10-17T19:30:00-04:00,120339,"Cooper Plaza",1.125,True,12.8
2022-10-17T19:40:00-04:00,120339,"Cooper Plaza",1.125,True,14.5
2022-10-17T19:50:00-04:00,120339,"Cooper Plaza",1.125,True,17.6
2022-10-17T20:00:00-04:00,120339,"Cooper Plaza",1.125,True,18.2
2022-10-17T20:10:00-04:00,120339,"Cooper Plaza",1.125,True,18.2
2022-10-17T20:20:00-04:00,120339,"Cooper Plaza",1.125,True,18.8
2022-10-17T20:30:00-04:00,120339,"Cooper Plaza",1.125,True,19.4
2022-10-17T20:40:00-04:00,120339,"Cooper Plaza",1.125,True,19.3
2022-10-17T20:50:00-04:00,120339,"Cooper Plaza",1.125,True,20.2
2022-10-17T21:00:00-04:00,120339,"Cooper Plaza",1.125,True,20.2
2022-10-17T21:10:00-04:00,120339,"Cooper Plaza",1.125,True,21.3
2022-10-17T21:20:00-04:00,120339,"Cooper Plaza",1.125,True,22.5
2022-10-17T21:30:00-04:00,120339,"Cooper Plaza",1.125,True,23.7
2022-10-17T21:40:00-04:00,120339,"Cooper Plaza",1.125,True,22.8
2022-10-17T21:50:00-04:00,120339,"Cooper Plaza",1.125,True,24.0
2022-10-17T22:00:00-04:00,120339,"Cooper Plaza",1.125,True,19.9
2022-10-17T22:10:00-04:00,120339,"Cooper Plaza",1.125,True,14.7
2022-10-17T22:20:00-04:00,120339,"Cooper Plaza",1.125,True,10.1
2022-10-17T22:30:00-04:00,120339,"Cooper Plaza",1.125,True,9.3
2022-10-17T22:40:00-04:00,120339,"Cooper Plaza",1.125,True,8.2
2022-10-17T22:50:00-04:00,120339,"Cooper Plaza",1.125,True,7.3
2022-10-17T23:00:00-04:00,120339,"Cooper Plaza",1.125,True,7.0
2022-10-17T23:10:00-04:00,120339,"Cooper Plaza",1.125,True,7.7
2022-10-17T23:20:00-04:00,120339,"Cooper Plaza",1.125,True,7.1
2022-10-17T23:30:00-04:00,120339,"Cooper Plaza",1.125,True,6.1
2022-10-17T23:40:00-04:00,120339,"Cooper Plaza",1.125,True,5.7
2022-10-17T23:50:00-04:00,120339,"Cooper Plaza",1.125,True,4.9
2022-10-18T00:00:00-04:00,120339,"Cooper Plaza",1.125,True,4.8
2022-10-18T00:10:00-04:00,120339,"Cooper Plaza",1.125,True,4.9
2022-10-18T00:20:00-04:00,120339,"Cooper Plaza",1.125,True,4.0
2022-10-18T00:30:00-04:00,120339,"Cooper Plaza",1.125,True,4.2
2022-10-18T00:40:00-04:00,120339,"Cooper Plaza",1.125,True,3.5
2022-10-18T00:50:00-04:00,120339,"Cooper Plaza",1.125,True,3.3
2022-10-18T01:00:00-04:00,120339,"Cooper Plaza",1.125,True,2.7
2022-10-18T01:10:00-04:00,120339,"Cooper Plaza",1.125,True,1.9
2022-10-18T01:20:00-04:00,120339,"Cooper Plaza",1.125,True,1.4
2022-10-18T01:30:00-04:00,120339,"Cooper Plaza",1.125,True,1.2
2022-10-18T01:40:00-04:00,120339,"Cooper Plaza",1.125,True,1.3
2022-10-18T01:50:00-04:00,120339,"Cooper Plaza",1.125,True,1.3
2022-10-18T02:00:00-04:00,120339,"Cooper Plaza",1.125,True,1.7
2022-10-18T02:10:00-04:00,120339,"Cooper Plaza",1.125,True,1.2
2022-10-18T02:20:00-04:00,120339,"Cooper Plaza",1.125,True,1.1
2022-10-18T02:30:00-04:00,120339,"Cooper Plaza",1.125,True,1.2
2022-10-18T02:40:00-04:00,120339,"Cooper Plaza",1.125,True,1.0
2022-10-18T02:50:00-04:00,120339,"Cooper Plaza",1.125,True,0.9
2022-10-18T03:00:00-04:00,120339,"Cooper Plaza",1.125,True,0.5
2022-10-18T03:10:00-04:00,120339,"Cooper Plaza",1.125,True,0.3
2022-10-18T03:20:00-04:00,120339,"Cooper Plaza",1.125,True,0.6
2022-10-18T03:30:00-04:00,120339,"Cooper Plaza",1.125,True,0.4
2022-10-18T03:40:00-04:00,120339,"Cooper Plaza",1.125,True,0.3
2022-10-18T03:50:00-04:00,120339,"Cooper Plaza",1.125,True,0.1
2022-10-18T04:00:00-04:00,120339,"Cooper Plaza",1.125,True,0.0
2022-10-18T04:10:00-04:00,120339,"Cooper Plaza",1.125,True,0.0
2022-10-18T04:20:00-04:00,120339,"Cooper Plaza",1.125,True,0.6
2022-10-18T04:30:00-04:00,120339,"Cooper Plaza",1.125,True,0.1
2022-10-18T04:40:00-04:00,120339,"Cooper Plaza",1.125,True,0.3
2022-10-18T04:50:00-04:00,120339,"Cooper Plaza",1.125,True,0.0
2022-10-18T05:00:00-04:00,120339,"Cooper Plaza",1.125,True,0.3
2022-10-18T05:10:00-04:00,120339,"Cooper Plaza",1.125,True,0.0
2022-10-18T05:20:00-04:00,120339,"Cooper Plaza",1.125,True,0.0
2022-10-18T05:30:00-04:00,120339,"Cooper Plaza",1.125,True,0.0
2022-10-18T05:40:00-04:00,120339,"Cooper Plaza",1.125,True,0.0
2022-10-18T05:50:00-04:00,120339,"Cooper Plaza",1.125,True,0.3
2022-10-18T06:00:00-04:00,120339,"Cooper Plaza",1.125,True,0.0
2022-10-18T06:10:00-04:00,120339,"Cooper Plaza",1.125,True,0.0
2022-10-18T06:20:00-04:00,120339,"Cooper Plaza",1.125,True,0.0
2022-10-18T06:30:00-04:00,120339,"Cooper Plaza",1.125,True,0.0
2022-10-18T06:40:00-04:00,120339,"Cooper Plaza",1.125,True,0.0
2022-10-18T06:50:00-04:00,120339,"Cooper Plaza",1.125,True,0.0
2022-10-18T07:00:00-04:00,120339,"Cooper Plaza",1.125,True,0.0
2022-10-18T07:10:00-04:00,120339,"Cooper Plaza",1.125,True,0.0
2022-10-18T07:20:00-04:00,120339,"Cooper Plaza",1.125,True,0.0
2022-10-18T07:30:00-04:00,120339,"Cooper Plaza",1.125,True,0.0
2022-10-18T07:40:00-04:00,120339,"Cooper Plaza",1.125,True,0.0
2022-10-18T07:50:00-04:00,120339,"Cooper Plaza",1.125,True,0.0
2022-10-18T08:00:00-04:00,120339,"Cooper Plaza",1.125,True,0.0
2022-10-18T08:10:00-04:00,120339,"Cooper Plaza",1.125,True,0.0
2022-10-18T08:20:00-04:00,120339,"Cooper Plaza",1.125,True,0.0
2022-10-18T08:30:00-04:00,120339,"Cooper Plaza",1.125,True,0.0
2022-10-18T08:40:00-04:00,120339,"Cooper Plaza",1.125,True,0.0
2022-10-18T08:50:00-04:00,120339,"Cooper Plaza",1.125,True,0.0
2022-10-18T09:00:00-04:00,120339,"Cooper Plaza",1.125,True,0.0
2022-10-18T09:10:00-04:00,120339,"Cooper Plaza",1.125,True,0.0
2022-10-18T09:20:00-04:00,120339,"Cooper Plaza",1.125,True,0.0
2022-10-18T09:30:00-04:00,120339,"Cooper Plaza",1.125,True,0.0
2022-10-18T09:40:00-04:00,120339,"Cooper Plaza",1.125,True,0.0
2022-10-18T09:50:00-04:00,120339,"Cooper Plaza",1.125,True,0.0
2022-10-18T10:00:00-04:00,120339,"Cooper Plaza",1.125,True,0.0
2022-10-18T10:10:00-04:00,120339,"Cooper Plaza",1.125,True,0.0
2022-10-18T10:20:00-04:00,120339,"Cooper Plaza",1.125,True,0.0
2022-10-18T10:30:00-04:00,120339,"Cooper Plaza",1.125,True,0.0
2022-10-18T10:40:00-04:00,120339,"Cooper Plaza",1.125,True,0.0
2022-10-18T10:50:00-04:00,120339,"Cooper Plaza",1.125,True,0.0
2022-10-18T11:00:00-04:00,120339,"Cooper Plaza",1.125,True,0.0
2022-10-18T11:10:00-04:00,120339,"Cooper Plaza",1.125,True,0.0
2022-10-18T11:20:00-04:00,120339,"Cooper Plaza",1.125,True,0.0
2022-10-18T11:30:00-04:00,120339,"Cooper Plaza",1.125,True,0.0
2022-10-18T11:40:00-04:00,120339,"Cooper Plaza",1.125,True,0.0
2022-10-18T11:50:00-04:00,120339,"Cooper Plaza",1.125,True,0.1
2022-10-18T12:00:00-04:00,120339,"Cooper Plaza",1.125,True,0.1
2022-10-18T12:10:00-04:00,120339,"Cooper Plaza",1.125,True,0.3
2022-10-18T12:20:00-04:00,120339,"Cooper Plaza",1.125,True,0.1
2022-10-18T12:30:00-04:00,120339,"Cooper Plaza",1.125,True,0.2
2022-10-18T12:40:00-04:00,120339,"Cooper Plaza",1.125,True,0.0
2022-10-18T12:50:00-04:00,120339,"Cooper Plaza",1.125,True,0.3
2022-10-18T13:00:00-04:00,120339,"Cooper Plaza",1.125,True,0.1
2022-10-18T13:10:00-04:00,120339,"Cooper Plaza",1.125,True,0.0
2022-10-18T13:20:00-04:00,120339,"Cooper Plaza",1.125,True,0.0
2022-10-18T13:30:00-04:00,120339,"Cooper Plaza",1.125,True,0.1
2022-10-18T13:40:00-04:00,120339,"Cooper Plaza",1.125,True,0.0
2022-10-18T13:50:00-04:00,120339,"Cooper Plaza",1.125,True,0.1
2022-10-18T14:00:00-04:00,120339,"Cooper Plaza",1.125,True,0.0
2022-10-18T14:10:00-04:00,120339,"Cooper Plaza",1.125,True,0.1
2022-10-18T14:20:00-04:00,120339,"Cooper Plaza",1.125,True,0.0
2022-10-18T14:30:00-04:00,120339,"Cooper Plaza",1.125,True,0.1
2022-10-18T14:40:00-04:00,120339,"Cooper Plaza",1.125,True,0.3
2022-10-18T14:50:00-04:00,120339,"Cooper Plaza",1.125,True,0.1
2022-10-18T15:00:00-04:00,120339,"Cooper Plaza",1.125,True,0.2
2022-10-18T15:10:00-04:00,120339,"Cooper Plaza",1.125,True,0.0
2022-10-18T15:20:00-04:00,120339,"Cooper Plaza",1.125,True,0.1
2022-10-18T15:30:00-04:00,120339,"Cooper Plaza",1.125,True,0.2
2022-10-18T15:40:00-04:00,120339,"Cooper Plaza",1.125,True,0.3
2022-10-18T15:50:00-04:00,120339,"Cooper Plaza",1.125,True,0.7
2022-10-18T16:00:00-04:00,120339,"Cooper Plaza",1.125,True,1.3
2022-10-18T16:10:00-04:00,120339,"Cooper Plaza",1.125,True,0.8
2022-10-18T16:20:00-04:00,120339,"Cooper Plaza",1.125,True,0.9
2022-10-18T16:30:00-04:00,120339,"Cooper Plaza",1.125,True,0.3
2022-10-18T16:40:00-04:00,120339,"Cooper Plaza",1.125,True,0.7
2022-10-18T16:50:00-04:00,120339,"Cooper Plaza",1.125,True,1.0
2022-10-18T17:00:00-04:00,120339,"Cooper Plaza",1.125,True,0.9
2022-10-18T17:10:00-04:00,120339,"Cooper Plaza",1.125,True,0.4
2022-10-18T17:20:00-04:00,120339,"Cooper Plaza",1.125,True,0.5
2022-10-18T17:30:00-04:00,120339,"Cooper Plaza",1.125,True,0.5
2022-10-18T17:40:00-04:00,120339,"Cooper Plaza",1.125,True,0.9
2022-10-18T17:50:00-04:00,120339,"Cooper Plaza",1.125,True,1.0
2022-10-18T18:00:00-04:00,120339,"Cooper Plaza",1.125,True,0.9
2022-10-18T18:10:00-04:00,120339,"Cooper Plaza",1.125,True,0.9
2022-10-18T18:20:00-04:00,120339,"Cooper Plaza",1.125,True,0.6
2022-10-18T18:30:00-04:00,120339,"Cooper Plaza",1.125,True,0.3
2022-10-18T18:40:00-04:00,120339,"Cooper Plaza",1.125,True,0.6
2022-10-18T18:50:00-04:00,120339,"Cooper Plaza",1.125,True,0.4
2022-10-18T19:00:00-04:00,120339,"Cooper Plaza",1.125,True,0.9
2022-10-18T19:10:00-04:00,120339,"Cooper Plaza",1.125,True,0.5
2022-10-18T19:20:00-04:00,120339,"Cooper Plaza",1.125,True,1.3
2022-10-18T19:30:00-04:00,120339,"Cooper Plaza",1.125,True,1.5
2022-10-18T19:40:00-04:00,120339,"Cooper Plaza",1.125,True,2.0
2022-10-18T19:50:00-04:00,120339,"Cooper Plaza",1.125,True,2.2
2022-10-18T20:00:00-04:00,120339,"Cooper Plaza",1.125,True,2.5
2022-10-18T20:10:00-04:00,120339,"Cooper Plaza",1.125,True,2.5
2022-10-18T20:20:00-04:00,120339,"Cooper Plaza",1.125,True,2.7
2022-10-18T20:30:00-04:00,120339,"Cooper Plaza",1.125,True,3.1
2022-10-18T20:40:00-04:00,120339,"Cooper Plaza",1.125,True,3.3
2022-10-18T20:50:00-04:00,120339,"Cooper Plaza",1.125,True,3.6
2022-10-18T21:00:00-04:00,120339,"Cooper Plaza",1.125,True,3.6
2022-10-18T21:10:00-04:00,120339,"Cooper Plaza",1.125,True,3.5
2022-10-18T21:20:00-04:00,120339,"Cooper Plaza",1.125,True,3.9
2022-10-18T21:30:00-04:00,120339,"Cooper Plaza",1.125,True,3.7
2022-10-18T21:40:00-04:00,120339,"Cooper Plaza",1.125,True,3.5
2022-10-18T21:50:00-04:00,120339,"Cooper Plaza",1.125,True,3.6
2022-10-18T22:00:00-04:00,120339,"Cooper Plaza",1.125,True,3.4
2022-10-18T22:10:00-04:00,120339,"Cooper Plaza",1.125,True,3.0
2022-10-18T22:20:00-04:00,120339,"Cooper Plaza",1.125,True,1.0
2022-10-18T22:30:00-04:00,120339,"Cooper Plaza",1.125,True,0.5
2022-10-18T22:40:00-04:00,120339,"Cooper Plaza",1.125,True,0.4
2022-10-18T22:50:00-04:00,120339,"Cooper Plaza",1.125,True,0.3
2022-10-18T23:00:00-04:00,120339,"Cooper Plaza",1.125,True,0.2
2022-10-18T23:10:00-04:00,120339,"Cooper Plaza",1.125,True,0.7
2022-10-18T23:20:00-04:00,120339,"Cooper Plaza",1.125,True,0.7
2022-10-18T23:30:00-04:00,120339,"Cooper Plaza",1.125,True,0.3
2022-10-18T23:40:00-04:00,120339,"Cooper Plaza",1.125,True,0.3
2022-10-18T23:50:00-04:00,120339,"Cooper Plaza",1.125,True,0.5
2022-10-19T00:00:00-04:00,120339,"Cooper Plaza",1.125,True,4.2
2022-10-19T00:10:00-04:00,120339,"Cooper Plaza",1.125,True,13.7
2022-10-19T00:20:00-04:00,120339,"Cooper Plaza",1.125,True,8.9
2022-10-19T00:30:00-04:00,120339,"Cooper Plaza",1.125,True,5.3
2022-10-19T00:40:00-04:00,120339,"Cooper Plaza",1.125,True,4.1
2022-10-19T00:50:00-04:00,120339,"Cooper Plaza",1.125,True,3.2
2022-10-19T01:00:00-04:00,120339,"Cooper Plaza",1.125,True,2.6
2022-10-19T01:10:00-04:00,120339,"Cooper Plaza",1.125,True,2.5
2022-10-19T01:20:00-04:00,120339,"Cooper Plaza",1.125,True,2.5
2022-10-19T01:30:00-04:00,120339,"Cooper Plaza",1.125,True,3.2
2022-10-19T01:40:00-04:00,120339,"Cooper Plaza",1.125,True,2.5
2022-10-19T01:50:00-04:00,120339,"Cooper Plaza",1.125,True,2.1
2022-10-19T02:00:00-04:00,120339,"Cooper Plaza",1.125,True,2.2
2022-10-19T02:10:00-04:00,120339,"Cooper Plaza",1.125,True,3.7
2022-10-19T02:20:00-04:00,120339,"Cooper Plaza",1.125,True,4.6
2022-10-19T02:30:00-04:00,120339,"Cooper Plaza",1.125,True,1.9
2022-10-19T02:40:00-04:00,120339,"Cooper Plaza",1.125,True,1.3
2022-10-19T02:50:00-04:00,120339,"Cooper Plaza",1.125,True,5.6
2022-10-19T03:00:00-04:00,120339,"Cooper Plaza",1.125,True,6.1
2022-10-19T03:10:00-04:00,120339,"Cooper Plaza",1.125,True,4.8
2022-10-19T03:20:00-04:00,120339,"Cooper Plaza",1.125,True,3.1
2022-10-19T03:30:00-04:00,120339,"Cooper Plaza",1.125,True,4.2
2022-10-19T03:40:00-04:00,120339,"Cooper Plaza",1.125,True,4.7
2022-10-19T03:50:00-04:00,120339,"Cooper Plaza",1.125,True,4.8
2022-10-19T04:00:00-04:00,120339,"Cooper Plaza",1.125,True,12.1
2022-10-19T04:10:00-04:00,120339,"Cooper Plaza",1.125,True,7.8
2022-10-19T04:20:00-04:00,120339,"Cooper Plaza",1.125,True,3.9
2022-10-19T04:30:00-04:00,120339,"Cooper Plaza",1.125,True,2.9
2022-10-19T04:40:00-04:00,120339,"Cooper Plaza",1.125,True,11.0
2022-10-19T04:50:00-04:00,120339,"Cooper Plaza",1.125,True,1.7
2022-10-19T05:00:00-04:00,120339,"Cooper Plaza",1.125,True,0.3
2022-10-19T05:10:00-04:00,120339,"Cooper Plaza",1.125,True,0.3
2022-10-19T05:20:00-04:00,120339,"Cooper Plaza",1.125,True,0.5
2022-10-19T05:30:00-04:00,120339,"Cooper Plaza",1.125,True,2.5
2022-10-19T05:40:00-04:00,120339,"Cooper Plaza",1.125,True,3.5
2022-10-19T05:50:00-04:00,120339,"Cooper Plaza",1.125,True,3.0
2022-10-19T06:00:00-04:00,120339,"Cooper Plaza",1.125,True,4.3
2022-10-19T06:10:00-04:00,120339,"Cooper Plaza",1.125,True,6.0
2022-10-19T06:20:00-04:00,120339,"Cooper Plaza",1.125,True,3.8
2022-10-19T06:30:00-04:00,120339,"Cooper Plaza",1.125,True,3.8
2022-10-19T06:40:00-04:00,120339,"Cooper Plaza",1.125,True,6.9
2022-10-19T06:50:00-04:00,120339,"Cooper Plaza",1.125,True,1.7
2022-10-19T07:00:00-04:00,120339,"Cooper Plaza",1.125,True,1.8
2022-10-19T07:10:00-04:00,120339,"Cooper Plaza",1.125,True,2.0
2022-10-19T07:20:00-04:00,120339,"Cooper Plaza",1.125,True,2.4
2022-10-19T07:30:00-04:00,120339,"Cooper Plaza",1.125,True,1.9
2022-10-19T07:40:00-04:00,120339,"Cooper Plaza",1.125,True,2.5
2022-10-19T07:50:00-04:00,120339,"Cooper Plaza",1.125,True,9.7
2022-10-19T08:00:00-04:00,120339,"Cooper Plaza",1.125,True,8.1
2022-10-19T08:10:00-04:00,120339,"Cooper Plaza",1.125,True,4.2
2022-10-19T08:20:00-04:00,120339,"Cooper Plaza",1.125,True,7.0
2022-10-19T08:30:00-04:00,120339,"Cooper Plaza",1.125,True,3.9
2022-10-19T08:40:00-04:00,120339,"Cooper Plaza",1.125,True,2.6
2022-10-19T08:50:00-04:00,120339,"Cooper Plaza",1.125,True,2.1
2022-10-19T09:00:00-04:00,120339,"Cooper Plaza",1.125,True,3.2
2022-10-19T09:10:00-04:00,120339,"Cooper Plaza",1.125,True,1.6
2022-10-19T09:20:00-04:00,120339,"Cooper Plaza",1.125,True,1.0
2022-10-19T09:30:00-04:00,120339,"Cooper Plaza",1.125,True,0.5
2022-10-19T09:40:00-04:00,120339,"Cooper Plaza",1.125,True,2.9
2022-10-19T09:50:00-04:00,120339,"Cooper Plaza",1.125,True,0.7
2022-10-19T10:00:00-04:00,120339,"Cooper Plaza",1.125,True,0.0
2022-10-19T10:10:00-04:00,120339,"Cooper Plaza",1.125,True,0.1
2022-10-19T10:20:00-04:00,120339,"Cooper Plaza",1.125,True,0.0
2022-10-19T10:30:00-04:00,120339,"Cooper Plaza",1.125,True,0.0
2022-10-19T10:40:00-04:00,120339,"Cooper Plaza",1.125,True,0.0
2022-10-19T10:50:00-04:00,120339,"Cooper Plaza",1.125,True,0.1
2022-10-19T11:00:00-04:00,120339,"Cooper Plaza",1.125,True,0.0
2022-10-19T11:10:00-04:00,120339,"Cooper Plaza",1.125,True,0.0
2022-10-19T11:20:00-04:00,120339,"Cooper Plaza",1.125,True,0.0
2022-10-19T11:30:00-04:00,120339,"Cooper Plaza",1.125,True,0.0
2022-10-19T11:40:00-04:00,120339,"Cooper Plaza",1.125,True,0.0
2022-10-19T11:50:00-04:00,120339,"Cooper Plaza",1.125,True,0.0
2022-10-19T12:00:00-04:00,120339,"Cooper Plaza",1.125,True,0.0
2022-10-19T12:10:00-04:00,120339,"Cooper Plaza",1.125,True,0.0
2022-10-19T12:20:00-04:00,120339,"Cooper Plaza",1.125,True,0.0
2022-10-19T12:30:00-04:00,120339,"Cooper Plaza",1.125,True,0.0
2022-10-19T12:40:00-04:00,120339,"Cooper Plaza",1.125,True,0.0
2022-10-19T12:50:00-04:00,120339,"Cooper Plaza",1.125,True,0.0
2022-10-19T13:00:00-04:00,120339,"Cooper Plaza",1.125,True,0.0
2022-10-19T13:10:00-04:00,120339,"Cooper Plaza",1.125,True,0.0
2022-10-19T13:20:00-04:00,120339,"Cooper Plaza",1.125,True,0.0
2022-10-19T13:30:00-04:00,120339,"Cooper Plaza",1.125,True,0.0
2022-10-19T13:40:00-04:00,120339,"Cooper Plaza",1.125,True,0.0
2022-10-19T13:50:00-04:00,120339,"Cooper Plaza",1.125,True,0.0
2022-10-19T14:00:00-04:00,120339,"Cooper Plaza",1.125,True,0.0
2022-10-19T14:10:00-04:00,120339,"Cooper Plaza",1.125,True,0.0
2022-10-19T14:20:00-04:00,120339,"Cooper Plaza",1.125,True,0.0
2022-10-19T14:30:00-04:00,120339,"Cooper Plaza",1.125,True,0.0
2022-10-19T14:40:00-04:00,120339,"Cooper Plaza",1.125,True,0.0
2022-10-19T14:50:00-04:00,120339,"Cooper Plaza",1.125,True,0.0
2022-10-19T15:00:00-04:00,120339,"Cooper Plaza",1.125,True,0.0
2022-10-19T15:10:00-04:00,120339,"Cooper Plaza",1.125,True,0.0
2022-10-19T15:20:00-04:00,120339,"Cooper Plaza",1.125,True,0.0
2022-10-19T15:30:00-04:00,120339,"Cooper Plaza",1.125,True,0.0
2022-10-19T15:40:00-04:00,120339,"Cooper Plaza",1.125,True,0.0
2022-10-19T15:50:00-04:00,120339,"Cooper Plaza",1.125,True,0.0
2022-10-19T16:00:00-04:00,120339,"Cooper Plaza",1.125,True,0.0
2022-10-19T16:10:00-04:00,120339,"Cooper Plaza",1.125,True,0.0
2022-10-19T16:20:00-04:00,120339,"Cooper Plaza",1.125,True,0.0
2022-10-19T16:30:00-04:00,120339,"Cooper Plaza",1.125,True,0.3
2022-10-19T16:40:00-04:00,120339,"Cooper Plaza",1.125,True,0.0
2022-10-19T16:50:00-04:00,120339,"Cooper Plaza",1.125,True,0.0
2022-10-19T17:00:00-04:00,120339,"Cooper Plaza",1.125,True,0.0
2022-10-19T17:10:00-04:00,120339,"Cooper Plaza",1.125,True,0.0
2022-10-19T17:20:00-04:00,120339,"Cooper Plaza",1.125,True,0.0
2022-10-19T17:30:00-04:00,120339,"Cooper Plaza",1.125,True,0.0
2022-10-19T17:40:00-04:00,120339,"Cooper Plaza",1.125,True,0.0
2022-10-19T17:50:00-04:00,120339,"Cooper Plaza",1.125,True,0.0
2022-10-19T18:00:00-04:00,120339,"Cooper Plaza",1.125,True,0.3
2022-10-19T18:10:00-04:00,120339,"Cooper Plaza",1.125,True,0.0
2022-10-19T18:20:00-04:00,120339,"Cooper Plaza",1.125,True,0.0
2022-10-19T18:30:00-04:00,120339,"Cooper Plaza",1.125,True,0.0
2022-10-19T18:40:00-04:00,120339,"Cooper Plaza",1.125,True,0.0
2022-10-19T18:50:00-04:00,120339,"Cooper Plaza",1.125,True,0.0
2022-10-19T19:00:00-04:00,120339,"Cooper Plaza",1.125,True,0.0
2022-10-19T19:10:00-04:00,120339,"Cooper Plaza",1.125,True,0.0
2022-10-19T19:20:00-04:00,120339,"Cooper Plaza",1.125,True,0.0
2022-10-19T19:30:00-04:00,120339,"Cooper Plaza",1.125,True,0.0
2022-10-19T19:40:00-04:00,120339,"Cooper Plaza",1.125,True,0.0
2022-10-19T19:50:00-04:00,120339,"Cooper Plaza",1.125,True,0.0
2022-10-19T20:00:00-04:00,120339,"Cooper Plaza",1.125,True,0.0
2022-10-19T20:10:00-04:00,120339,"Cooper Plaza",1.125,True,0.0
2022-10-19T20:20:00-04:00,120339,"Cooper Plaza",1.125,True,0.0
2022-10-19T20:30:00-04:00,120339,"Cooper Plaza",1.125,True,0.0
2022-10-19T20:40:00-04:00,120339,"Cooper Plaza",1.125,True,0.0
2022-10-19T20:50:00-04:00,120339,"Cooper Plaza",1.125,True,0.0
2022-10-19T21:00:00-04:00,120339,"Cooper Plaza",1.125,True,0.0
2022-10-19T21:10:00-04:00,120339,"Cooper Plaza",1.125,True,0.0
2022-10-19T21:20:00-04:00,120339,"Cooper Plaza",1.125,True,0.0
2022-10-19T21:30:00-04:00,120339,"Cooper Plaza",1.125,True,0.0
2022-10-19T21:40:00-04:00,120339,"Cooper Plaza",1.125,True,0.0
2022-10-19T21:50:00-04:00,120339,"Cooper Plaza",1.125,True,0.0
2022-10-19T22:00:00-04:00,120339,"Cooper Plaza",1.125,True,0.0
2022-10-19T22:10:00-04:00,120339,"Cooper Plaza",1.125,True,0.0
2022-10-19T22:20:00-04:00,120339,"Cooper Plaza",1.125,True,0.0
2022-10-19T22:30:00-04:00,120339,"Cooper Plaza",1.125,True,0.0
2022-10-19T22:40:00-04:00,120339,"Cooper Plaza",1.125,True,0.0
2022-10-19T22:50:00-04:00,120339,"Cooper Plaza",1.125,True,0.0
2022-10-19T23:00:00-04:00,120339,"Cooper Plaza",1.125,True,0.0
2022-10-19T23:10:00-04:00,120339,"Cooper Plaza",1.125,True,0.0
2022-10-19T23:20:00-04:00,120339,"Cooper Plaza",1.125,True,0.0
2022-10-19T23:30:00-04:00,120339,"Cooper Plaza",1.125,True,0.0
2022-10-19T23:40:00-04:00,120339,"Cooper Plaza",1.125,True,0.0
2022-10-19T23:50:00-04:00,120339,"Cooper Plaza",1.125,True,0.0
2022-10-20T00:00:00-04:00,120339,"Cooper Plaza",1.125,True,0.0
2022-10-20T00:10:00-04:00,120339,"Cooper Plaza",1.125,True,0.0
2022-10-20T00:20:00-04:00,120339,"Cooper Plaza",1.125,True,0.1
2022-10-20T00:30:00-04:00,120339,"Cooper Plaza",1.125,True,0.0
2022-10-20T00:40:00-04:00,120339,"Cooper Plaza",1.125,True,1.5
2022-10-20T00:50:00-04:00,120339,"Cooper Plaza",1.125,True,0.0
2022-10-20T01:00:00-04:00,120339,"Cooper Plaza",1.125,True,0.1
2022-10-20T01:10:00-04:00,120339,"Cooper Plaza",1.125,True,0.0
2022-10-20T01:20:00-04:00,120339,"Cooper Plaza",1.125,True,0.0
2022-10-20T01:30:00-04:00,120339,"Cooper Plaza",1.125,True,0.0
2022-10-20T01:40:00-04:00,120339,"Cooper Plaza",1.125,True,0.0
2022-10-20T01:50:00-04:00,120339,"Cooper Plaza",1.125,True,0.0
2022-10-20T02:00:00-04:00,120339,"Cooper Plaza",1.125,True,0.0
2022-10-20T02:10:00-04:00,120339,"Cooper Plaza",1.125,True,0.0
2022-10-20T02:20:00-04:00,120339,"Cooper Plaza",1.125,True,0.0
2022-10-20T02:30:00-04:00,120339,"Cooper Plaza",1.125,True,0.0
2022-10-20T02:40:00-04:00,120339,"Cooper Plaza",1.125,True,0.0
2022-10-20T02:50:00-04:00,120339,"Cooper Plaza",1.125,True,0.0
2022-10-20T03:00:00-04:00,120339,"Cooper Plaza",1.125,True,0.0
2022-10-20T03:10:00-04:00,120339,"Cooper Plaza",1.125,True,0.0
2022-10-20T03:20:00-04:00,120339,"Cooper Plaza",1.125,True,0.0
2022-10-20T03:30:00-04:00,120339,"Cooper Plaza",1.125,True,0.0
2022-10-20T03:40:00-04:00,120339,"Cooper Plaza",1.125,True,0.0
2022-10-20T03:50:00-04:00,120339,"Cooper Plaza",1.125,True,0.0
2022-10-20T04:00:00-04:00,120339,"Cooper Plaza",1.125,True,0.0
2022-10-20T04:10:00-04:00,120339,"Cooper Plaza",1.125,True,0.1
2022-10-20T04:20:00-04:00,120339,"Cooper Plaza",1.125,True,0.1
2022-10-20T04:30:00-04:00,120339,"Cooper Plaza",1.125,True,0.1
2022-10-20T04:40:00-04:00,120339,"Cooper Plaza",1.125,True,0.1
2022-10-20T04:50:00-04:00,120339,"Cooper Plaza",1.125,True,0.1
2022-10-20T05:00:00-04:00,120339,"Cooper Plaza",1.125,True,0.7
2022-10-20T05:10:00-04:00,120339,"Cooper Plaza",1.125,True,1.0
2022-10-20T05:20:00-04:00,120339,"Cooper Plaza",1.125,True,1.3
2022-10-20T05:30:00-04:00,120339,"Cooper Plaza",1.125,True,0.9
2022-10-20T05:40:00-04:00,120339,"Cooper Plaza",1.125,True,1.3
2022-10-20T05:50:00-04:00,120339,"Cooper Plaza",1.125,True,2.7
2022-10-20T06:00:00-04:00,120339,"Cooper Plaza",1.125,True,2.2
2022-10-20T06:10:00-04:00,120339,"Cooper Plaza",1.125,True,2.6
2022-10-20T06:20:00-04:00,120339,"Cooper Plaza",1.125,True,1.9
2022-10-20T06:30:00-04:00,120339,"Cooper Plaza",1.125,True,2.2
2022-10-20T06:40:00-04:00,120339,"Cooper Plaza",1.125,True,2.7
2022-10-20T06:50:00-04:00,120339,"Cooper Plaza",1.125,True,3.2
2022-10-20T07:00:00-04:00,120339,"Cooper Plaza",1.125,True,3.4
2022-10-20T07:10:00-04:00,120339,"Cooper Plaza",1.125,True,2.9
2022-10-20T07:20:00-04:00,120339,"Cooper Plaza",1.125,True,2.4
2022-10-20T07:30:00-04:00,120339,"Cooper Plaza",1.125,True,2.7
2022-10-20T07:40:00-04:00,120339,"Cooper Plaza",1.125,True,3.6
2022-10-20T07:50:00-04:00,120339,"Cooper Plaza",1.125,True,3.7
2022-10-20T08:00:00-04:00,120339,"Cooper Plaza",1.125,True,3.0
2022-10-20T08:10:00-04:00,120339,"Cooper Plaza",1.125,True,3.2
2022-10-20T08:20:00-04:00,120339,"Cooper Plaza",1.125,True,3.1
2022-10-20T08:30:00-04:00,120339,"Cooper Plaza",1.125,True,2.9
2022-10-20T08:40:00-04:00,120339,"Cooper Plaza",1.125,True,2.9
2022-10-20T08:50:00-04:00,120339,"Cooper Plaza",1.125,True,2.4
2022-10-20T09:00:00-04:00,120339,"Cooper Plaza",1.125,True,2.3
2022-10-20T09:10:00-04:00,120339,"Cooper Plaza",1.125,True,3.9
2022-10-20T09:20:00-04:00,120339,"Cooper Plaza",1.125,True,2.0
2022-10-20T09:30:00-04:00,120339,"Cooper Plaza",1.125,True,1.7
2022-10-20T09:40:00-04:00,120339,"Cooper Plaza",1.125,True,1.2
2022-10-20T09:50:00-04:00,120339,"Cooper Plaza",1.125,True,0.3
2022-10-20T10:00:00-04:00,120339,"Cooper Plaza",1.125,True,0.1
2022-10-20T10:10:00-04:00,120339,"Cooper Plaza",1.125,True,0.1
2022-10-20T10:20:00-04:00,120339,"Cooper Plaza",1.125,True,0.2
2022-10-20T10:30:00-04:00,120339,"Cooper Plaza",1.125,True,0.0
2022-10-20T10:40:00-04:00,120339,"Cooper Plaza",1.125,True,0.0
2022-10-20T10:50:00-04:00,120339,"Cooper Plaza",1.125,True,0.0
2022-10-20T11:00:00-04:00,120339,"Cooper Plaza",1.125,True,0.0
2022-10-20T11:10:00-04:00,120339,"Cooper Plaza",1.125,True,0.0
2022-10-20T11:20:00-04:00,120339,"Cooper Plaza",1.125,True,0.1
2022-10-20T11:30:00-04:00,120339,"Cooper Plaza",1.125,True,0.0
2022-10-20T11:40:00-04:00,120339,"Cooper Plaza",1.125,True,0.0
2022-10-20T11:50:00-04:00,120339,"Cooper Plaza",1.125,True,0.0
2022-10-20T12:00:00-04:00,120339,"Cooper Plaza",1.125,True,0.1
2022-10-20T12:10:00-04:00,120339,"Cooper Plaza",1.125,True,0.0
2022-10-20T12:20:00-04:00,120339,"Cooper Plaza",1.125,True,0.0
2022-10-20T12:30:00-04:00,120339,"Cooper Plaza",1.125,True,0.0
2022-10-20T12:40:00-04:00,120339,"Cooper Plaza",1.125,True,0.0
2022-10-20T12:50:00-04:00,120339,"Cooper Plaza",1.125,True,0.0
2022-10-20T13:00:00-04:00,120339,"Cooper Plaza",1.125,True,0.1
2022-10-20T13:10:00-04:00,120339,"Cooper Plaza",1.125,True,0.1
2022-10-20T13:20:00-04:00,120339,"Cooper Plaza",1.125,True,0.0
2022-10-20T13:30:00-04:00,120339,"Cooper Plaza",1.125,True,0.0
2022-10-20T13:40:00-04:00,120339,"Cooper Plaza",1.125,True,0.0
2022-10-20T13:50:00-04:00,120339,"Cooper Plaza",1.125,True,0.0
2022-10-20T14:00:00-04:00,120339,"Cooper Plaza",1.125,True,0.0
2022-10-20T14:10:00-04:00,120339,"Cooper Plaza",1.125,True,0.0
2022-10-20T14:20:00-04:00,120339,"Cooper Plaza",1.125,True,0.0
2022-10-20T14:30:00-04:00,120339,"Cooper Plaza",1.125,True,0.0
2022-10-20T14:40:00-04:00,120339,"Cooper Plaza",1.125,True,0.0
2022-10-20T14:50:00-04:00,120339,"Cooper Plaza",1.125,True,0.1
2022-10-20T15:00:00-04:00,120339,"Cooper Plaza",1.125,True,0.0
2022-10-20T15:10:00-04:00,120339,"Cooper Plaza",1.125,True,0.0
2022-10-20T15:20:00-04:00,120339,"Cooper Plaza",1.125,True,0.0
2022-10-20T15:30:00-04:00,120339,"Cooper Plaza",1.125,True,0.0
2022-10-20T15:40:00-04:00,120339,"Cooper Plaza",1.125,True,0.0
2022-10-20T15:50:00-04:00,120339,"Cooper Plaza",1.125,True,0.0
2022-10-20T16:00:00-04:00,120339,"Cooper Plaza",1.125,True,0.0
2022-10-20T16:10:00-04:00,120339,"Cooper Plaza",1.125,True,0.0
2022-10-20T16:20:00-04:00,120339,"Cooper Plaza",1.125,True,0.0
2022-10-20T16:30:00-04:00,120339,"Cooper Plaza",1.125,True,0.0
2022-10-20T16:40:00-04:00,120339,"Cooper Plaza",1.125,True,0.0
2022-10-20T16:50:00-04:00,120339,"Cooper Plaza",1.125,True,0.0
2022-10-20T17:00:00-04:00,120339,"Cooper Plaza",1.125,True,0.0
2022-10-20T17:10:00-04:00,120339,"Cooper Plaza",1.125,True,0.1
2022-10-20T17:20:00-04:00,120339,"Cooper Plaza",1.125,True,0.1
2022-10-20T17:30:00-04:00,120339,"Cooper Plaza",1.125,True,0.0
2022-10-20T17:40:00-04:00,120339,"Cooper Plaza",1.125,True,0.0
2022-10-20T17:50:00-04:00,120339,"Cooper Plaza",1.125,True,0.0
2022-10-20T18:00:00-04:00,120339,"Cooper Plaza",1.125,True,0.0
2022-10-20T18:10:00-04:00,120339,"Cooper Plaza",1.125,True,0.0
2022-10-20T18:20:00-04:00,120339,"Cooper Plaza",1.125,True,0.2
2022-10-20T18:30:00-04:00,120339,"Cooper Plaza",1.125,True,0.1
2022-10-20T18:40:00-04:00,120339,"Cooper Plaza",1.125,True,0.8
2022-10-20T18:50:00-04:00,120339,"Cooper Plaza",1.125,True,1.2
2022-10-20T19:00:00-04:00,120339,"Cooper Plaza",1.125,True,0.1
2022-10-20T19:10:00-04:00,120339,"Cooper Plaza",1.125,True,0.0
2022-10-20T19:20:00-04:00,120339,"Cooper Plaza",1.125,True,0.1
2022-10-20T19:30:00-04:00,120339,"Cooper Plaza",1.125,True,0.1
2022-10-20T19:40:00-04:00,120339,"Cooper Plaza",1.125,True,0.1
2022-10-20T19:50:00-04:00,120339,"Cooper Plaza",1.125,True,0.5
2022-10-20T20:00:00-04:00,120339,"Cooper Plaza",1.125,True,1.2
2022-10-20T20:10:00-04:00,120339,"Cooper Plaza",1.125,True,1.4
2022-10-20T20:20:00-04:00,120339,"Cooper Plaza",1.125,True,1.3
2022-10-20T20:30:00-04:00,120339,"Cooper Plaza",1.125,True,1.3
2022-10-20T20:40:00-04:00,120339,"Cooper Plaza",1.125,True,1.6
2022-10-20T20:50:00-04:00,120339,"Cooper Plaza",1.125,True,1.5
2022-10-20T21:00:00-04:00,120339,"Cooper Plaza",1.125,True,1.2
2022-10-20T21:10:00-04:00,120339,"Cooper Plaza",1.125,True,1.4
2022-10-20T21:20:00-04:00,120339,"Cooper Plaza",1.125,True,1.5
2022-10-20T21:30:00-04:00,120339,"Cooper Plaza",1.125,True,0.9
2022-10-20T21:40:00-04:00,120339,"Cooper Plaza",1.125,True,0.4
2022-10-20T21:50:00-04:00,120339,"Cooper Plaza",1.125,True,0.6
2022-10-20T22:00:00-04:00,120339,"Cooper Plaza",1.125,True,0.8
2022-10-20T22:10:00-04:00,120339,"Cooper Plaza",1.125,True,1.2
2022-10-20T22:20:00-04:00,120339,"Cooper Plaza",1.125,True,0.9
2022-10-20T22:30:00-04:00,120339,"Cooper Plaza",1.125,True,1.0
2022-10-20T22:40:00-04:00,120339,"Cooper Plaza",1.125,True,1.0
2022-10-20T22:50:00-04:00,120339,"Cooper Plaza",1.125,True,1.3
2022-10-20T23:00:00-04:00,120339,"Cooper Plaza",1.125,True,1.4
2022-10-20T23:10:00-04:00,120339,"Cooper Plaza",1.125,True,1.9
2022-10-20T23:20:00-04:00,120339,"Cooper Plaza",1.125,True,2.0
2022-10-20T23:30:00-04:00,120339,"Cooper Plaza",1.125,True,2.2
2022-10-20T23:40:00-04:00,120339,"Cooper Plaza",1.125,True,2.6
2022-10-20T23:50:00-04:00,120339,"Cooper Plaza",1.125,True,2.6
2022-10-21T00:00:00-04:00,120339,"Cooper Plaza",1.125,True,2.6
2022-10-21T00:10:00-04:00,120339,"Cooper Plaza",1.125,True,2.6
2022-10-21T00:20:00-04:00,120339,"Cooper Plaza",1.125,True,2.6
2022-10-21T00:30:00-04:00,120339,"Cooper Plaza",1.125,True,2.8
2022-10-21T00:40:00-04:00,120339,"Cooper Plaza",1.125,True,3.6
2022-10-21T00:50:00-04:00,120339,"Cooper Plaza",1.125,True,4.5
2022-10-21T01:00:00-04:00,120339,"Cooper Plaza",1.125,True,5.3
2022-10-21T01:10:00-04:00,120339,"Cooper Plaza",1.125,True,4.4
2022-10-21T01:20:00-04:00,120339,"Cooper Plaza",1.125,True,3.3
2022-10-21T01:30:00-04:00,120339,"Cooper Plaza",1.125,True,3.3
2022-10-21T01:40:00-04:00,120339,"Cooper Plaza",1.125,True,4.0
2022-10-21T01:50:00-04:00,120339,"Cooper Plaza",1.125,True,5.0
2022-10-21T02:00:00-04:00,120339,"Cooper Plaza",1.125,True,7.0
2022-10-21T02:10:00-04:00,120339,"Cooper Plaza",1.125,True,17.1
2022-10-21T02:20:00-04:00,120339,"Cooper Plaza",1.125,True,9.0
2022-10-21T02:30:00-04:00,120339,"Cooper Plaza",1.125,True,13.2
2022-10-21T02:40:00-04:00,120339,"Cooper Plaza",1.125,True,6.5
2022-10-21T02:50:00-04:00,120339,"Cooper Plaza",1.125,True,4.2
2022-10-21T03:00:00-04:00,120339,"Cooper Plaza",1.125,True,3.7
2022-10-21T03:10:00-04:00,120339,"Cooper Plaza",1.125,True,4.1
2022-10-21T03:20:00-04:00,120339,"Cooper Plaza",1.125,True,4.2
2022-10-21T03:30:00-04:00,120339,"Cooper Plaza",1.125,True,3.5
2022-10-21T03:40:00-04:00,120339,"Cooper Plaza",1.125,True,3.9
2022-10-21T03:50:00-04:00,120339,"Cooper Plaza",1.125,True,4.5
2022-10-21T04:00:00-04:00,120339,"Cooper Plaza",1.125,True,4.0
2022-10-21T04:10:00-04:00,120339,"Cooper Plaza",1.125,True,3.6
2022-10-21T04:20:00-04:00,120339,"Cooper Plaza",1.125,True,3.6
2022-10-21T04:30:00-04:00,120339,"Cooper Plaza",1.125,True,3.9
2022-10-21T04:40:00-04:00,120339,"Cooper Plaza",1.125,True,3.9
2022-10-21T04:50:00-04:00,120339,"Cooper Plaza",1.125,True,4.0
2022-10-21T05:00:00-04:00,120339,"Cooper Plaza",1.125,True,4.3
2022-10-21T05:10:00-04:00,120339,"Cooper Plaza",1.125,True,4.6
2022-10-21T05:20:00-04:00,120339,"Cooper Plaza",1.125,True,4.8
2022-10-21T05:30:00-04:00,120339,"Cooper Plaza",1.125,True,5.6
2022-10-21T05:40:00-04:00,120339,"Cooper Plaza",1.125,True,6.0
2022-10-21T05:50:00-04:00,120339,"Cooper Plaza",1.125,True,10.6
2022-10-21T06:00:00-04:00,120339,"Cooper Plaza",1.125,True,15.7
2022-10-21T06:10:00-04:00,120339,"Cooper Plaza",1.125,True,13.9
2022-10-21T06:20:00-04:00,120339,"Cooper Plaza",1.125,True,15.7
2022-10-21T06:30:00-04:00,120339,"Cooper Plaza",1.125,True,12.6
2022-10-21T06:40:00-04:00,120339,"Cooper Plaza",1.125,True,10.8
2022-10-21T06:50:00-04:00,120339,"Cooper Plaza",1.125,True,9.5
2022-10-21T07:00:00-04:00,120339,"Cooper Plaza",1.125,True,8.9
2022-10-21T07:10:00-04:00,120339,"Cooper Plaza",1.125,True,9.5
2022-10-21T07:20:00-04:00,120339,"Cooper Plaza",1.125,True,10.9
2022-10-21T07:30:00-04:00,120339,"Cooper Plaza",1.125,True,10.1
2022-10-21T07:40:00-04:00,120339,"Cooper Plaza",1.125,True,12.2
2022-10-21T07:50:00-04:00,120339,"Cooper Plaza",1.125,True,15.6
2022-10-21T08:00:00-04:00,120339,"Cooper Plaza",1.125,True,17.1
2022-10-21T08:10:00-04:00,120339,"Cooper Plaza",1.125,True,20.1
2022-10-21T08:20:00-04:00,120339,"Cooper Plaza",1.125,True,24.6
2022-10-21T08:30:00-04:00,120339,"Cooper Plaza",1.125,True,35.7
2022-10-21T08:40:00-04:00,120339,"Cooper Plaza",1.125,True,39.2
2022-10-21T08:50:00-04:00,120339,"Cooper Plaza",1.125,True,23.7
2022-10-21T09:00:00-04:00,120339,"Cooper Plaza",1.125,True,22.8
2022-10-21T09:10:00-04:00,120339,"Cooper Plaza",1.125,True,22.0
2022-10-21T09:20:00-04:00,120339,"Cooper Plaza",1.125,True,22.8
2022-10-21T09:30:00-04:00,120339,"Cooper Plaza",1.125,True,23.8
2022-10-21T09:40:00-04:00,120339,"Cooper Plaza",1.125,True,24.0
2022-10-21T09:50:00-04:00,120339,"Cooper Plaza",1.125,True,23.4
2022-10-21T10:00:00-04:00,120339,"Cooper Plaza",1.125,True,25.2
2022-10-21T10:10:00-04:00,120339,"Cooper Plaza",1.125,True,29.9
2022-10-21T10:20:00-04:00,120339,"Cooper Plaza",1.125,True,32.3
2022-10-21T10:30:00-04:00,120339,"Cooper Plaza",1.125,True,36.9
2022-10-21T10:40:00-04:00,120339,"Cooper Plaza",1.125,True,35.7
2022-10-21T10:50:00-04:00,120339,"Cooper Plaza",1.125,True,37.3
2022-10-21T11:00:00-04:00,120339,"Cooper Plaza",1.125,True,45.7
2022-10-21T11:10:00-04:00,120339,"Cooper Plaza",1.125,True,37.8
2022-10-21T11:20:00-04:00,120339,"Cooper Plaza",1.125,True,30.6
2022-10-21T11:30:00-04:00,120339,"Cooper Plaza",1.125,True,24.4
2022-10-21T11:40:00-04:00,120339,"Cooper Plaza",1.125,True,18.9
2022-10-21T11:50:00-04:00,120339,"Cooper Plaza",1.125,True,17.6
2022-10-21T12:00:00-04:00,120339,"Cooper Plaza",1.125,True,10.1
2022-10-21T12:10:00-04:00,120339,"Cooper Plaza",1.125,True,3.3
2022-10-21T12:20:00-04:00,120339,"Cooper Plaza",1.125,True,3.6
2022-10-21T12:30:00-04:00,120339,"Cooper Plaza",1.125,True,5.3
2022-10-21T12:40:00-04:00,120339,"Cooper Plaza",1.125,True,4.9
2022-10-21T12:50:00-04:00,120339,"Cooper Plaza",1.125,True,4.2
2022-10-21T13:00:00-04:00,120339,"Cooper Plaza",1.125,True,4.3
2022-10-21T13:10:00-04:00,120339,"Cooper Plaza",1.125,True,2.1
2022-10-21T13:20:00-04:00,120339,"Cooper Plaza",1.125,True,0.9
2022-10-21T13:30:00-04:00,120339,"Cooper Plaza",1.125,True,1.1
2022-10-21T13:40:00-04:00,120339,"Cooper Plaza",1.125,True,2.3
2022-10-21T13:50:00-04:00,120339,"Cooper Plaza",1.125,True,2.5
2022-10-21T14:00:00-04:00,120339,"Cooper Plaza",1.125,True,2.2
2022-10-21T14:10:00-04:00,120339,"Cooper Plaza",1.125,True,1.6
2022-10-21T14:20:00-04:00,120339,"Cooper Plaza",1.125,True,1.7
2022-10-21T14:30:00-04:00,120339,"Cooper Plaza",1.125,True,1.0
2022-10-21T14:40:00-04:00,120339,"Cooper Plaza",1.125,True,0.7
2022-10-21T14:50:00-04:00,120339,"Cooper Plaza",1.125,True,0.5
2022-10-21T15:00:00-04:00,120339,"Cooper Plaza",1.125,True,0.7
2022-10-21T15:10:00-04:00,120339,"Cooper Plaza",1.125,True,0.6
2022-10-21T15:20:00-04:00,120339,"Cooper Plaza",1.125,True,0.3
2022-10-21T15:30:00-04:00,120339,"Cooper Plaza",1.125,True,0.5
2022-10-21T15:40:00-04:00,120339,"Cooper Plaza",1.125,True,0.5
2022-10-21T15:50:00-04:00,120339,"Cooper Plaza",1.125,True,0.3
2022-10-21T16:00:00-04:00,120339,"Cooper Plaza",1.125,True,0.2
2022-10-21T16:10:00-04:00,120339,"Cooper Plaza",1.125,True,0.3
2022-10-21T16:20:00-04:00,120339,"Cooper Plaza",1.125,True,0.2
2022-10-21T16:30:00-04:00,120339,"Cooper Plaza",1.125,True,0.1
2022-10-21T16:40:00-04:00,120339,"Cooper Plaza",1.125,True,0.1
2022-10-21T16:50:00-04:00,120339,"Cooper Plaza",1.125,True,0.1
2022-10-21T17:00:00-04:00,120339,"Cooper Plaza",1.125,True,0.1
2022-10-21T17:10:00-04:00,120339,"Cooper Plaza",1.125,True,0.0
2022-10-21T17:20:00-04:00,120339,"Cooper Plaza",1.125,True,0.2
2022-10-21T17:30:00-04:00,120339,"Cooper Plaza",1.125,True,0.2
2022-10-21T17:40:00-04:00,120339,"Cooper Plaza",1.125,True,0.4
2022-10-21T17:50:00-04:00,120339,"Cooper Plaza",1.125,True,0.2
2022-10-21T18:00:00-04:00,120339,"Cooper Plaza",1.125,True,0.2
2022-10-21T18:10:00-04:00,120339,"Cooper Plaza",1.125,True,0.5
2022-10-21T18:20:00-04:00,120339,"Cooper Plaza",1.125,True,1.6
2022-10-21T18:30:00-04:00,120339,"Cooper Plaza",1.125,True,1.9
2022-10-21T18:40:00-04:00,120339,"Cooper Plaza",1.125,True,1.9
2022-10-21T18:50:00-04:00,120339,"Cooper Plaza",1.125,True,2.5
2022-10-21T19:00:00-04:00,120339,"Cooper Plaza",1.125,True,3.7
2022-10-21T19:10:00-04:00,120339,"Cooper Plaza",1.125,True,5.3
2022-10-21T19:20:00-04:00,120339,"Cooper Plaza",1.125,True,4.6
2022-10-21T19:30:00-04:00,120339,"Cooper Plaza",1.125,True,4.6
2022-10-21T19:40:00-04:00,120339,"Cooper Plaza",1.125,True,3.3
2022-10-21T19:50:00-04:00,120339,"Cooper Plaza",1.125,True,4.1
2022-10-21T20:00:00-04:00,120339,"Cooper Plaza",1.125,True,4.9
2022-10-21T20:10:00-04:00,120339,"Cooper Plaza",1.125,True,4.8
2022-10-21T20:20:00-04:00,120339,"Cooper Plaza",1.125,True,4.7
2022-10-21T20:30:00-04:00,120339,"Cooper Plaza",1.125,True,4.5
2022-10-21T20:40:00-04:00,120339,"Cooper Plaza",1.125,True,4.6
2022-10-21T20:50:00-04:00,120339,"Cooper Plaza",1.125,True,4.7
2022-10-21T21:00:00-04:00,120339,"Cooper Plaza",1.125,True,4.6
2022-10-21T21:10:00-04:00,120339,"Cooper Plaza",1.125,True,4.7
2022-10-21T21:20:00-04:00,120339,"Cooper Plaza",1.125,True,5.3
2022-10-21T21:30:00-04:00,120339,"Cooper Plaza",1.125,True,5.8
2022-10-21T21:40:00-04:00,120339,"Cooper Plaza",1.125,True,6.4
2022-10-21T21:50:00-04:00,120339,"Cooper Plaza",1.125,True,6.9
2022-10-21T22:00:00-04:00,120339,"Cooper Plaza",1.125,True,7.0
2022-10-21T22:10:00-04:00,120339,"Cooper Plaza",1.125,True,8.3
2022-10-21T22:20:00-04:00,120339,"Cooper Plaza",1.125,True,9.7
2022-10-21T22:30:00-04:00,120339,"Cooper Plaza",1.125,True,10.8
2022-10-21T22:40:00-04:00,120339,"Cooper Plaza",1.125,True,10.8
2022-10-21T22:50:00-04:00,120339,"Cooper Plaza",1.125,True,9.4
2022-10-21T23:00:00-04:00,120339,"Cooper Plaza",1.125,True,9.7
2022-10-21T23:10:00-04:00,120339,"Cooper Plaza",1.125,True,9.2
2022-10-21T23:20:00-04:00,120339,"Cooper Plaza",1.125,True,13.5
2022-10-21T23:30:00-04:00,120339,"Cooper Plaza",1.125,True,13.9
2022-10-21T23:40:00-04:00,120339,"Cooper Plaza",1.125,True,15.2
2022-10-21T23:50:00-04:00,120339,"Cooper Plaza",1.125,True,16.9
2022-10-15T00:00:00-04:00,120689,"Charles Library",4.122,False,10.8
2022-10-15T00:10:00-04:00,120689,"Charles Library",4.122,False,13.2
2022-10-15T00:20:00-04:00,120689,"Charles Library",4.122,False,13.6
2022-10-15T00:30:00-04:00,120689,"Charles Library",4.122,False,13.7
2022-10-15T00:40:00-04:00,120689,"Charles Library",4.122,False,11.1
2022-10-15T00:50:00-04:00,120689,"Charles Library",4.122,False,12.3
2022-10-15T01:00:00-04:00,120689,"Charles Library",4.122,False,12.0
2022-10-15T01:10:00-04:00,120689,"Charles Library",4.122,False,16.6
2022-10-15T01:20:00-04:00,120689,"Charles Library",4.122,False,16.7
2022-10-15T01:30:00-04:00,120689,"Charles Library",4.122,False,17.6
2022-10-15T01:40:00-04:00,120689,"Charles Library",4.122,False,17.3
2022-10-15T01:50:00-04:00,120689,"Charles Library",4.122,False,16.9
2022-10-15T02:00:00-04:00,120689,"Charles Library",4.122,False,16.5
2022-10-15T02:10:00-04:00,120689,"Charles Library",4.122,False,15.8
2022-10-15T02:20:00-04:00,120689,"Charles Library",4.122,False,14.3
2022-10-15T02:30:00-04:00,120689,"Charles Library",4.122,False,16.0
2022-10-15T02:40:00-04:00,120689,"Charles Library",4.122,False,17.7
2022-10-15T02:50:00-04:00,120689,"Charles Library",4.122,False,19.4
2022-10-15T03:00:00-04:00,120689,"Charles Library",4.122,False,20.3
2022-10-15T03:10:00-04:00,120689,"Charles Library",4.122,False,18.8
2022-10-15T03:20:00-04:00,120689,"Charles Library",4.122,False,19.2
2022-10-15T03:30:00-04:00,120689,"Charles Library",4.122,False,18.0
2022-10-15T03:40:00-04:00,120689,"Charles Library",4.122,False,18.4
2022-10-15T03:50:00-04:00,120689,"Charles Library",4.122,False,18.6
2022-10-15T04:00:00-04:00,120689,"Charles Library",4.122,False,16.8
2022-10-15T04:10:00-04:00,120689,"Charles Library",4.122,False,14.3
2022-10-15T04:20:00-04:00,120689,"Charles Library",4.122,False,15.1
2022-10-15T04:30:00-04:00,120689,"Charles Library",4.122,False,14.1
2022-10-15T04:40:00-04:00,120689,"Charles Library",4.122,False,15.1
2022-10-15T04:50:00-04:00,120689,"Charles Library",4.122,False,13.7
2022-10-15T05:00:00-04:00,120689,"Charles Library",4.122,False,14.1
2022-10-15T05:10:00-04:00,120689,"Charles Library",4.122,False,13.3
2022-10-15T05:20:00-04:00,120689,"Charles Library",4.122,False,13.4
2022-10-15T05:30:00-04:00,120689,"Charles Library",4.122,False,12.8
2022-10-15T05:40:00-04:00,120689,"Charles Library",4.122,False,12.8
2022-10-15T05:50:00-04:00,120689,"Charles Library",4.122,False,12.5
2022-10-15T06:00:00-04:00,120689,"Charles Library",4.122,False,12.9
2022-10-15T06:10:00-04:00,120689,"Charles Library",4.122,False,13.0
2022-10-15T06:20:00-04:00,120689,"Charles Library",4.122,False,13.6
2022-10-15T06:30:00-04:00,120689,"Charles Library",4.122,False,13.3
2022-10-15T06:40:00-04:00,120689,"Charles Library",4.122,False,13.6
2022-10-15T06:50:00-04:00,120689,"Charles Library",4.122,False,13.2
2022-10-15T07:00:00-04:00,120689,"Charles Library",4.122,False,14.1
2022-10-15T07:10:00-04:00,120689,"Charles Library",4.122,False,14.0
2022-10-15T07:20:00-04:00,120689,"Charles Library",4.122,False,14.3
2022-10-15T07:30:00-04:00,120689,"Charles Library",4.122,False,15.7
2022-10-15T07:40:00-04:00,120689,"Charles Library",4.122,False,17.5
2022-10-15T07:50:00-04:00,120689,"Charles Library",4.122,False,18.1
2022-10-15T08:00:00-04:00,120689,"Charles Library",4.122,False,18.7
2022-10-15T08:10:00-04:00,120689,"Charles Library",4.122,False,20.0
2022-10-15T08:20:00-04:00,120689,"Charles Library",4.122,False,22.2
2022-10-15T08:30:00-04:00,120689,"Charles Library",4.122,False,24.6
2022-10-15T08:40:00-04:00,120689,"Charles Library",4.122,False,23.6
2022-10-15T08:50:00-04:00,120689,"Charles Library",4.122,False,25.9
2022-10-15T09:00:00-04:00,120689,"Charles Library",4.122,False,26.4
2022-10-15T09:10:00-04:00,120689,"Charles Library",4.122,False,28.4
2022-10-15T09:20:00-04:00,120689,"Charles Library",4.122,False,24.2
2022-10-15T09:30:00-04:00,120689,"Charles Library",4.122,False,19.1
2022-10-15T09:40:00-04:00,120689,"Charles Library",4.122,False,25.2
2022-10-15T09:50:00-04:00,120689,"Charles Library",4.122,False,27.3
2022-10-15T10:00:00-04:00,120689,"Charles Library",4.122,False,21.7
2022-10-15T10:10:00-04:00,120689,"Charles Library",4.122,False,15.1
2022-10-15T10:20:00-04:00,120689,"Charles Library",4.122,False,10.8
2022-10-15T10:30:00-04:00,120689,"Charles Library",4.122,False,6.7
2022-10-15T10:40:00-04:00,120689,"Charles Library",4.122,False,5.7
2022-10-15T10:50:00-04:00,120689,"Charles Library",4.122,False,5.0
2022-10-15T11:00:00-04:00,120689,"Charles Library",4.122,False,4.6
2022-10-15T11:10:00-04:00,120689,"Charles Library",4.122,False,4.1
2022-10-15T11:20:00-04:00,120689,"Charles Library",4.122,False,3.0
2022-10-15T11:30:00-04:00,120689,"Charles Library",4.122,False,2.4
2022-10-15T11:40:00-04:00,120689,"Charles Library",4.122,False,2.7
2022-10-15T11:50:00-04:00,120689,"Charles Library",4.122,False,2.7
2022-10-15T12:00:00-04:00,120689,"Charles Library",4.122,False,2.5
2022-10-15T12:10:00-04:00,120689,"Charles Library",4.122,False,2.6
2022-10-15T12:20:00-04:00,120689,"Charles Library",4.122,False,3.3
2022-10-15T12:30:00-04:00,120689,"Charles Library",4.122,False,2.8
2022-10-15T12:40:00-04:00,120689,"Charles Library",4.122,False,2.3
2022-10-15T12:50:00-04:00,120689,"Charles Library",4.122,False,2.2
2022-10-15T13:00:00-04:00,120689,"Charles Library",4.122,False,1.5
2022-10-15T13:10:00-04:00,120689,"Charles Library",4.122,False,1.7
2022-10-15T13:20:00-04:00,120689,"Charles Library",4.122,False,1.8
2022-10-15T13:30:00-04:00,120689,"Charles Library",4.122,False,1.5
2022-10-15T13:40:00-04:00,120689,"Charles Library",4.122,False,1.7
2022-10-15T13:50:00-04:00,120689,"Charles Library",4.122,False,1.1
2022-10-15T14:00:00-04:00,120689,"Charles Library",4.122,False,1.1
2022-10-15T14:10:00-04:00,120689,"Charles Library",4.122,False,1.3
2022-10-15T14:20:00-04:00,120689,"Charles Library",4.122,False,1.6
2022-10-15T14:30:00-04:00,120689,"Charles Library",4.122,False,1.8
2022-10-15T14:40:00-04:00,120689,"Charles Library",4.122,False,2.0
2022-10-15T14:50:00-04:00,120689,"Charles Library",4.122,False,2.0
2022-10-15T15:00:00-04:00,120689,"Charles Library",4.122,False,1.5
2022-10-15T15:10:00-04:00,120689,"Charles Library",4.122,False,1.8
2022-10-15T15:20:00-04:00,120689,"Charles Library",4.122,False,2.2
2022-10-15T15:30:00-04:00,120689,"Charles Library",4.122,False,2.5
2022-10-15T15:40:00-04:00,120689,"Charles Library",4.122,False,2.2
2022-10-15T15:50:00-04:00,120689,"Charles Library",4.122,False,2.6
2022-10-15T16:00:00-04:00,120689,"Charles Library",4.122,False,2.6
2022-10-15T16:10:00-04:00,120689,"Charles Library",4.122,False,2.2
2022-10-15T16:20:00-04:00,120689,"Charles Library",4.122,False,2.4
2022-10-15T16:30:00-04:00,120689,"Charles Library",4.122,False,2.4
2022-10-15T16:40:00-04:00,120689,"Charles Library",4.122,False,2.0
2022-10-15T16:50:00-04:00,120689,"Charles Library",4.122,False,2.3
2022-10-15T17:00:00-04:00,120689,"Charles Library",4.122,False,2.7
2022-10-15T17:10:00-04:00,120689,"Charles Library",4.122,False,2.7
2022-10-15T17:20:00-04:00,120689,"Charles Library",4.122,False,2.6
2022-10-15T17:30:00-04:00,120689,"Charles Library",4.122,False,2.8
2022-10-15T17:40:00-04:00,120689,"Charles Library",4.122,False,3.1
2022-10-15T17:50:00-04:00,120689,"Charles Library",4.122,False,3.2
2022-10-15T18:00:00-04:00,120689,"Charles Library",4.122,False,3.3
2022-10-15T18:10:00-04:00,120689,"Charles Library",4.122,False,3.3
2022-10-15T18:20:00-04:00,120689,"Charles Library",4.122,False,3.2
2022-10-15T18:30:00-04:00,120689,"Charles Library",4.122,False,3.9
2022-10-15T18:40:00-04:00,120689,"Charles Library",4.122,False,4.2
2022-10-15T18:50:00-04:00,120689,"Charles Library",4.122,False,3.9
2022-10-15T19:00:00-04:00,120689,"Charles Library",4.122,False,4.3
2022-10-15T19:10:00-04:00,120689,"Charles Library",4.122,False,4.6
2022-10-15T19:20:00-04:00,120689,"Charles Library",4.122,False,5.3
2022-10-15T19:30:00-04:00,120689,"Charles Library",4.122,False,5.9
2022-10-15T19:40:00-04:00,120689,"Charles Library",4.122,False,6.1
2022-10-15T19:50:00-04:00,120689,"Charles Library",4.122,False,5.9
2022-10-15T20:00:00-04:00,120689,"Charles Library",4.122,False,6.5
2022-10-15T20:10:00-04:00,120689,"Charles Library",4.122,False,7.1
2022-10-15T20:20:00-04:00,120689,"Charles Library",4.122,False,7.5
2022-10-15T20:30:00-04:00,120689,"Charles Library",4.122,False,7.8
2022-10-15T20:40:00-04:00,120689,"Charles Library",4.122,False,6.8
2022-10-15T20:50:00-04:00,120689,"Charles Library",4.122,False,7.4
2022-10-15T21:00:00-04:00,120689,"Charles Library",4.122,False,7.1
2022-10-15T21:10:00-04:00,120689,"Charles Library",4.122,False,7.9
2022-10-15T21:20:00-04:00,120689,"Charles Library",4.122,False,7.8
2022-10-15T21:30:00-04:00,120689,"Charles Library",4.122,False,8.7
2022-10-15T21:40:00-04:00,120689,"Charles Library",4.122,False,9.5
2022-10-15T21:50:00-04:00,120689,"Charles Library",4.122,False,10.4
2022-10-15T22:00:00-04:00,120689,"Charles Library",4.122,False,10.5
2022-10-15T22:10:00-04:00,120689,"Charles Library",4.122,False,11.2
2022-10-15T22:20:00-04:00,120689,"Charles Library",4.122,False,9.0
2022-10-15T22:30:00-04:00,120689,"Charles Library",4.122,False,8.5
2022-10-15T22:40:00-04:00,120689,"Charles Library",4.122,False,7.7
2022-10-15T22:50:00-04:00,120689,"Charles Library",4.122,False,8.3
2022-10-15T23:00:00-04:00,120689,"Charles Library",4.122,False,8.9
2022-10-15T23:10:00-04:00,120689,"Charles Library",4.122,False,9.9
2022-10-15T23:20:00-04:00,120689,"Charles Library",4.122,False,9.1
2022-10-15T23:30:00-04:00,120689,"Charles Library",4.122,False,7.5
2022-10-15T23:40:00-04:00,120689,"Charles Library",4.122,False,7.2
2022-10-15T23:50:00-04:00,120689,"Charles Library",4.122,False,7.5
2022-10-16T00:00:00-04:00,120689,"Charles Library",4.122,False,7.9
2022-10-16T00:10:00-04:00,120689,"Charles Library",4.122,False,9.8
2022-10-16T00:20:00-04:00,120689,"Charles Library",4.122,False,10.8
2022-10-16T00:30:00-04:00,120689,"Charles Library",4.122,False,16.1
2022-10-16T00:40:00-04:00,120689,"Charles Library",4.122,False,16.8
2022-10-16T00:50:00-04:00,120689,"Charles Library",4.122,False,17.6
2022-10-16T01:00:00-04:00,120689,"Charles Library",4.122,False,18.7
2022-10-16T01:10:00-04:00,120689,"Charles Library",4.122,False,19.5
2022-10-16T01:20:00-04:00,120689,"Charles Library",4.122,False,20.0
2022-10-16T01:30:00-04:00,120689,"Charles Library",4.122,False,21.2
2022-10-16T01:40:00-04:00,120689,"Charles Library",4.122,False,21.1
2022-10-16T01:50:00-04:00,120689,"Charles Library",4.122,False,21.5
2022-10-16T02:00:00-04:00,120689,"Charles Library",4.122,False,20.9
2022-10-16T02:10:00-04:00,120689,"Charles Library",4.122,False,21.5
2022-10-16T02:20:00-04:00,120689,"Charles Library",4.122,False,22.2
2022-10-16T02:30:00-04:00,120689,"Charles Library",4.122,False,21.4
2022-10-16T02:40:00-04:00,120689,"Charles Library",4.122,False,21.7
2022-10-16T02:50:00-04:00,120689,"Charles Library",4.122,False,22.0
2022-10-16T03:00:00-04:00,120689,"Charles Library",4.122,False,20.9
2022-10-16T03:10:00-04:00,120689,"Charles Library",4.122,False,19.5
2022-10-16T03:20:00-04:00,120689,"Charles Library",4.122,False,19.4
2022-10-16T03:30:00-04:00,120689,"Charles Library",4.122,False,20.2
2022-10-16T03:40:00-04:00,120689,"Charles Library",4.122,False,22.1
2022-10-16T03:50:00-04:00,120689,"Charles Library",4.122,False,21.5
2022-10-16T04:00:00-04:00,120689,"Charles Library",4.122,False,20.7
2022-10-16T04:10:00-04:00,120689,"Charles Library",4.122,False,20.4
2022-10-16T04:20:00-04:00,120689,"Charles Library",4.122,False,20.2
2022-10-16T04:30:00-04:00,120689,"Charles Library",4.122,False,20.1
2022-10-16T04:40:00-04:00,120689,"Charles Library",4.122,False,19.6
2022-10-16T04:50:00-04:00,120689,"Charles Library",4.122,False,19.3
2022-10-16T05:00:00-04:00,120689,"Charles Library",4.122,False,19.7
2022-10-16T05:10:00-04:00,120689,"Charles Library",4.122,False,20.2
2022-10-16T05:20:00-04:00,120689,"Charles Library",4.122,False,20.6
2022-10-16T05:30:00-04:00,120689,"Charles Library",4.122,False,22.0
2022-10-16T05:40:00-04:00,120689,"Charles Library",4.122,False,21.9
2022-10-16T05:50:00-04:00,120689,"Charles Library",4.122,False,21.2
2022-10-16T06:00:00-04:00,120689,"Charles Library",4.122,False,20.8
2022-10-16T06:10:00-04:00,120689,"Charles Library",4.122,False,20.5
2022-10-16T06:20:00-04:00,120689,"Charles Library",4.122,False,20.5
2022-10-16T06:30:00-04:00,120689,"Charles Library",4.122,False,20.2
2022-10-16T06:40:00-04:00,120689,"Charles Library",4.122,False,19.3
2022-10-16T06:50:00-04:00,120689,"Charles Library",4.122,False,19.1
2022-10-16T07:00:00-04:00,120689,"Charles Library",4.122,False,19.1
2022-10-16T07:10:00-04:00,120689,"Charles Library",4.122,False,19.3
2022-10-16T07:20:00-04:00,120689,"Charles Library",4.122,False,19.1
2022-10-16T07:30:00-04:00,120689,"Charles Library",4.122,False,19.8
2022-10-16T07:40:00-04:00,120689,"Charles Library",4.122,False,20.4
2022-10-16T07:50:00-04:00,120689,"Charles Library",4.122,False,20.6
2022-10-16T08:00:00-04:00,120689,"Charles Library",4.122,False,20.1
2022-10-16T08:10:00-04:00,120689,"Charles Library",4.122,False,19.3
2022-10-16T08:20:00-04:00,120689,"Charles Library",4.122,False,17.9
2022-10-16T08:30:00-04:00,120689,"Charles Library",4.122,False,15.5
2022-10-16T08:40:00-04:00,120689,"Charles Library",4.122,False,12.7
2022-10-16T08:50:00-04:00,120689,"Charles Library",4.122,False,12.3
2022-10-16T09:00:00-04:00,120689,"Charles Library",4.122,False,12.1
2022-10-16T09:10:00-04:00,120689,"Charles Library",4.122,False,11.7
2022-10-16T09:20:00-04:00,120689,"Charles Library",4.122,False,10.4
2022-10-16T09:30:00-04:00,120689,"Charles Library",4.122,False,9.1
2022-10-16T09:40:00-04:00,120689,"Charles Library",4.122,False,9.0
2022-10-16T09:50:00-04:00,120689,"Charles Library",4.122,False,8.4
2022-10-16T10:00:00-04:00,120689,"Charles Library",4.122,False,7.8
2022-10-16T10:10:00-04:00,120689,"Charles Library",4.122,False,6.3
2022-10-16T10:20:00-04:00,120689,"Charles Library",4.122,False,5.6
2022-10-16T10:30:00-04:00,120689,"Charles Library",4.122,False,5.6
2022-10-16T10:40:00-04:00,120689,"Charles Library",4.122,False,5.2
2022-10-16T10:50:00-04:00,120689,"Charles Library",4.122,False,3.7
2022-10-16T11:00:00-04:00,120689,"Charles Library",4.122,False,3.7
2022-10-16T11:10:00-04:00,120689,"Charles Library",4.122,False,3.7
2022-10-16T11:20:00-04:00,120689,"Charles Library",4.122,False,3.2
2022-10-16T11:30:00-04:00,120689,"Charles Library",4.122,False,3.0
2022-10-16T11:40:00-04:00,120689,"Charles Library",4.122,False,2.7
2022-10-16T11:50:00-04:00,120689,"Charles Library",4.122,False,3.0
2022-10-16T12:00:00-04:00,120689,"Charles Library",4.122,False,3.0
2022-10-16T12:10:00-04:00,120689,"Charles Library",4.122,False,2.7
2022-10-16T12:20:00-04:00,120689,"Charles Library",4.122,False,2.9
2022-10-16T12:30:00-04:00,120689,"Charles Library",4.122,False,2.7
2022-10-16T12:40:00-04:00,120689,"Charles Library",4.122,False,2.9
2022-10-16T12:50:00-04:00,120689,"Charles Library",4.122,False,2.6
2022-10-16T13:00:00-04:00,120689,"Charles Library",4.122,False,2.5
2022-10-16T13:10:00-04:00,120689,"Charles Library",4.122,False,3.4
2022-10-16T13:20:00-04:00,120689,"Charles Library",4.122,False,2.6
2022-10-16T13:30:00-04:00,120689,"Charles Library",4.122,False,2.4
2022-10-16T13:40:00-04:00,120689,"Charles Library",4.122,False,2.5
2022-10-16T13:50:00-04:00,120689,"Charles Library",4.122,False,2.5
2022-10-16T14:00:00-04:00,120689,"Charles Library",4.122,False,2.0
2022-10-16T14:10:00-04:00,120689,"Charles Library",4.122,False,2.2
2022-10-16T14:20:00-04:00,120689,"Charles Library",4.122,False,2.0
2022-10-16T14:30:00-04:00,120689,"Charles Library",4.122,False,1.2
2022-10-16T14:40:00-04:00,120689,"Charles Library",4.122,False,1.0
2022-10-16T14:50:00-04:00,120689,"Charles Library",4.122,False,1.0
2022-10-16T15:00:00-04:00,120689,"Charles Library",4.122,False,0.3
2022-10-16T15:10:00-04:00,120689,"Charles Library",4.122,False,0.3
2022-10-16T15:20:00-04:00,120689,"Charles Library",4.122,False,0.4
2022-10-16T15:30:00-04:00,120689,"Charles Library",4.122,False,0.2
2022-10-16T15:40:00-04:00,120689,"Charles Library",4.122,False,1.2
2022-10-16T15:50:00-04:00,120689,"Charles Library",4.122,False,1.3
2022-10-16T16:00:00-04:00,120689,"Charles Library",4.122,False,0.7
2022-10-16T16:10:00-04:00,120689,"Charles Library",4.122,False,1.0
2022-10-16T16:20:00-04:00,120689,"Charles Library",4.122,False,1.1
2022-10-16T16:30:00-04:00,120689,"Charles Library",4.122,False,1.0
2022-10-16T16:40:00-04:00,120689,"Charles Library",4.122,False,1.0
2022-10-16T16:50:00-04:00,120689,"Charles Library",4.122,False,1.0
2022-10-16T17:00:00-04:00,120689,"Charles Library",4.122,False,1.0
2022-10-16T17:10:00-04:00,120689,"Charles Library",4.122,False,0.8
2022-10-16T17:20:00-04:00,120689,"Charles Library",4.122,False,0.6
2022-10-16T17:30:00-04:00,120689,"Charles Library",4.122,False,1.0
2022-10-16T17:40:00-04:00,120689,"Charles Library",4.122,False,0.8
2022-10-16T17:50:00-04:00,120689,"Charles Library",4.122,False,1.0
2022-10-16T18:00:00-04:00,120689,"Charles Library",4.122,False,3.0
2022-10-16T18:10:00-04:00,120689,"Charles Library",4.122,False,4.0
2022-10-16T18:20:00-04:00,120689,"Charles Library",4.122,False,3.7
2022-10-16T18:30:00-04:00,120689,"Charles Library",4.122,False,3.2
2022-10-16T18:40:00-04:00,120689,"Charles Library",4.122,False,2.7
2022-10-16T18:50:00-04:00,120689,"Charles Library",4.122,False,3.0
2022-10-16T19:00:00-04:00,120689,"Charles Library",4.122,False,4.3
2022-10-16T19:10:00-04:00,120689,"Charles Library",4.122,False,5.6
2022-10-16T19:20:00-04:00,120689,"Charles Library",4.122,False,7.1
2022-10-16T19:30:00-04:00,120689,"Charles Library",4.122,False,7.3
2022-10-16T19:40:00-04:00,120689,"Charles Library",4.122,False,7.8
2022-10-16T19:50:00-04:00,120689,"Charles Library",4.122,False,10.4
2022-10-16T20:00:00-04:00,120689,"Charles Library",4.122,False,12.5
2022-10-16T20:10:00-04:00,120689,"Charles Library",4.122,False,15.4
2022-10-16T20:20:00-04:00,120689,"Charles Library",4.122,False,14.5
2022-10-16T20:30:00-04:00,120689,"Charles Library",4.122,False,11.4
2022-10-16T20:40:00-04:00,120689,"Charles Library",4.122,False,8.9
2022-10-16T20:50:00-04:00,120689,"Charles Library",4.122,False,11.7
2022-10-16T21:00:00-04:00,120689,"Charles Library",4.122,False,9.9
2022-10-16T21:10:00-04:00,120689,"Charles Library",4.122,False,10.4
2022-10-16T21:20:00-04:00,120689,"Charles Library",4.122,False,13.9
2022-10-16T21:30:00-04:00,120689,"Charles Library",4.122,False,15.0
2022-10-16T21:40:00-04:00,120689,"Charles Library",4.122,False,13.7
2022-10-16T21:50:00-04:00,120689,"Charles Library",4.122,False,14.3
2022-10-16T22:00:00-04:00,120689,"Charles Library",4.122,False,12.1
2022-10-16T22:10:00-04:00,120689,"Charles Library",4.122,False,10.2
2022-10-16T22:20:00-04:00,120689,"Charles Library",4.122,False,13.9
2022-10-16T22:30:00-04:00,120689,"Charles Library",4.122,False,17.4
2022-10-16T22:40:00-04:00,120689,"Charles Library",4.122,False,18.9
2022-10-16T22:50:00-04:00,120689,"Charles Library",4.122,False,18.7
2022-10-16T23:00:00-04:00,120689,"Charles Library",4.122,False,14.0
2022-10-16T23:10:00-04:00,120689,"Charles Library",4.122,False,9.8
2022-10-16T23:20:00-04:00,120689,"Charles Library",4.122,False,10.5
2022-10-16T23:30:00-04:00,120689,"Charles Library",4.122,False,8.6
2022-10-16T23:40:00-04:00,120689,"Charles Library",4.122,False,10.4
2022-10-16T23:50:00-04:00,120689,"Charles Library",4.122,False,8.0
2022-10-17T00:00:00-04:00,120689,"Charles Library",4.122,False,6.7
2022-10-17T00:10:00-04:00,120689,"Charles Library",4.122,False,7.1
2022-10-17T00:20:00-04:00,120689,"Charles Library",4.122,False,7.6
2022-10-17T00:30:00-04:00,120689,"Charles Library",4.122,False,7.1
2022-10-17T00:40:00-04:00,120689,"Charles Library",4.122,False,10.3
2022-10-17T00:50:00-04:00,120689,"Charles Library",4.122,False,15.0
2022-10-17T01:00:00-04:00,120689,"Charles Library",4.122,False,6.3
2022-10-17T01:10:00-04:00,120689,"Charles Library",4.122,False,6.7
2022-10-17T01:20:00-04:00,120689,"Charles Library",4.122,False,6.5
2022-10-17T01:30:00-04:00,120689,"Charles Library",4.122,False,6.7
2022-10-17T01:40:00-04:00,120689,"Charles Library",4.122,False,6.7
2022-10-17T01:50:00-04:00,120689,"Charles Library",4.122,False,6.5
2022-10-17T02:00:00-04:00,120689,"Charles Library",4.122,False,6.5
2022-10-17T02:10:00-04:00,120689,"Charles Library",4.122,False,6.7
2022-10-17T02:20:00-04:00,120689,"Charles Library",4.122,False,6.8
2022-10-17T02:30:00-04:00,120689,"Charles Library",4.122,False,6.7
2022-10-17T02:40:00-04:00,120689,"Charles Library",4.122,False,6.3
2022-10-17T02:50:00-04:00,120689,"Charles Library",4.122,False,6.5
2022-10-17T03:00:00-04:00,120689,"Charles Library",4.122,False,6.8
2022-10-17T03:10:00-04:00,120689,"Charles Library",4.122,False,6.5
2022-10-17T03:20:00-04:00,120689,"Charles Library",4.122,False,6.0
2022-10-17T03:30:00-04:00,120689,"Charles Library",4.122,False,6.1
2022-10-17T03:40:00-04:00,120689,"Charles Library",4.122,False,5.7
2022-10-17T03:50:00-04:00,120689,"Charles Library",4.122,False,5.9
2022-10-17T04:00:00-04:00,120689,"Charles Library",4.122,False,5.8
2022-10-17T04:10:00-04:00,120689,"Charles Library",4.122,False,6.1
2022-10-17T04:20:00-04:00,120689,"Charles Library",4.122,False,6.0
2022-10-17T04:30:00-04:00,120689,"Charles Library",4.122,False,6.3
2022-10-17T04:40:00-04:00,120689,"Charles Library",4.122,False,6.7
2022-10-17T04:50:00-04:00,120689,"Charles Library",4.122,False,6.8
2022-10-17T05:00:00-04:00,120689,"Charles Library",4.122,False,7.1
2022-10-17T05:10:00-04:00,120689,"Charles Library",4.122,False,7.3
2022-10-17T05:20:00-04:00,120689,"Charles Library",4.122,False,7.4
2022-10-17T05:30:00-04:00,120689,"Charles Library",4.122,False,7.9
2022-10-17T05:40:00-04:00,120689,"Charles Library",4.122,False,8.2
2022-10-17T05:50:00-04:00,120689,"Charles Library",4.122,False,9.5
2022-10-17T06:00:00-04:00,120689,"Charles Library",4.122,False,10.1
2022-10-17T06:10:00-04:00,120689,"Charles Library",4.122,False,9.2
2022-10-17T06:20:00-04:00,120689,"Charles Library",4.122,False,9.4
2022-10-17T06:30:00-04:00,120689,"Charles Library",4.122,False,9.4
2022-10-17T06:40:00-04:00,120689,"Charles Library",4.122,False,9.8
2022-10-17T06:50:00-04:00,120689,"Charles Library",4.122,False,9.2
2022-10-17T07:00:00-04:00,120689,"Charles Library",4.122,False,9.3
2022-10-17T07:10:00-04:00,120689,"Charles Library",4.122,False,8.4
2022-10-17T07:20:00-04:00,120689,"Charles Library",4.122,False,9.4
2022-10-17T07:30:00-04:00,120689,"Charles Library",4.122,False,8.7
2022-10-17T07:40:00-04:00,120689,"Charles Library",4.122,False,9.0
2022-10-17T07:50:00-04:00,120689,"Charles Library",4.122,False,8.3
2022-10-17T08:00:00-04:00,120689,"Charles Library",4.122,False,7.2
2022-10-17T08:10:00-04:00,120689,"Charles Library",4.122,False,7.4
2022-10-17T08:20:00-04:00,120689,"Charles Library",4.122,False,7.5
2022-10-17T08:30:00-04:00,120689,"Charles Library",4.122,False,7.1
2022-10-17T08:40:00-04:00,120689,"Charles Library",4.122,False,7.3
2022-10-17T08:50:00-04:00,120689,"Charles Library",4.122,False,6.2
2022-10-17T09:00:00-04:00,120689,"Charles Library",4.122,False,6.0
2022-10-17T09:10:00-04:00,120689,"Charles Library",4.122,False,6.1
2022-10-17T09:20:00-04:00,120689,"Charles Library",4.122,False,5.4
2022-10-17T09:30:00-04:00,120689,"Charles Library",4.122,False,5.1
2022-10-17T09:40:00-04:00,120689,"Charles Library",4.122,False,5.2
2022-10-17T09:50:00-04:00,120689,"Charles Library",4.122,False,5.0
2022-10-17T10:00:00-04:00,120689,"Charles Library",4.122,False,4.9
2022-10-17T10:10:00-04:00,120689,"Charles Library",4.122,False,4.3
2022-10-17T10:20:00-04:00,120689,"Charles Library",4.122,False,4.2
2022-10-17T10:30:00-04:00,120689,"Charles Library",4.122,False,4.4
2022-10-17T10:40:00-04:00,120689,"Charles Library",4.122,False,5.1
2022-10-17T10:50:00-04:00,120689,"Charles Library",4.122,False,4.5
2022-10-17T11:00:00-04:00,120689,"Charles Library",4.122,False,4.1
2022-10-17T11:10:00-04:00,120689,"Charles Library",4.122,False,4.0
2022-10-17T11:20:00-04:00,120689,"Charles Library",4.122,False,3.9
2022-10-17T11:30:00-04:00,120689,"Charles Library",4.122,False,3.9
2022-10-17T11:40:00-04:00,120689,"Charles Library",4.122,False,4.9
2022-10-17T11:50:00-04:00,120689,"Charles Library",4.122,False,4.2
2022-10-17T12:00:00-04:00,120689,"Charles Library",4.122,False,4.4
2022-10-17T12:10:00-04:00,120689,"Charles Library",4.122,False,5.5
2022-10-17T12:20:00-04:00,120689,"Charles Library",4.122,False,6.5
2022-10-17T12:30:00-04:00,120689,"Charles Library",4.122,False,6.0
2022-10-17T12:40:00-04:00,120689,"Charles Library",4.122,False,5.2
2022-10-17T12:50:00-04:00,120689,"Charles Library",4.122,False,5.3
2022-10-17T13:00:00-04:00,120689,"Charles Library",4.122,False,5.5
2022-10-17T13:10:00-04:00,120689,"Charles Library",4.122,False,6.0
2022-10-17T13:20:00-04:00,120689,"Charles Library",4.122,False,6.0
2022-10-17T13:30:00-04:00,120689,"Charles Library",4.122,False,5.5
2022-10-17T13:40:00-04:00,120689,"Charles Library",4.122,False,5.7
2022-10-17T13:50:00-04:00,120689,"Charles Library",4.122,False,5.9
2022-10-17T14:00:00-04:00,120689,"Charles Library",4.122,False,6.1
2022-10-17T14:10:00-04:00,120689,"Charles Library",4.122,False,6.1
2022-10-17T14:20:00-04:00,120689,"Charles Library",4.122,False,6.0
2022-10-17T14:30:00-04:00,120689,"Charles Library",4.122,False,5.7
2022-10-17T14:40:00-04:00,120689,"Charles Library",4.122,False,5.9
2022-10-17T14:50:00-04:00,120689,"Charles Library",4.122,False,6.1
2022-10-17T15:00:00-04:00,120689,"Charles Library",4.122,False,6.1
2022-10-17T15:10:00-04:00,120689,"Charles Library",4.122,False,6.0
2022-10-17T15:20:00-04:00,120689,"Charles Library",4.122,False,5.9
2022-10-17T15:30:00-04:00,120689,"Charles Library",4.122,False,6.2
2022-10-17T15:40:00-04:00,120689,"Charles Library",4.122,False,6.1
2022-10-17T15:50:00-04:00,120689,"Charles Library",4.122,False,5.8
2022-10-17T16:00:00-04:00,120689,"Charles Library",4.122,False,5.8
2022-10-17T16:10:00-04:00,120689,"Charles Library",4.122,False,6.1
2022-10-17T16:20:00-04:00,120689,"Charles Library",4.122,False,6.6
2022-10-17T16:30:00-04:00,120689,"Charles Library",4.122,False,6.7
2022-10-17T16:40:00-04:00,120689,"Charles Library",4.122,False,7.0
2022-10-17T16:50:00-04:00,120689,"Charles Library",4.122,False,7.0
2022-10-17T17:00:00-04:00,120689,"Charles Library",4.122,False,6.9
2022-10-17T17:10:00-04:00,120689,"Charles Library",4.122,False,7.6
2022-10-17T17:20:00-04:00,120689,"Charles Library",4.122,False,7.5
2022-10-17T17:30:00-04:00,120689,"Charles Library",4.122,False,6.4
2022-10-17T17:40:00-04:00,120689,"Charles Library",4.122,False,3.9
2022-10-17T17:50:00-04:00,120689,"Charles Library",4.122,False,7.2
2022-10-17T18:00:00-04:00,120689,"Charles Library",4.122,False,8.0
2022-10-17T18:10:00-04:00,120689,"Charles Library",4.122,False,10.1
2022-10-17T18:20:00-04:00,120689,"Charles Library",4.122,False,9.7
2022-10-17T18:30:00-04:00,120689,"Charles Library",4.122,False,11.5
2022-10-17T18:40:00-04:00,120689,"Charles Library",4.122,False,13.0
2022-10-17T18:50:00-04:00,120689,"Charles Library",4.122,False,12.1
2022-10-17T19:00:00-04:00,120689,"Charles Library",4.122,False,13.9
2022-10-17T19:10:00-04:00,120689,"Charles Library",4.122,False,17.9
2022-10-17T19:20:00-04:00,120689,"Charles Library",4.122,False,18.3
2022-10-17T19:30:00-04:00,120689,"Charles Library",4.122,False,18.2
2022-10-17T19:40:00-04:00,120689,"Charles Library",4.122,False,19.7
2022-10-17T19:50:00-04:00,120689,"Charles Library",4.122,False,20.3
2022-10-17T20:00:00-04:00,120689,"Charles Library",4.122,False,20.4
2022-10-17T20:10:00-04:00,120689,"Charles Library",4.122,False,21.8
2022-10-17T20:20:00-04:00,120689,"Charles Library",4.122,False,22.9
2022-10-17T20:30:00-04:00,120689,"Charles Library",4.122,False,23.4
2022-10-17T20:40:00-04:00,120689,"Charles Library",4.122,False,24.2
2022-10-17T20:50:00-04:00,120689,"Charles Library",4.122,False,24.0
2022-10-17T21:00:00-04:00,120689,"Charles Library",4.122,False,24.2
2022-10-17T21:10:00-04:00,120689,"Charles Library",4.122,False,25.7
2022-10-17T21:20:00-04:00,120689,"Charles Library",4.122,False,26.9
2022-10-17T21:30:00-04:00,120689,"Charles Library",4.122,False,26.2
2022-10-17T21:40:00-04:00,120689,"Charles Library",4.122,False,27.1
2022-10-17T21:50:00-04:00,120689,"Charles Library",4.122,False,25.3
2022-10-17T22:00:00-04:00,120689,"Charles Library",4.122,False,20.9
2022-10-17T22:10:00-04:00,120689,"Charles Library",4.122,False,17.7
2022-10-17T22:20:00-04:00,120689,"Charles Library",4.122,False,14.7
2022-10-17T22:30:00-04:00,120689,"Charles Library",4.122,False,13.6
2022-10-17T22:40:00-04:00,120689,"Charles Library",4.122,False,10.3
2022-10-17T22:50:00-04:00,120689,"Charles Library",4.122,False,9.6
2022-10-17T23:00:00-04:00,120689,"Charles Library",4.122,False,9.4
2022-10-17T23:10:00-04:00,120689,"Charles Library",4.122,False,10.9
2022-10-17T23:20:00-04:00,120689,"Charles Library",4.122,False,10.8
2022-10-17T23:30:00-04:00,120689,"Charles Library",4.122,False,8.4
2022-10-17T23:40:00-04:00,120689,"Charles Library",4.122,False,7.3
2022-10-17T23:50:00-04:00,120689,"Charles Library",4.122,False,7.2
2022-10-18T00:00:00-04:00,120689,"Charles Library",4.122,False,6.9
2022-10-18T00:10:00-04:00,120689,"Charles Library",4.122,False,6.7
2022-10-18T00:20:00-04:00,120689,"Charles Library",4.122,False,7.0
2022-10-18T00:30:00-04:00,120689,"Charles Library",4.122,False,6.6
2022-10-18T00:40:00-04:00,120689,"Charles Library",4.122,False,6.4
2022-10-18T00:50:00-04:00,120689,"Charles Library",4.122,False,6.1
2022-10-18T01:00:00-04:00,120689,"Charles Library",4.122,False,5.6
2022-10-18T01:10:00-04:00,120689,"Charles Library",4.122,False,5.0
2022-10-18T01:20:00-04:00,120689,"Charles Library",4.122,False,4.4
2022-10-18T01:30:00-04:00,120689,"Charles Library",4.122,False,3.7
2022-10-18T01:40:00-04:00,120689,"Charles Library",4.122,False,3.2
2022-10-18T01:50:00-04:00,120689,"Charles Library",4.122,False,3.1
2022-10-18T02:00:00-04:00,120689,"Charles Library",4.122,False,2.9
2022-10-18T02:10:00-04:00,120689,"Charles Library",4.122,False,2.9
2022-10-18T02:20:00-04:00,120689,"Charles Library",4.122,False,2.8
2022-10-18T02:30:00-04:00,120689,"Charles Library",4.122,False,2.4
2022-10-18T02:40:00-04:00,120689,"Charles Library",4.122,False,2.2
2022-10-18T02:50:00-04:00,120689,"Charles Library",4.122,False,2.0
2022-10-18T03:00:00-04:00,120689,"Charles Library",4.122,False,1.8
2022-10-18T03:10:00-04:00,120689,"Charles Library",4.122,False,2.0
2022-10-18T03:20:00-04:00,120689,"Charles Library",4.122,False,1.5
2022-10-18T03:30:00-04:00,120689,"Charles Library",4.122,False,1.4
2022-10-18T03:40:00-04:00,120689,"Charles Library",4.122,False,1.2
2022-10-18T03:50:00-04:00,120689,"Charles Library",4.122,False,0.8
2022-10-18T04:00:00-04:00,120689,"Charles Library",4.122,False,0.6
2022-10-18T04:10:00-04:00,120689,"Charles Library",4.122,False,0.0
2022-10-18T04:20:00-04:00,120689,"Charles Library",4.122,False,0.0
2022-10-18T04:30:00-04:00,120689,"Charles Library",4.122,False,0.0
2022-10-18T04:40:00-04:00,120689,"Charles Library",4.122,False,0.0
2022-10-18T04:50:00-04:00,120689,"Charles Library",4.122,False,0.0
2022-10-18T05:00:00-04:00,120689,"Charles Library",4.122,False,0.0
2022-10-18T05:10:00-04:00,120689,"Charles Library",4.122,False,0.0
2022-10-18T05:20:00-04:00,120689,"Charles Library",4.122,False,0.0
2022-10-18T05:30:00-04:00,120689,"Charles Library",4.122,False,0.0
2022-10-18T05:40:00-04:00,120689,"Charles Library",4.122,False,0.0
2022-10-18T05:50:00-04:00,120689,"Charles Library",4.122,False,0.0
2022-10-18T06:00:00-04:00,120689,"Charles Library",4.122,False,0.0
2022-10-18T06:10:00-04:00,120689,"Charles Library",4.122,False,0.0
2022-10-18T06:20:00-04:00,120689,"Charles Library",4.122,False,0.0
2022-10-18T06:30:00-04:00,120689,"Charles Library",4.122,False,0.0
2022-10-18T06:40:00-04:00,120689,"Charles Library",4.122,False,0.0
2022-10-18T06:50:00-04:00,120689,"Charles Library",4.122,False,0.0
2022-10-18T07:00:00-04:00,120689,"Charles Library",4.122,False,0.0
2022-10-18T07:10:00-04:00,120689,"Charles Library",4.122,False,0.0
2022-10-18T07:20:00-04:00,120689,"Charles Library",4.122,False,0.0
2022-10-18T07:30:00-04:00,120689,"Charles Library",4.122,False,0.0
2022-10-18T07:40:00-04:00,120689,"Charles Library",4.122,False,0.0
2022-10-18T07:50:00-04:00,120689,"Charles Library",4.122,False,0.0
2022-10-18T08:00:00-04:00,120689,"Charles Library",4.122,False,0.0
2022-10-18T08:10:00-04:00,120689,"Charles Library",4.122,False,0.0
2022-10-18T08:20:00-04:00,120689,"Charles Library",4.122,False,0.0
2022-10-18T08:30:00-04:00,120689,"Charles Library",4.122,False,0.0
2022-10-18T08:40:00-04:00,120689,"Charles Library",4.122,False,0.0
2022-10-18T08:50:00-04:00,120689,"Charles Library",4.122,False,0.0
2022-10-18T09:00:00-04:00,120689,"Charles Library",4.122,False,0.0
2022-10-18T09:10:00-04:00,120689,"Charles Library",4.122,False,0.0
2022-10-18T09:20:00-04:00,120689,"Charles Library",4.122,False,0.0
2022-10-18T09:30:00-04:00,120689,"Charles Library",4.122,False,0.0
2022-10-18T09:40:00-04:00,120689,"Charles Library",4.122,False,0.0
2022-10-18T09:50:00-04:00,120689,"Charles Library",4.122,False,0.0
2022-10-18T10:00:00-04:00,120689,"Charles Library",4.122,False,0.0
2022-10-18T10:10:00-04:00,120689,"Charles Library",4.122,False,0.0
2022-10-18T10:20:00-04:00,120689,"Charles Library",4.122,False,0.0
2022-10-18T10:30:00-04:00,120689,"Charles Library",4.122,False,0.0
2022-10-18T10:40:00-04:00,120689,"Charles Library",4.122,False,0.0
2022-10-18T10:50:00-04:00,120689,"Charles Library",4.122,False,0.0
2022-10-18T11:00:00-04:00,120689,"Charles Library",4.122,False,0.0
2022-10-18T11:10:00-04:00,120689,"Charles Library",4.122,False,0.0
2022-10-18T11:20:00-04:00,120689,"Charles Library",4.122,False,0.0
2022-10-18T11:30:00-04:00,120689,"Charles Library",4.122,False,0.0
2022-10-18T11:40:00-04:00,120689,"Charles Library",4.122,False,0.0
2022-10-18T11:50:00-04:00,120689,"Charles Library",4.122,False,0.0
2022-10-18T12:00:00-04:00,120689,"Charles Library",4.122,False,0.0
2022-10-18T12:10:00-04:00,120689,"Charles Library",4.122,False,0.1
2022-10-18T12:20:00-04:00,120689,"Charles Library",4.122,False,0.0
2022-10-18T12:30:00-04:00,120689,"Charles Library",4.122,False,0.0
2022-10-18T12:40:00-04:00,120689,"Charles Library",4.122,False,0.1
2022-10-18T12:50:00-04:00,120689,"Charles Library",4.122,False,0.2
2022-10-18T13:00:00-04:00,120689,"Charles Library",4.122,False,0.1
2022-10-18T13:10:00-04:00,120689,"Charles Library",4.122,False,0.1
2022-10-18T13:20:00-04:00,120689,"Charles Library",4.122,False,0.2
2022-10-18T13:30:00-04:00,120689,"Charles Library",4.122,False,0.1
2022-10-18T13:40:00-04:00,120689,"Charles Library",4.122,False,0.3
2022-10-18T13:50:00-04:00,120689,"Charles Library",4.122,False,0.5
2022-10-18T14:00:00-04:00,120689,"Charles Library",4.122,False,0.4
2022-10-18T14:10:00-04:00,120689,"Charles Library",4.122,False,0.7
2022-10-18T14:20:00-04:00,120689,"Charles Library",4.122,False,0.6
2022-10-18T14:30:00-04:00,120689,"Charles Library",4.122,False,0.5
2022-10-18T14:40:00-04:00,120689,"Charles Library",4.122,False,0.2
2022-10-18T14:50:00-04:00,120689,"Charles Library",4.122,False,0.1
2022-10-18T15:00:00-04:00,120689,"Charles Library",4.122,False,0.2
2022-10-18T15:10:00-04:00,120689,"Charles Library",4.122,False,0.8
2022-10-18T15:20:00-04:00,120689,"Charles Library",4.122,False,1.1
2022-10-18T15:30:00-04:00,120689,"Charles Library",4.122,False,1.0
2022-10-18T15:40:00-04:00,120689,"Charles Library",4.122,False,0.9
2022-10-18T15:50:00-04:00,120689,"Charles Library",4.122,False,1.4
2022-10-18T16:00:00-04:00,120689,"Charles Library",4.122,False,1.3
2022-10-18T16:10:00-04:00,120689,"Charles Library",4.122,False,0.5
2022-10-18T16:20:00-04:00,120689,"Charles Library",4.122,False,0.4
2022-10-18T16:30:00-04:00,120689,"Charles Library",4.122,False,0.6
2022-10-18T16:40:00-04:00,120689,"Charles Library",4.122,False,1.5
2022-10-18T16:50:00-04:00,120689,"Charles Library",4.122,False,1.6
2022-10-18T17:00:00-04:00,120689,"Charles Library",4.122,False,0.9
2022-10-18T17:10:00-04:00,120689,"Charles Library",4.122,False,1.3
2022-10-18T17:20:00-04:00,120689,"Charles Library",4.122,False,1.4
2022-10-18T17:30:00-04:00,120689,"Charles Library",4.122,False,1.5
2022-10-18T17:40:00-04:00,120689,"Charles Library",4.122,False,1.5
2022-10-18T17:50:00-04:00,120689,"Charles Library",4.122,False,1.1
2022-10-18T18:00:00-04:00,120689,"Charles Library",4.122,False,1.7
2022-10-18T18:10:00-04:00,120689,"Charles Library",4.122,False,2.1
2022-10-18T18:20:00-04:00,120689,"Charles Library",4.122,False,2.0
2022-10-18T18:30:00-04:00,120689,"Charles Library",4.122,False,1.2
2022-10-18T18:40:00-04:00,120689,"Charles Library",4.122,False,1.5
2022-10-18T18:50:00-04:00,120689,"Charles Library",4.122,False,1.1
2022-10-18T19:00:00-04:00,120689,"Charles Library",4.122,False,1.0
2022-10-18T19:10:00-04:00,120689,"Charles Library",4.122,False,1.5
2022-10-18T19:20:00-04:00,120689,"Charles Library",4.122,False,2.0
2022-10-18T19:30:00-04:00,120689,"Charles Library",4.122,False,2.8
2022-10-18T19:40:00-04:00,120689,"Charles Library",4.122,False,3.2
2022-10-18T19:50:00-04:00,120689,"Charles Library",4.122,False,3.0
2022-10-18T20:00:00-04:00,120689,"Charles Library",4.122,False,3.4
2022-10-18T20:10:00-04:00,120689,"Charles Library",4.122,False,4.2
2022-10-18T20:20:00-04:00,120689,"Charles Library",4.122,False,4.1
2022-10-18T20:30:00-04:00,120689,"Charles Library",4.122,False,4.3
2022-10-18T20:40:00-04:00,120689,"Charles Library",4.122,False,4.6
2022-10-18T20:50:00-04:00,120689,"Charles Library",4.122,False,4.9
2022-10-18T21:00:00-04:00,120689,"Charles Library",4.122,False,5.3
2022-10-18T21:10:00-04:00,120689,"Charles Library",4.122,False,5.3
2022-10-18T21:20:00-04:00,120689,"Charles Library",4.122,False,5.3
2022-10-18T21:30:00-04:00,120689,"Charles Library",4.122,False,5.3
2022-10-18T21:40:00-04:00,120689,"Charles Library",4.122,False,5.1
2022-10-18T21:50:00-04:00,120689,"Charles Library",4.122,False,5.4
2022-10-18T22:00:00-04:00,120689,"Charles Library",4.122,False,5.5
2022-10-18T22:10:00-04:00,120689,"Charles Library",4.122,False,5.8
2022-10-18T22:20:00-04:00,120689,"Charles Library",4.122,False,5.9
2022-10-18T22:30:00-04:00,120689,"Charles Library",4.122,False,5.5
2022-10-18T22:40:00-04:00,120689,"Charles Library",4.122,False,4.3
2022-10-18T22:50:00-04:00,120689,"Charles Library",4.122,False,3.8
2022-10-18T23:00:00-04:00,120689,"Charles Library",4.122,False,3.3
2022-10-18T23:10:00-04:00,120689,"Charles Library",4.122,False,2.8
2022-10-18T23:20:00-04:00,120689,"Charles Library",4.122,False,2.9
2022-10-18T23:30:00-04:00,120689,"Charles Library",4.122,False,3.3
2022-10-18T23:40:00-04:00,120689,"Charles Library",4.122,False,2.5
2022-10-18T23:50:00-04:00,120689,"Charles Library",4.122,False,2.3
2022-10-19T00:00:00-04:00,120689,"Charles Library",4.122,False,1.7
2022-10-19T00:10:00-04:00,120689,"Charles Library",4.122,False,1.6
2022-10-19T00:20:00-04:00,120689,"Charles Library",4.122,False,1.7
2022-10-19T00:30:00-04:00,120689,"Charles Library",4.122,False,2.4
2022-10-19T00:40:00-04:00,120689,"Charles Library",4.122,False,3.1
2022-10-19T00:50:00-04:00,120689,"Charles Library",4.122,False,4.1
2022-10-19T01:00:00-04:00,120689,"Charles Library",4.122,False,5.2
2022-10-19T01:10:00-04:00,120689,"Charles Library",4.122,False,5.7
2022-10-19T01:20:00-04:00,120689,"Charles Library",4.122,False,5.6
2022-10-19T01:30:00-04:00,120689,"Charles Library",4.122,False,5.1
2022-10-19T01:40:00-04:00,120689,"Charles Library",4.122,False,4.4
2022-10-19T01:50:00-04:00,120689,"Charles Library",4.122,False,3.9
2022-10-19T02:00:00-04:00,120689,"Charles Library",4.122,False,3.7
2022-10-19T02:10:00-04:00,120689,"Charles Library",4.122,False,3.0
2022-10-19T02:20:00-04:00,120689,"Charles Library",4.122,False,2.6
2022-10-19T02:30:00-04:00,120689,"Charles Library",4.122,False,2.6
2022-10-19T02:40:00-04:00,120689,"Charles Library",4.122,False,2.4
2022-10-19T02:50:00-04:00,120689,"Charles Library",4.122,False,2.1
2022-10-19T03:00:00-04:00,120689,"Charles Library",4.122,False,1.7
2022-10-19T03:10:00-04:00,120689,"Charles Library",4.122,False,1.4
2022-10-19T03:20:00-04:00,120689,"Charles Library",4.122,False,1.5
2022-10-19T03:30:00-04:00,120689,"Charles Library",4.122,False,1.1
2022-10-19T03:40:00-04:00,120689,"Charles Library",4.122,False,1.5
2022-10-19T03:50:00-04:00,120689,"Charles Library",4.122,False,1.2
2022-10-19T04:00:00-04:00,120689,"Charles Library",4.122,False,1.2
2022-10-19T04:10:00-04:00,120689,"Charles Library",4.122,False,1.0
2022-10-19T04:20:00-04:00,120689,"Charles Library",4.122,False,1.1
2022-10-19T04:30:00-04:00,120689,"Charles Library",4.122,False,1.1
2022-10-19T04:40:00-04:00,120689,"Charles Library",4.122,False,1.0
2022-10-19T04:50:00-04:00,120689,"Charles Library",4.122,False,1.2
2022-10-19T05:00:00-04:00,120689,"Charles Library",4.122,False,0.9
2022-10-19T05:10:00-04:00,120689,"Charles Library",4.122,False,1.0
2022-10-19T05:20:00-04:00,120689,"Charles Library",4.122,False,1.0
2022-10-19T05:30:00-04:00,120689,"Charles Library",4.122,False,0.7
2022-10-19T05:40:00-04:00,120689,"Charles Library",4.122,False,0.9
2022-10-19T05:50:00-04:00,120689,"Charles Library",4.122,False,0.8
2022-10-19T06:00:00-04:00,120689,"Charles Library",4.122,False,1.0
2022-10-19T06:10:00-04:00,120689,"Charles Library",4.122,False,1.2
2022-10-19T06:20:00-04:00,120689,"Charles Library",4.122,False,1.2
2022-10-19T06:30:00-04:00,120689,"Charles Library",4.122,False,1.0
2022-10-19T06:40:00-04:00,120689,"Charles Library",4.122,False,1.2
2022-10-19T06:50:00-04:00,120689,"Charles Library",4.122,False,0.8
2022-10-19T07:00:00-04:00,120689,"Charles Library",4.122,False,1.0
2022-10-19T07:10:00-04:00,120689,"Charles Library",4.122,False,1.0
2022-10-19T07:20:00-04:00,120689,"Charles Library",4.122,False,1.5
2022-10-19T07:30:00-04:00,120689,"Charles Library",4.122,False,1.4
2022-10-19T07:40:00-04:00,120689,"Charles Library",4.122,False,1.0
2022-10-19T07:50:00-04:00,120689,"Charles Library",4.122,False,1.0
2022-10-19T08:00:00-04:00,120689,"Charles Library",4.122,False,1.4
2022-10-19T08:10:00-04:00,120689,"Charles Library",4.122,False,1.3
2022-10-19T08:20:00-04:00,120689,"Charles Library",4.122,False,1.4
2022-10-19T08:30:00-04:00,120689,"Charles Library",4.122,False,1.0
2022-10-19T08:40:00-04:00,120689,"Charles Library",4.122,False,1.0
2022-10-19T08:50:00-04:00,120689,"Charles Library",4.122,False,1.3
2022-10-19T09:00:00-04:00,120689,"Charles Library",4.122,False,1.4
2022-10-19T09:10:00-04:00,120689,"Charles Library",4.122,False,0.8
2022-10-19T09:20:00-04:00,120689,"Charles Library",4.122,False,0.6
2022-10-19T09:30:00-04:00,120689,"Charles Library",4.122,False,0.2
2022-10-19T09:40:00-04:00,120689,"Charles Library",4.122,False,0.1
2022-10-19T09:50:00-04:00,120689,"Charles Library",4.122,False,0.0
2022-10-19T10:00:00-04:00,120689,"Charles Library",4.122,False,0.0
2022-10-19T10:10:00-04:00,120689,"Charles Library",4.122,False,0.0
2022-10-19T10:20:00-04:00,120689,"Charles Library",4.122,False,0.0
2022-10-19T10:30:00-04:00,120689,"Charles Library",4.122,False,0.0
2022-10-19T10:40:00-04:00,120689,"Charles Library",4.122,False,0.0
2022-10-19T10:50:00-04:00,120689,"Charles Library",4.122,False,0.0
2022-10-19T11:00:00-04:00,120689,"Charles Library",4.122,False,0.0
2022-10-19T11:10:00-04:00,120689,"Charles Library",4.122,False,0.0
2022-10-19T11:20:00-04:00,120689,"Charles Library",4.122,False,0.0
2022-10-19T11:30:00-04:00,120689,"Charles Library",4.122,False,0.0
2022-10-19T11:40:00-04:00,120689,"Charles Library",4.122,False,0.0
2022-10-19T11:50:00-04:00,120689,"Charles Library",4.122,False,0.0
2022-10-19T12:00:00-04:00,120689,"Charles Library",4.122,False,0.0
2022-10-19T12:10:00-04:00,120689,"Charles Library",4.122,False,0.0
2022-10-19T12:20:00-04:00,120689,"Charles Library",4.122,False,0.0
2022-10-19T12:30:00-04:00,120689,"Charles Library",4.122,False,0.0
2022-10-19T12:40:00-04:00,120689,"Charles Library",4.122,False,0.0
2022-10-19T12:50:00-04:00,120689,"Charles Library",4.122,False,0.0
2022-10-19T13:00:00-04:00,120689,"Charles Library",4.122,False,0.0
2022-10-19T13:10:00-04:00,120689,"Charles Library",4.122,False,0.0
2022-10-19T13:20:00-04:00,120689,"Charles Library",4.122,False,0.0
2022-10-19T13:30:00-04:00,120689,"Charles Library",4.122,False,0.0
2022-10-19T13:40:00-04:00,120689,"Charles Library",4.122,False,0.0
2022-10-19T13:50:00-04:00,120689,"Charles Library",4.122,False,0.0
2022-10-19T14:00:00-04:00,120689,"Charles Library",4.122,False,0.0
2022-10-19T14:10:00-04:00,120689,"Charles Library",4.122,False,0.0
2022-10-19T14:20:00-04:00,120689,"Charles Library",4.122,False,0.0
2022-10-19T14:30:00-04:00,120689,"Charles Library",4.122,False,0.0
2022-10-19T14:40:00-04:00,120689,"Charles Library",4.122,False,0.0
2022-10-19T14:50:00-04:00,120689,"Charles Library",4.122,False,0.0
2022-10-19T15:00:00-04:00,120689,"Charles Library",4.122,False,0.0
2022-10-19T15:10:00-04:00,120689,"Charles Library",4.122,False,0.1
2022-10-19T15:20:00-04:00,120689,"Charles Library",4.122,False,0.0
2022-10-19T15:30:00-04:00,120689,"Charles Library",4.122,False,0.0
2022-10-19T15:40:00-04:00,120689,"Charles Library",4.122,False,0.0
2022-10-19T15:50:00-04:00,120689,"Charles Library",4.122,False,0.0
2022-10-19T16:00:00-04:00,120689,"Charles Library",4.122,False,0.0
2022-10-19T16:10:00-04:00,120689,"Charles Library",4.122,False,0.0
2022-10-19T16:20:00-04:00,120689,"Charles Library",4.122,False,0.0
2022-10-19T16:30:00-04:00,120689,"Charles Library",4.122,False,0.0
2022-10-19T16:40:00-04:00,120689,"Charles Library",4.122,False,0.0
2022-10-19T16:50:00-04:00,120689,"Charles Library",4.122,False,0.0
2022-10-19T17:00:00-04:00,120689,"Charles Library",4.122,False,0.0
2022-10-19T17:10:00-04:00,120689,"Charles Library",4.122,False,0.0
2022-10-19T17:20:00-04:00,120689,"Charles Library",4.122,False,0.0
2022-10-19T17:30:00-04:00,120689,"Charles Library",4.122,False,0.0
2022-10-19T17:40:00-04:00,120689,"Charles Library",4.122,False,0.0
2022-10-19T17:50:00-04:00,120689,"Charles Library",4.122,False,0.0
2022-10-19T18:00:00-04:00,120689,"Charles Library",4.122,False,0.0
2022-10-19T18:10:00-04:00,120689,"Charles Library",4.122,False,0.0
2022-10-19T18:20:00-04:00,120689,"Charles Library",4.122,False,0.0
2022-10-19T18:30:00-04:00,120689,"Charles Library",4.122,False,0.0
2022-10-19T18:40:00-04:00,120689,"Charles Library",4.122,False,0.0
2022-10-19T18:50:00-04:00,120689,"Charles Library",4.122,False,0.0
2022-10-19T19:00:00-04:00,120689,"Charles Library",4.122,False,0.0
2022-10-19T19:10:00-04:00,120689,"Charles Library",4.122,False,0.0
2022-10-19T19:20:00-04:00,120689,"Charles Library",4.122,False,0.0
2022-10-19T19:30:00-04:00,120689,"Charles Library",4.122,False,0.0
2022-10-19T19:40:00-04:00,120689,"Charles Library",4.122,False,0.0
2022-10-19T19:50:00-04:00,120689,"Charles Library",4.122,False,0.0
2022-10-19T20:00:00-04:00,120689,"Charles Library",4.122,False,0.0
2022-10-19T20:10:00-04:00,120689,"Charles Library",4.122,False,0.0
2022-10-19T20:20:00-04:00,120689,"Charles Library",4.122,False,0.0
2022-10-19T20:30:00-04:00,120689,"Charles Library",4.122,False,0.0
2022-10-19T20:40:00-04:00,120689,"Charles Library",4.122,False,0.0
2022-10-19T20:50:00-04:00,120689,"Charles Library",4.122,False,0.0
2022-10-19T21:00:00-04:00,120689,"Charles Library",4.122,False,0.0
2022-10-19T21:10:00-04:00,120689,"Charles Library",4.122,False,0.0
2022-10-19T21:20:00-04:00,120689,"Charles Library",4.122,False,0.0
2022-10-19T21:30:00-04:00,120689,"Charles Library",4.122,False,0.0
2022-10-19T21:40:00-04:00,120689,"Charles Library",4.122,False,0.0
2022-10-19T21:50:00-04:00,120689,"Charles Library",4.122,False,0.0
2022-10-19T22:00:00-04:00,120689,"Charles Library",4.122,False,0.0
2022-10-19T22:10:00-04:00,120689,"Charles Library",4.122,False,0.0
2022-10-19T22:20:00-04:00,120689,"Charles Library",4.122,False,0.0
2022-10-19T22:30:00-04:00,120689,"Charles Library",4.122,False,0.0
2022-10-19T22:40:00-04:00,120689,"Charles Library",4.122,False,0.0
2022-10-19T22:50:00-04:00,120689,"Charles Library",4.122,False,0.0
2022-10-19T23:00:00-04:00,120689,"Charles Library",4.122,False,0.0
2022-10-19T23:10:00-04:00,120689,"Charles Library",4.122,False,0.0
2022-10-19T23:20:00-04:00,120689,"Charles Library",4.122,False,0.0
2022-10-19T23:30:00-04:00,120689,"Charles Library",4.122,False,0.0
2022-10-19T23:40:00-04:00,120689,"Charles Library",4.122,False,0.0
2022-10-19T23:50:00-04:00,120689,"Charles Library",4.122,False,0.0
2022-10-20T00:00:00-04:00,120689,"Charles Library",4.122,False,0.0
2022-10-20T00:10:00-04:00,120689,"Charles Library",4.122,False,0.0
2022-10-20T00:20:00-04:00,120689,"Charles Library",4.122,False,0.0
2022-10-20T00:30:00-04:00,120689,"Charles Library",4.122,False,0.0
2022-10-20T00:40:00-04:00,120689,"Charles Library",4.122,False,0.0
2022-10-20T00:50:00-04:00,120689,"Charles Library",4.122,False,0.0
2022-10-20T01:00:00-04:00,120689,"Charles Library",4.122,False,0.0
2022-10-20T01:10:00-04:00,120689,"Charles Library",4.122,False,0.0
2022-10-20T01:20:00-04:00,120689,"Charles Library",4.122,False,0.0
2022-10-20T01:30:00-04:00,120689,"Charles Library",4.122,False,0.0
2022-10-20T01:40:00-04:00,120689,"Charles Library",4.122,False,0.0
2022-10-20T01:50:00-04:00,120689,"Charles Library",4.122,False,0.0
2022-10-20T02:00:00-04:00,120689,"Charles Library",4.122,False,0.0
2022-10-20T02:10:00-04:00,120689,"Charles Library",4.122,False,0.0
2022-10-20T02:20:00-04:00,120689,"Charles Library",4.122,False,0.0
2022-10-20T02:30:00-04:00,120689,"Charles Library",4.122,False,0.0
2022-10-20T02:40:00-04:00,120689,"Charles Library",4.122,False,0.0
2022-10-20T02:50:00-04:00,120689,"Charles Library",4.122,False,0.0
2022-10-20T03:00:00-04:00,120689,"Charles Library",4.122,False,0.0
2022-10-20T03:10:00-04:00,120689,"Charles Library",4.122,False,0.0
2022-10-20T03:20:00-04:00,120689,"Charles Library",4.122,False,0.0
2022-10-20T03:30:00-04:00,120689,"Charles Library",4.122,False,0.0
2022-10-20T03:40:00-04:00,120689,"Charles Library",4.122,False,0.0
2022-10-20T03:50:00-04:00,120689,"Charles Library",4.122,False,0.0
2022-10-20T04:00:00-04:00,120689,"Charles Library",4.122,False,0.0
2022-10-20T04:10:00-04:00,120689,"Charles Library",4.122,False,0.0
2022-10-20T04:20:00-04:00,120689,"Charles Library",4.122,False,0.1
2022-10-20T04:30:00-04:00,120689,"Charles Library",4.122,False,0.1
2022-10-20T04:40:00-04:00,120689,"Charles Library",4.122,False,0.1
2022-10-20T04:50:00-04:00,120689,"Charles Library",4.122,False,0.3
2022-10-20T05:00:00-04:00,120689,"Charles Library",4.122,False,0.2
2022-10-20T05:10:00-04:00,120689,"Charles Library",4.122,False,0.1
2022-10-20T05:20:00-04:00,120689,"Charles Library",4.122,False,0.3
2022-10-20T05:30:00-04:00,120689,"Charles Library",4.122,False,0.4
2022-10-20T05:40:00-04:00,120689,"Charles Library",4.122,False,0.6
2022-10-20T05:50:00-04:00,120689,"Charles Library",4.122,False,0.7
2022-10-20T06:00:00-04:00,120689,"Charles Library",4.122,False,0.6
2022-10-20T06:10:00-04:00,120689,"Charles Library",4.122,False,0.8
2022-10-20T06:20:00-04:00,120689,"Charles Library",4.122,False,0.9
2022-10-20T06:30:00-04:00,120689,"Charles Library",4.122,False,0.9
2022-10-20T06:40:00-04:00,120689,"Charles Library",4.122,False,1.2
2022-10-20T06:50:00-04:00,120689,"Charles Library",4.122,False,1.7
2022-10-20T07:00:00-04:00,120689,"Charles Library",4.122,False,2.4
2022-10-20T07:10:00-04:00,120689,"Charles Library",4.122,False,2.5
2022-10-20T07:20:00-04:00,120689,"Charles Library",4.122,False,2.4
2022-10-20T07:30:00-04:00,120689,"Charles Library",4.122,False,2.5
2022-10-20T07:40:00-04:00,120689,"Charles Library",4.122,False,2.5
2022-10-20T07:50:00-04:00,120689,"Charles Library",4.122,False,2.8
2022-10-20T08:00:00-04:00,120689,"Charles Library",4.122,False,2.7
2022-10-20T08:10:00-04:00,120689,"Charles Library",4.122,False,2.8
2022-10-20T08:20:00-04:00,120689,"Charles Library",4.122,False,2.7
2022-10-20T08:30:00-04:00,120689,"Charles Library",4.122,False,2.6
2022-10-20T08:40:00-04:00,120689,"Charles Library",4.122,False,3.1
2022-10-20T08:50:00-04:00,120689,"Charles Library",4.122,False,4.1
2022-10-20T09:00:00-04:00,120689,"Charles Library",4.122,False,4.2
2022-10-20T09:10:00-04:00,120689,"Charles Library",4.122,False,2.6
2022-10-20T09:20:00-04:00,120689,"Charles Library",4.122,False,1.9
2022-10-20T09:30:00-04:00,120689,"Charles Library",4.122,False,1.3
2022-10-20T09:40:00-04:00,120689,"Charles Library",4.122,False,0.9
2022-10-20T09:50:00-04:00,120689,"Charles Library",4.122,False,0.8
2022-10-20T10:00:00-04:00,120689,"Charles Library",4.122,False,0.5
2022-10-20T10:10:00-04:00,120689,"Charles Library",4.122,False,0.4
2022-10-20T10:20:00-04:00,120689,"Charles Library",4.122,False,0.3
2022-10-20T10:30:00-04:00,120689,"Charles Library",4.122,False,0.2
2022-10-20T10:40:00-04:00,120689,"Charles Library",4.122,False,0.3
2022-10-20T10:50:00-04:00,120689,"Charles Library",4.122,False,0.2
2022-10-20T11:00:00-04:00,120689,"Charles Library",4.122,False,0.2
2022-10-20T11:10:00-04:00,120689,"Charles Library",4.122,False,0.1
2022-10-20T11:20:00-04:00,120689,"Charles Library",4.122,False,0.1
2022-10-20T11:30:00-04:00,120689,"Charles Library",4.122,False,0.2
2022-10-20T11:40:00-04:00,120689,"Charles Library",4.122,False,0.1
2022-10-20T11:50:00-04:00,120689,"Charles Library",4.122,False,0.1
2022-10-20T12:00:00-04:00,120689,"Charles Library",4.122,False,0.2
2022-10-20T12:10:00-04:00,120689,"Charles Library",4.122,False,0.1
2022-10-20T12:20:00-04:00,120689,"Charles Library",4.122,False,0.1
2022-10-20T12:30:00-04:00,120689,"Charles Library",4.122,False,0.1
2022-10-20T12:40:00-04:00,120689,"Charles Library",4.122,False,0.1
2022-10-20T12:50:00-04:00,120689,"Charles Library",4.122,False,0.1
2022-10-20T13:00:00-04:00,120689,"Charles Library",4.122,False,0.1
2022-10-20T13:10:00-04:00,120689,"Charles Library",4.122,False,0.1
2022-10-20T13:20:00-04:00,120689,"Charles Library",4.122,False,0.1
2022-10-20T13:30:00-04:00,120689,"Charles Library",4.122,False,0.0
2022-10-20T13:40:00-04:00,120689,"Charles Library",4.122,False,0.1
2022-10-20T13:50:00-04:00,120689,"Charles Library",4.122,False,0.0
2022-10-20T14:00:00-04:00,120689,"Charles Library",4.122,False,0.1
2022-10-20T14:10:00-04:00,120689,"Charles Library",4.122,False,0.3
2022-10-20T14:20:00-04:00,120689,"Charles Library",4.122,False,3.1
2022-10-20T14:30:00-04:00,120689,"Charles Library",4.122,False,1.9
2022-10-20T14:40:00-04:00,120689,"Charles Library",4.122,False,1.2
2022-10-20T14:50:00-04:00,120689,"Charles Library",4.122,False,0.1
2022-10-20T15:00:00-04:00,120689,"Charles Library",4.122,False,0.0
2022-10-20T15:10:00-04:00,120689,"Charles Library",4.122,False,0.1
2022-10-20T15:20:00-04:00,120689,"Charles Library",4.122,False,0.1
2022-10-20T15:30:00-04:00,120689,"Charles Library",4.122,False,0.1
2022-10-20T15:40:00-04:00,120689,"Charles Library",4.122,False,0.1
2022-10-20T15:50:00-04:00,120689,"Charles Library",4.122,False,0.0
2022-10-20T16:00:00-04:00,120689,"Charles Library",4.122,False,0.0
2022-10-20T16:10:00-04:00,120689,"Charles Library",4.122,False,0.0
2022-10-20T16:20:00-04:00,120689,"Charles Library",4.122,False,0.0
2022-10-20T16:30:00-04:00,120689,"Charles Library",4.122,False,0.0
2022-10-20T16:40:00-04:00,120689,"Charles Library",4.122,False,0.0
2022-10-20T16:50:00-04:00,120689,"Charles Library",4.122,False,0.0
2022-10-20T17:00:00-04:00,120689,"Charles Library",4.122,False,0.0
2022-10-20T17:10:00-04:00,120689,"Charles Library",4.122,False,0.0
2022-10-20T17:20:00-04:00,120689,"Charles Library",4.122,False,0.0
2022-10-20T17:30:00-04:00,120689,"Charles Library",4.122,False,0.0
2022-10-20T17:40:00-04:00,120689,"Charles Library",4.122,False,0.0
2022-10-20T17:50:00-04:00,120689,"Charles Library",4.122,False,0.1
2022-10-20T18:00:00-04:00,120689,"Charles Library",4.122,False,0.1
2022-10-20T18:10:00-04:00,120689,"Charles Library",4.122,False,0.1
2022-10-20T18:20:00-04:00,120689,"Charles Library",4.122,False,0.1
2022-10-20T18:30:00-04:00,120689,"Charles Library",4.122,False,0.2
2022-10-20T18:40:00-04:00,120689,"Charles Library",4.122,False,0.2
2022-10-20T18:50:00-04:00,120689,"Charles Library",4.122,False,0.3
2022-10-20T19:00:00-04:00,120689,"Charles Library",4.122,False,0.4
2022-10-20T19:10:00-04:00,120689,"Charles Library",4.122,False,0.5
2022-10-20T19:20:00-04:00,120689,"Charles Library",4.122,False,0.5
2022-10-20T19:30:00-04:00,120689,"Charles Library",4.122,False,0.4
2022-10-20T19:40:00-04:00,120689,"Charles Library",4.122,False,0.2
2022-10-20T19:50:00-04:00,120689,"Charles Library",4.122,False,0.3
2022-10-20T20:00:00-04:00,120689,"Charles Library",4.122,False,0.5
2022-10-20T20:10:00-04:00,120689,"Charles Library",4.122,False,0.5
2022-10-20T20:20:00-04:00,120689,"Charles Library",4.122,False,0.5
2022-10-20T20:30:00-04:00,120689,"Charles Library",4.122,False,0.7
2022-10-20T20:40:00-04:00,120689,"Charles Library",4.122,False,1.1
2022-10-20T20:50:00-04:00,120689,"Charles Library",4.122,False,2.0
2022-10-20T21:00:00-04:00,120689,"Charles Library",4.122,False,1.9
2022-10-20T21:10:00-04:00,120689,"Charles Library",4.122,False,1.3
2022-10-20T21:20:00-04:00,120689,"Charles Library",4.122,False,1.7
2022-10-20T21:30:00-04:00,120689,"Charles Library",4.122,False,1.7
2022-10-20T21:40:00-04:00,120689,"Charles Library",4.122,False,1.3
2022-10-20T21:50:00-04:00,120689,"Charles Library",4.122,False,1.3
2022-10-20T22:00:00-04:00,120689,"Charles Library",4.122,False,1.4
2022-10-20T22:10:00-04:00,120689,"Charles Library",4.122,False,1.5
2022-10-20T22:20:00-04:00,120689,"Charles Library",4.122,False,1.4
2022-10-20T22:30:00-04:00,120689,"Charles Library",4.122,False,1.6
2022-10-20T22:40:00-04:00,120689,"Charles Library",4.122,False,1.5
2022-10-20T22:50:00-04:00,120689,"Charles Library",4.122,False,1.7
2022-10-20T23:00:00-04:00,120689,"Charles Library",4.122,False,1.8
2022-10-20T23:10:00-04:00,120689,"Charles Library",4.122,False,1.6
2022-10-20T23:20:00-04:00,120689,"Charles Library",4.122,False,1.8
2022-10-20T23:30:00-04:00,120689,"Charles Library",4.122,False,2.2
2022-10-20T23:40:00-04:00,120689,"Charles Library",4.122,False,2.3
2022-10-20T23:50:00-04:00,120689,"Charles Library",4.122,False,2.0
2022-10-21T00:00:00-04:00,120689,"Charles Library",4.122,False,2.1
2022-10-21T00:10:00-04:00,120689,"Charles Library",4.122,False,2.4
2022-10-21T00:20:00-04:00,120689,"Charles Library",4.122,False,2.4
2022-10-21T00:30:00-04:00,120689,"Charles Library",4.122,False,2.4
2022-10-21T00:40:00-04:00,120689,"Charles Library",4.122,False,2.3
2022-10-21T00:50:00-04:00,120689,"Charles Library",4.122,False,2.3
2022-10-21T01:00:00-04:00,120689,"Charles Library",4.122,False,2.7
2022-10-21T01:10:00-04:00,120689,"Charles Library",4.122,False,2.5
2022-10-21T01:20:00-04:00,120689,"Charles Library",4.122,False,2.1
2022-10-21T01:30:00-04:00,120689,"Charles Library",4.122,False,2.2
2022-10-21T01:40:00-04:00,120689,"Charles Library",4.122,False,2.1
2022-10-21T01:50:00-04:00,120689,"Charles Library",4.122,False,2.5
2022-10-21T02:00:00-04:00,120689,"Charles Library",4.122,False,2.9
2022-10-21T02:10:00-04:00,120689,"Charles Library",4.122,False,3.3
2022-10-21T02:20:00-04:00,120689,"Charles Library",4.122,False,3.3
2022-10-21T02:30:00-04:00,120689,"Charles Library",4.122,False,3.2
2022-10-21T02:40:00-04:00,120689,"Charles Library",4.122,False,3.3
2022-10-21T02:50:00-04:00,120689,"Charles Library",4.122,False,3.8
2022-10-21T03:00:00-04:00,120689,"Charles Library",4.122,False,4.4
2022-10-21T03:10:00-04:00,120689,"Charles Library",4.122,False,4.7
2022-10-21T03:20:00-04:00,120689,"Charles Library",4.122,False,5.1
2022-10-21T03:30:00-04:00,120689,"Charles Library",4.122,False,5.6
2022-10-21T03:40:00-04:00,120689,"Charles Library",4.122,False,6.0
2022-10-21T03:50:00-04:00,120689,"Charles Library",4.122,False,5.6
2022-10-21T04:00:00-04:00,120689,"Charles Library",4.122,False,5.8
2022-10-21T04:10:00-04:00,120689,"Charles Library",4.122,False,5.9
2022-10-21T04:20:00-04:00,120689,"Charles Library",4.122,False,5.8
2022-10-21T04:30:00-04:00,120689,"Charles Library",4.122,False,6.6
2022-10-21T04:40:00-04:00,120689,"Charles Library",4.122,False,6.4
2022-10-21T04:50:00-04:00,120689,"Charles Library",4.122,False,5.9
2022-10-21T05:00:00-04:00,120689,"Charles Library",4.122,False,5.7
2022-10-21T05:10:00-04:00,120689,"Charles Library",4.122,False,5.5
2022-10-21T05:20:00-04:00,120689,"Charles Library",4.122,False,5.2
2022-10-21T05:30:00-04:00,120689,"Charles Library",4.122,False,5.0
2022-10-21T05:40:00-04:00,120689,"Charles Library",4.122,False,5.3
2022-10-21T05:50:00-04:00,120689,"Charles Library",4.122,False,5.4
2022-10-21T06:00:00-04:00,120689,"Charles Library",4.122,False,5.4
2022-10-21T06:10:00-04:00,120689,"Charles Library",4.122,False,6.0
2022-10-21T06:20:00-04:00,120689,"Charles Library",4.122,False,6.2
2022-10-21T06:30:00-04:00,120689,"Charles Library",4.122,False,6.6
2022-10-21T06:40:00-04:00,120689,"Charles Library",4.122,False,6.7
2022-10-21T06:50:00-04:00,120689,"Charles Library",4.122,False,7.0
2022-10-21T07:00:00-04:00,120689,"Charles Library",4.122,False,7.0
2022-10-21T07:10:00-04:00,120689,"Charles Library",4.122,False,8.0
2022-10-21T07:20:00-04:00,120689,"Charles Library",4.122,False,8.0
2022-10-21T07:30:00-04:00,120689,"Charles Library",4.122,False,9.9
2022-10-21T07:40:00-04:00,120689,"Charles Library",4.122,False,10.3
2022-10-21T07:50:00-04:00,120689,"Charles Library",4.122,False,10.9
2022-10-21T08:00:00-04:00,120689,"Charles Library",4.122,False,12.7
2022-10-21T08:10:00-04:00,120689,"Charles Library",4.122,False,12.3
2022-10-21T08:20:00-04:00,120689,"Charles Library",4.122,False,12.9
2022-10-21T08:30:00-04:00,120689,"Charles Library",4.122,False,13.2
2022-10-21T08:40:00-04:00,120689,"Charles Library",4.122,False,14.2
2022-10-21T08:50:00-04:00,120689,"Charles Library",4.122,False,15.5
2022-10-21T09:00:00-04:00,120689,"Charles Library",4.122,False,14.4
2022-10-21T09:10:00-04:00,120689,"Charles Library",4.122,False,12.7
2022-10-21T09:20:00-04:00,120689,"Charles Library",4.122,False,11.3
2022-10-21T09:30:00-04:00,120689,"Charles Library",4.122,False,10.2
2022-10-21T09:40:00-04:00,120689,"Charles Library",4.122,False,7.0
2022-10-21T09:50:00-04:00,120689,"Charles Library",4.122,False,7.0
2022-10-21T10:00:00-04:00,120689,"Charles Library",4.122,False,7.3
2022-10-21T10:10:00-04:00,120689,"Charles Library",4.122,False,8.0
2022-10-21T10:20:00-04:00,120689,"Charles Library",4.122,False,8.8
2022-10-21T10:30:00-04:00,120689,"Charles Library",4.122,False,11.7
2022-10-21T10:40:00-04:00,120689,"Charles Library",4.122,False,13.8
2022-10-21T10:50:00-04:00,120689,"Charles Library",4.122,False,14.6
2022-10-21T11:00:00-04:00,120689,"Charles Library",4.122,False,13.7
2022-10-21T11:10:00-04:00,120689,"Charles Library",4.122,False,11.4
2022-10-21T11:20:00-04:00,120689,"Charles Library",4.122,False,10.3
2022-10-21T11:30:00-04:00,120689,"Charles Library",4.122,False,7.8
2022-10-21T11:40:00-04:00,120689,"Charles Library",4.122,False,8.1
2022-10-21T11:50:00-04:00,120689,"Charles Library",4.122,False,13.6
2022-10-21T12:00:00-04:00,120689,"Charles Library",4.122,False,10.6
2022-10-21T12:10:00-04:00,120689,"Charles Library",4.122,False,11.4
2022-10-21T12:20:00-04:00,120689,"Charles Library",4.122,False,6.2
2022-10-21T12:30:00-04:00,120689,"Charles Library",4.122,False,7.1
2022-10-21T12:40:00-04:00,120689,"Charles Library",4.122,False,3.2
2022-10-21T12:50:00-04:00,120689,"Charles Library",4.122,False,2.2
2022-10-21T13:00:00-04:00,120689,"Charles Library",4.122,False,2.8
2022-10-21T13:10:00-04:00,120689,"Charles Library",4.122,False,2.6
2022-10-21T13:20:00-04:00,120689,"Charles Library",4.122,False,2.4
2022-10-21T13:30:00-04:00,120689,"Charles Library",4.122,False,1.5
2022-10-21T13:40:00-04:00,120689,"Charles Library",4.122,False,4.6
2022-10-21T13:50:00-04:00,120689,"Charles Library",4.122,False,2.1
2022-10-21T14:00:00-04:00,120689,"Charles Library",4.122,False,1.6
2022-10-21T14:10:00-04:00,120689,"Charles Library",4.122,False,1.3
2022-10-21T14:20:00-04:00,120689,"Charles Library",4.122,False,0.9
2022-10-21T14:30:00-04:00,120689,"Charles Library",4.122,False,1.6
2022-10-21T14:40:00-04:00,120689,"Charles Library",4.122,False,1.5
2022-10-21T14:50:00-04:00,120689,"Charles Library",4.122,False,0.9
2022-10-21T15:00:00-04:00,120689,"Charles Library",4.122,False,1.2
2022-10-21T15:10:00-04:00,120689,"Charles Library",4.122,False,0.4
2022-10-21T15:20:00-04:00,120689,"Charles Library",4.122,False,0.4
2022-10-21T15:30:00-04:00,120689,"Charles Library",4.122,False,0.6
2022-10-21T15:40:00-04:00,120689,"Charles Library",4.122,False,1.7
2022-10-21T15:50:00-04:00,120689,"Charles Library",4.122,False,0.9
2022-10-21T16:00:00-04:00,120689,"Charles Library",4.122,False,0.7
2022-10-21T16:10:00-04:00,120689,"Charles Library",4.122,False,0.6
2022-10-21T16:20:00-04:00,120689,"Charles Library",4.122,False,0.9
2022-10-21T16:30:00-04:00,120689,"Charles Library",4.122,False,0.6
2022-10-21T16:40:00-04:00,120689,"Charles Library",4.122,False,0.5
2022-10-21T16:50:00-04:00,120689,"Charles Library",4.122,False,0.9
2022-10-21T17:00:00-04:00,120689,"Charles Library",4.122,False,0.8
2022-10-21T17:10:00-04:00,120689,"Charles Library",4.122,False,0.7
2022-10-21T17:20:00-04:00,120689,"Charles Library",4.122,False,0.7
2022-10-21T17:30:00-04:00,120689,"Charles Library",4.122,False,0.8
2022-10-21T17:40:00-04:00,120689,"Charles Library",4.122,False,0.4
2022-10-21T17:50:00-04:00,120689,"Charles Library",4.122,False,0.5
2022-10-21T18:00:00-04:00,120689,"Charles Library",4.122,False,0.7
2022-10-21T18:10:00-04:00,120689,"Charles Library",4.122,False,0.7
2022-10-21T18:20:00-04:00,120689,"Charles Library",4.122,False,0.8
2022-10-21T18:30:00-04:00,120689,"Charles Library",4.122,False,1.4
2022-10-21T18:40:00-04:00,120689,"Charles Library",4.122,False,1.4
2022-10-21T18:50:00-04:00,120689,"Charles Library",4.122,False,1.5
2022-10-21T19:00:00-04:00,120689,"Charles Library",4.122,False,2.0
2022-10-21T19:10:00-04:00,120689,"Charles Library",4.122,False,2.3
2022-10-21T19:20:00-04:00,120689,"Charles Library",4.122,False,2.7
2022-10-21T19:30:00-04:00,120689,"Charles Library",4.122,False,2.9
2022-10-21T19:40:00-04:00,120689,"Charles Library",4.122,False,3.3
2022-10-21T19:50:00-04:00,120689,"Charles Library",4.122,False,2.7
2022-10-21T20:00:00-04:00,120689,"Charles Library",4.122,False,3.6
2022-10-21T20:10:00-04:00,120689,"Charles Library",4.122,False,3.1
2022-10-21T20:20:00-04:00,120689,"Charles Library",4.122,False,3.1
2022-10-21T20:30:00-04:00,120689,"Charles Library",4.122,False,3.3
2022-10-21T20:40:00-04:00,120689,"Charles Library",4.122,False,4.2
2022-10-21T20:50:00-04:00,120689,"Charles Library",4.122,False,3.9
2022-10-21T21:00:00-04:00,120689,"Charles Library",4.122,False,4.2
2022-10-21T21:10:00-04:00,120689,"Charles Library",4.122,False,4.5
2022-10-21T21:20:00-04:00,120689,"Charles Library",4.122,False,5.0
2022-10-21T21:30:00-04:00,120689,"Charles Library",4.122,False,5.0
2022-10-21T21:40:00-04:00,120689,"Charles Library",4.122,False,5.7
2022-10-21T21:50:00-04:00,120689,"Charles Library",4.122,False,6.3
2022-10-21T22:00:00-04:00,120689,"Charles Library",4.122,False,6.8
2022-10-21T22:10:00-04:00,120689,"Charles Library",4.122,False,7.9
2022-10-21T22:20:00-04:00,120689,"Charles Library",4.122,False,9.9
2022-10-21T22:30:00-04:00,120689,"Charles Library",4.122,False,9.7
2022-10-21T22:40:00-04:00,120689,"Charles Library",4.122,False,9.4
2022-10-21T22:50:00-04:00,120689,"Charles Library",4.122,False,11.0
2022-10-21T23:00:00-04:00,120689,"Charles Library",4.122,False,12.1
2022-10-21T23:10:00-04:00,120689,"Charles Library",4.122,False,15.0
2022-10-21T23:20:00-04:00,120689,"Charles Library",4.122,False,16.1
2022-10-21T23:30:00-04:00,120689,"Charles Library",4.122,False,15.0
2022-10-21T23:40:00-04:00,120689,"Charles Library",4.122,False,13.4
2022-10-21T23:50:00-04:00,120689,"Charles Library",4.122,False,10.7
