DAY HR    LAT     LON PM2500100
 69 23  39.78  -75.28  0.00E+00
 69 23  39.78  -75.28  0.00E+00
 69 23  39.79  -75.28  0.00E+00
 69 23  39.79  -75.28  0.00E+00
 69 23  39.80  -75.28  0.00E+00
 69 23  39.80  -75.28  0.00E+00
 69 23  39.81  -75.28  0.00E+00
 69 23  39.81  -75.28  0.00E+00
 69 23  39.82  -75.28  0.00E+00
 69 23  39.82  -75.28  0.00E+00
 69 23  39.83  -75.28  0.00E+00
 69 23  39.83  -75.28  0.00E+00
 69 23  39.84  -75.28  0.00E+00
 69 23  39.84  -75.28  0.00E+00
 69 23  39.85  -75.28  0.00E+00
 69 23  39.85  -75.28  0.00E+00
 69 23  39.86  -75.28  0.00E+00
 69 23  39.86  -75.28  0.00E+00
 69 23  39.87  -75.28  0.00E+00
 69 23  39.87  -75.28  0.00E+00
 69 23  39.88  -75.28  0.00E+00
 69 23  39.88  -75.28  0.00E+00
 69 23  39.89  -75.28  0.00E+00
 69 23  39.89  -75.28  0.00E+00
 69 23  39.90  -75.28  0.00E+00
 69 23  39.90  -75.28  0.00E+00
 69 23  39.91  -75.28  0.00E+00
 69 23  39.91  -75.28  0.00E+00
 69 23  39.92  -75.28  0.00E+00
 69 23  39.92  -75.28  0.00E+00
 69 23  39.93  -75.28  0.00E+00
 69 23  39.93  -75.28  0.00E+00
 69 23  39.94  -75.28  0.00E+00
 69 23  39.94  -75.28  0.00E+00
 69 23  39.95  -75.28  0.00E+00
 69 23  39.95  -75.28  0.00E+00
 69 23  39.96  -75.28  0.00E+00
 69 23  39.96  -75.28  0.00E+00
 69 23  39.97  -75.28  0.00E+00
 69 23  39.97  -75.28  0.00E+00
 69 23  39.98  -75.28  0.00E+00
 69 23  39.98  -75.28  0.00E+00
 69 23  39.99  -75.28  0.00E+00
 69 23  39.99  -75.28  0.00E+00
 69 23  40.00  -75.28  0.00E+00
 69 23  40.00  -75.28  0.00E+00
 69 23  40.01  -75.28  0.00E+00
 69 23  40.01  -75.28  0.00E+00
 69 23  40.02  -75.28  0.00E+00
 69 23  40.02  -75.28  0.00E+00
 69 23  40.03  -75.28  0.00E+00
 69 23  40.03  -75.28  0.00E+00
 69 23  40.04  -75.28  0.00E+00
 69 23  40.04  -75.28  0.00E+00
 69 23  40.05  -75.28  0.00E+00
 69 23  40.05  -75.28  0.00E+00
 69 23  40.06  -75.28  0.00E+00
 69 23  40.06  -75.28  0.00E+00
 69 23  40.07  -75.28  0.00E+00
 69 23  40.07  -75.28  0.00E+00
 69 23  40.08  -75.28  0.00E+00
 69 23  39.78  -75.27  0.00E+00
 69 23  39.78  -75.27  0.00E+00
 69 23  39.79  -75.27  0.00E+00
 69 23  39.79  -75.27  0.00E+00
 69 23  39.80  -75.27  0.00E+00
 69 23  39.80  -75.27  0.00E+00
 69 23  39.81  -75.27  0.00E+00
 69 23  39.81  -75.27  0.00E+00
 69 23  39.82  -75.27  0.00E+00
 69 23  39.82  -75.27  0.00E+00
 69 23  39.83  -75.27  0.00E+00
 69 23  39.83  -75.27  0.00E+00
 69 23  39.84  -75.27  0.00E+00
 69 23  39.84  -75.27  0.00E+00
 69 23  39.85  -75.27  0.00E+00
 69 23  39.85  -75.27  0.00E+00
 69 23  39.86  -75.27  0.00E+00
 69 23  39.86  -75.27  0.00E+00
 69 23  39.87  -75.27  0.00E+00
 69 23  39.87  -75.27  0.00E+00
 69 23  39.88  -75.27  0.00E+00
 69 23  39.88  -75.27  0.00E+00
 69 23  39.89  -75.27  0.00E+00
 69 23  39.89  -75.27  0.00E+00
 69 23  39.90  -75.27  0.00E+00
 69 23  39.90  -75.27  0.00E+00
 69 23  39.91  -75.27  0.00E+00
 69 23  39.91  -75.27  0.00E+00
 69 23  39.92  -75.27  0.00E+00
 69 23  39.92  -75.27  0.00E+00
 69 23  39.93  -75.27  0.00E+00
 69 23  39.93  -75.27  0.00E+00
 69 23  39.94  -75.27  0.00E+00
 69 23  39.94  -75.27  0.00E+00
 69 23  39.95  -75.27  0.00E+00
 69 23  39.95  -75.27  0.00E+00
 69 23  39.96  -75.27  0.00E+00
 69 23  39.96  -75.27  0.00E+00
 69 23  39.97  -75.27  0.00E+00
 69 23  39.97  -75.27  0.00E+00
 69 23  39.98  -75.27  0.00E+00
 69 23  39.98  -75.27  0.00E+00
 69 23  39.99  -75.27  0.00E+00
 69 23  39.99  -75.27  0.00E+00
 69 23  40.00  -75.27  0.00E+00
 69 23  40.00  -75.27  0.00E+00
 69 23  40.01  -75.27  0.00E+00
 69 23  40.01  -75.27  0.00E+00
 69 23  40.02  -75.27  0.00E+00
 69 23  40.02  -75.27  0.00E+00
 69 23  40.03  -75.27  0.00E+00
 69 23  40.03  -75.27  0.00E+00
 69 23  40.04  -75.27  0.00E+00
 69 23  40.04  -75.27  0.00E+00
 69 23  40.05  -75.27  0.00E+00
 69 23  40.05  -75.27  0.00E+00
 69 23  40.06  -75.27  0.00E+00
 69 23  40.06  -75.27  0.00E+00
 69 23  40.07  -75.27  0.00E+00
 69 23  40.07  -75.27  0.00E+00
 69 23  40.08  -75.27  0.00E+00
 69 23  39.78  -75.27  0.00E+00
 69 23  39.78  -75.27  0.00E+00
 69 23  39.79  -75.27  0.00E+00
 69 23  39.79  -75.27  0.00E+00
 69 23  39.80  -75.27  0.00E+00
 69 23  39.80  -75.27  0.00E+00
 69 23  39.81  -75.27  0.00E+00
 69 23  39.81  -75.27  0.00E+00
 69 23  39.82  -75.27  0.00E+00
 69 23  39.82  -75.27  0.00E+00
 69 23  39.83  -75.27  0.00E+00
 69 23  39.83  -75.27  0.00E+00
 69 23  39.84  -75.27  0.00E+00
 69 23  39.84  -75.27  0.00E+00
 69 23  39.85  -75.27  0.00E+00
 69 23  39.85  -75.27  0.00E+00
 69 23  39.86  -75.27  0.00E+00
 69 23  39.86  -75.27  0.00E+00
 69 23  39.87  -75.27  0.00E+00
 69 23  39.87  -75.27  0.00E+00
 69 23  39.88  -75.27  0.00E+00
 69 23  39.88  -75.27  0.00E+00
 69 23  39.89  -75.27  0.00E+00
 69 23  39.89  -75.27  0.00E+00
 69 23  39.90  -75.27  0.00E+00
 69 23  39.90  -75.27  0.00E+00
 69 23  39.91  -75.27  0.00E+00
 69 23  39.91  -75.27  0.00E+00
 69 23  39.92  -75.27  0.00E+00
 69 23  39.92  -75.27  0.00E+00
 69 23  39.93  -75.27  0.00E+00
 69 23  39.93  -75.27  0.00E+00
 69 23  39.94  -75.27  0.00E+00
 69 23  39.94  -75.27  0.00E+00
 69 23  39.95  -75.27  0.00E+00
 69 23  39.95  -75.27  0.00E+00
 69 23  39.96  -75.27  0.00E+00
 69 23  39.96  -75.27  0.00E+00
 69 23  39.97  -75.27  0.00E+00
 69 23  39.97  -75.27  0.00E+00
 69 23  39.98  -75.27  0.00E+00
 69 23  39.98  -75.27  0.00E+00
 69 23  39.99  -75.27  0.00E+00
 69 23  39.99  -75.27  0.00E+00
 69 23  40.00  -75.27  0.00E+00
 69 23  40.00  -75.27  0.00E+00
 69 23  40.01  -75.27  0.00E+00
 69 23  40.01  -75.27  0.00E+00
 69 23  40.02  -75.27  0.00E+00
 69 23  40.02  -75.27  0.00E+00
 69 23  40.03  -75.27  0.00E+00
 69 23  40.03  -75.27  0.00E+00
 69 23  40.04  -75.27  0.00E+00
 69 23  40.04  -75.27  0.00E+00
 69 23  40.05  -75.27  0.00E+00
 69 23  40.05  -75.27  0.00E+00
 69 23  40.06  -75.27  0.00E+00
 69 23  40.06  -75.27  0.00E+00
 69 23  40.07  -75.27  0.00E+00
 69 23  40.07  -75.27  0.00E+00
 69 23  40.08  -75.27  0.00E+00
 69 23  39.78  -75.26  0.00E+00
 69 23  39.78  -75.26  0.00E+00
 69 23  39.79  -75.26  0.00E+00
 69 23  39.79  -75.26  0.00E+00
 69 23  39.80  -75.26  0.00E+00
 69 23  39.80  -75.26  0.00E+00
 69 23  39.81  -75.26  0.00E+00
 69 23  39.81  -75.26  0.00E+00
 69 23  39.82  -75.26  0.00E+00
 69 23  39.82  -75.26  0.00E+00
 69 23  39.83  -75.26  0.00E+00
 69 23  39.83  -75.26  0.00E+00
 69 23  39.84  -75.26  0.00E+00
 69 23  39.84  -75.26  0.00E+00
 69 23  39.85  -75.26  0.00E+00
 69 23  39.85  -75.26  0.00E+00
 69 23  39.86  -75.26  0.00E+00
 69 23  39.86  -75.26  0.00E+00
 69 23  39.87  -75.26  0.00E+00
 69 23  39.87  -75.26  0.00E+00
 69 23  39.88  -75.26  0.00E+00
 69 23  39.88  -75.26  0.00E+00
 69 23  39.89  -75.26  0.00E+00
 69 23  39.89  -75.26  0.00E+00
 69 23  39.90  -75.26  0.00E+00
 69 23  39.90  -75.26  0.00E+00
 69 23  39.91  -75.26  0.00E+00
 69 23  39.91  -75.26  0.00E+00
 69 23  39.92  -75.26  0.00E+00
 69 23  39.92  -75.26  0.00E+00
 69 23  39.93  -75.26  0.00E+00
 69 23  39.93  -75.26  0.00E+00
 69 23  39.94  -75.26  0.00E+00
 69 23  39.94  -75.26  0.00E+00
 69 23  39.95  -75.26  0.00E+00
 69 23  39.95  -75.26  0.00E+00
 69 23  39.96  -75.26  0.00E+00
 69 23  39.96  -75.26  0.00E+00
 69 23  39.97  -75.26  0.00E+00
 69 23  39.97  -75.26  0.00E+00
 69 23  39.98  -75.26  0.00E+00
 69 23  39.98  -75.26  0.00E+00
 69 23  39.99  -75.26  0.00E+00
 69 23  39.99  -75.26  0.00E+00
 69 23  40.00  -75.26  0.00E+00
 69 23  40.00  -75.26  0.00E+00
 69 23  40.01  -75.26  0.00E+00
 69 23  40.01  -75.26  0.00E+00
 69 23  40.02  -75.26  0.00E+00
 69 23  40.02  -75.26  0.00E+00
 69 23  40.03  -75.26  0.00E+00
 69 23  40.03  -75.26  0.00E+00
 69 23  40.04  -75.26  0.00E+00
 69 23  40.04  -75.26  0.00E+00
 69 23  40.05  -75.26  0.00E+00
 69 23  40.05  -75.26  0.00E+00
 69 23  40.06  -75.26  0.00E+00
 69 23  40.06  -75.26  0.00E+00
 69 23  40.07  -75.26  0.00E+00
 69 23  40.07  -75.26  0.00E+00
 69 23  40.08  -75.26  0.00E+00
 69 23  39.78  -75.26  0.00E+00
 69 23  39.78  -75.26  0.00E+00
 69 23  39.79  -75.26  0.00E+00
 69 23  39.79  -75.26  0.00E+00
 69 23  39.80  -75.26  0.00E+00
 69 23  39.80  -75.26  0.00E+00
 69 23  39.81  -75.26  0.00E+00
 69 23  39.81  -75.26  0.00E+00
 69 23  39.82  -75.26  0.00E+00
 69 23  39.82  -75.26  0.00E+00
 69 23  39.83  -75.26  0.00E+00
 69 23  39.83  -75.26  0.00E+00
 69 23  39.84  -75.26  0.00E+00
 69 23  39.84  -75.26  0.00E+00
 69 23  39.85  -75.26  0.00E+00
 69 23  39.85  -75.26  0.00E+00
 69 23  39.86  -75.26  0.00E+00
 69 23  39.86  -75.26  0.00E+00
 69 23  39.87  -75.26  0.00E+00
 69 23  39.87  -75.26  0.00E+00
 69 23  39.88  -75.26  0.00E+00
 69 23  39.88  -75.26  0.00E+00
 69 23  39.89  -75.26  0.00E+00
 69 23  39.89  -75.26  0.00E+00
 69 23  39.90  -75.26  0.00E+00
 69 23  39.90  -75.26  0.00E+00
 69 23  39.91  -75.26  0.00E+00
 69 23  39.91  -75.26  0.00E+00
 69 23  39.92  -75.26  0.00E+00
 69 23  39.92  -75.26  0.00E+00
 69 23  39.93  -75.26  0.00E+00
 69 23  39.93  -75.26  0.00E+00
 69 23  39.94  -75.26  0.00E+00
 69 23  39.94  -75.26  0.00E+00
 69 23  39.95  -75.26  0.00E+00
 69 23  39.95  -75.26  0.00E+00
 69 23  39.96  -75.26  0.00E+00
 69 23  39.96  -75.26  0.00E+00
 69 23  39.97  -75.26  0.00E+00
 69 23  39.97  -75.26  0.00E+00
 69 23  39.98  -75.26  0.00E+00
 69 23  39.98  -75.26  0.00E+00
 69 23  39.99  -75.26  0.00E+00
 69 23  39.99  -75.26  0.00E+00
 69 23  40.00  -75.26  0.00E+00
 69 23  40.00  -75.26  0.00E+00
 69 23  40.01  -75.26  0.00E+00
 69 23  40.01  -75.26  0.00E+00
 69 23  40.02  -75.26  0.00E+00
 69 23  40.02  -75.26  0.00E+00
 69 23  40.03  -75.26  0.00E+00
 69 23  40.03  -75.26  0.00E+00
 69 23  40.04  -75.26  0.00E+00
 69 23  40.04  -75.26  0.00E+00
 69 23  40.05  -75.26  0.00E+00
 69 23  40.05  -75.26  0.00E+00
 69 23  40.06  -75.26  0.00E+00
 69 23  40.06  -75.26  0.00E+00
 69 23  40.07  -75.26  0.00E+00
 69 23  40.07  -75.26  0.00E+00
 69 23  40.08  -75.26  0.00E+00
 69 23  39.78  -75.25  0.00E+00
 69 23  39.78  -75.25  0.00E+00
 69 23  39.79  -75.25  0.00E+00
 69 23  39.79  -75.25  0.00E+00
 69 23  39.80  -75.25  0.00E+00
 69 23  39.80  -75.25  0.00E+00
 69 23  39.81  -75.25  0.00E+00
 69 23  39.81  -75.25  0.00E+00
 69 23  39.82  -75.25  0.00E+00
 69 23  39.82  -75.25  0.00E+00
 69 23  39.83  -75.25  0.00E+00
 69 23  39.83  -75.25  0.00E+00
 69 23  39.84  -75.25  0.00E+00
 69 23  39.84  -75.25  0.00E+00
 69 23  39.85  -75.25  0.00E+00
 69 23  39.85  -75.25  0.00E+00
 69 23  39.86  -75.25  0.00E+00
 69 23  39.86  -75.25  0.00E+00
 69 23  39.87  -75.25  0.00E+00
 69 23  39.87  -75.25  0.00E+00
 69 23  39.88  -75.25  0.00E+00
 69 23  39.88  -75.25  0.00E+00
 69 23  39.89  -75.25  0.00E+00
 69 23  39.89  -75.25  0.00E+00
 69 23  39.90  -75.25  0.00E+00
 69 23  39.90  -75.25  0.00E+00
 69 23  39.91  -75.25  0.00E+00
 69 23  39.91  -75.25  0.00E+00
 69 23  39.92  -75.25  0.00E+00
 69 23  39.92  -75.25  0.00E+00
 69 23  39.93  -75.25  0.00E+00
 69 23  39.93  -75.25  0.00E+00
 69 23  39.94  -75.25  0.00E+00
 69 23  39.94  -75.25  0.00E+00
 69 23  39.95  -75.25  0.00E+00
 69 23  39.95  -75.25  0.00E+00
 69 23  39.96  -75.25  0.00E+00
 69 23  39.96  -75.25  0.00E+00
 69 23  39.97  -75.25  0.00E+00
 69 23  39.97  -75.25  0.00E+00
 69 23  39.98  -75.25  0.00E+00
 69 23  39.98  -75.25  0.00E+00
 69 23  39.99  -75.25  0.00E+00
 69 23  39.99  -75.25  0.00E+00
 69 23  40.00  -75.25  0.00E+00
 69 23  40.00  -75.25  0.00E+00
 69 23  40.01  -75.25  0.00E+00
 69 23  40.01  -75.25  0.00E+00
 69 23  40.02  -75.25  0.00E+00
 69 23  40.02  -75.25  0.00E+00
 69 23  40.03  -75.25  0.00E+00
 69 23  40.03  -75.25  0.00E+00
 69 23  40.04  -75.25  0.00E+00
 69 23  40.04  -75.25  0.00E+00
 69 23  40.05  -75.25  0.00E+00
 69 23  40.05  -75.25  0.00E+00
 69 23  40.06  -75.25  0.00E+00
 69 23  40.06  -75.25  0.00E+00
 69 23  40.07  -75.25  0.00E+00
 69 23  40.07  -75.25  0.00E+00
 69 23  40.08  -75.25  0.00E+00
 69 23  39.78  -75.25  0.00E+00
 69 23  39.78  -75.25  0.00E+00
 69 23  39.79  -75.25  0.00E+00
 69 23  39.79  -75.25  0.00E+00
 69 23  39.80  -75.25  0.00E+00
 69 23  39.80  -75.25  0.00E+00
 69 23  39.81  -75.25  0.00E+00
 69 23  39.81  -75.25  0.00E+00
 69 23  39.82  -75.25  0.00E+00
 69 23  39.82  -75.25  0.00E+00
 69 23  39.83  -75.25  0.00E+00
 69 23  39.83  -75.25  0.00E+00
 69 23  39.84  -75.25  0.00E+00
 69 23  39.84  -75.25  0.00E+00
 69 23  39.85  -75.25  0.00E+00
 69 23  39.85  -75.25  0.00E+00
 69 23  39.86  -75.25  0.00E+00
 69 23  39.86  -75.25  0.00E+00
 69 23  39.87  -75.25  0.00E+00
 69 23  39.87  -75.25  0.00E+00
 69 23  39.88  -75.25  0.00E+00
 69 23  39.88  -75.25  0.00E+00
 69 23  39.89  -75.25  0.00E+00
 69 23  39.89  -75.25  0.00E+00
 69 23  39.90  -75.25  0.00E+00
 69 23  39.90  -75.25  0.00E+00
 69 23  39.91  -75.25  0.00E+00
 69 23  39.91  -75.25  0.00E+00
 69 23  39.92  -75.25  0.00E+00
 69 23  39.92  -75.25  0.00E+00
 69 23  39.93  -75.25  0.00E+00
 69 23  39.93  -75.25  0.00E+00
 69 23  39.94  -75.25  0.00E+00
 69 23  39.94  -75.25  0.00E+00
 69 23  39.95  -75.25  0.00E+00
 69 23  39.95  -75.25  0.00E+00
 69 23  39.96  -75.25  0.00E+00
 69 23  39.96  -75.25  0.00E+00
 69 23  39.97  -75.25  0.00E+00
 69 23  39.97  -75.25  0.00E+00
 69 23  39.98  -75.25  0.00E+00
 69 23  39.98  -75.25  0.00E+00
 69 23  39.99  -75.25  0.00E+00
 69 23  39.99  -75.25  0.00E+00
 69 23  40.00  -75.25  0.00E+00
 69 23  40.00  -75.25  0.00E+00
 69 23  40.01  -75.25  0.00E+00
 69 23  40.01  -75.25  0.00E+00
 69 23  40.02  -75.25  0.00E+00
 69 23  40.02  -75.25  0.00E+00
 69 23  40.03  -75.25  0.00E+00
 69 23  40.03  -75.25  0.00E+00
 69 23  40.04  -75.25  0.00E+00
 69 23  40.04  -75.25  0.00E+00
 69 23  40.05  -75.25  0.00E+00
 69 23  40.05  -75.25  0.00E+00
 69 23  40.06  -75.25  0.00E+00
 69 23  40.06  -75.25  0.00E+00
 69 23  40.07  -75.25  0.00E+00
 69 23  40.07  -75.25  0.00E+00
 69 23  40.08  -75.25  0.00E+00
 69 23  39.78  -75.24  0.00E+00
 69 23  39.78  -75.24  0.00E+00
 69 23  39.79  -75.24  0.00E+00
 69 23  39.79  -75.24  0.00E+00
 69 23  39.80  -75.24  0.00E+00
 69 23  39.80  -75.24  0.00E+00
 69 23  39.81  -75.24  0.00E+00
 69 23  39.81  -75.24  0.00E+00
 69 23  39.82  -75.24  0.00E+00
 69 23  39.82  -75.24  0.00E+00
 69 23  39.83  -75.24  0.00E+00
 69 23  39.83  -75.24  0.00E+00
 69 23  39.84  -75.24  0.00E+00
 69 23  39.84  -75.24  0.00E+00
 69 23  39.85  -75.24  0.00E+00
 69 23  39.85  -75.24  0.00E+00
 69 23  39.86  -75.24  0.00E+00
 69 23  39.86  -75.24  0.00E+00
 69 23  39.87  -75.24  0.00E+00
 69 23  39.87  -75.24  0.00E+00
 69 23  39.88  -75.24  0.00E+00
 69 23  39.88  -75.24  0.00E+00
 69 23  39.89  -75.24  0.00E+00
 69 23  39.89  -75.24  0.00E+00
 69 23  39.90  -75.24  0.00E+00
 69 23  39.90  -75.24  0.00E+00
 69 23  39.91  -75.24  0.00E+00
 69 23  39.91  -75.24  0.00E+00
 69 23  39.92  -75.24  0.00E+00
 69 23  39.92  -75.24  0.00E+00
 69 23  39.93  -75.24  0.00E+00
 69 23  39.93  -75.24  0.00E+00
 69 23  39.94  -75.24  0.00E+00
 69 23  39.94  -75.24  0.00E+00
 69 23  39.95  -75.24  0.00E+00
 69 23  39.95  -75.24  0.00E+00
 69 23  39.96  -75.24  0.00E+00
 69 23  39.96  -75.24  0.00E+00
 69 23  39.97  -75.24  0.00E+00
 69 23  39.97  -75.24  0.00E+00
 69 23  39.98  -75.24  0.00E+00
 69 23  39.98  -75.24  0.00E+00
 69 23  39.99  -75.24  0.00E+00
 69 23  39.99  -75.24  0.00E+00
 69 23  40.00  -75.24  0.00E+00
 69 23  40.00  -75.24  0.00E+00
 69 23  40.01  -75.24  0.00E+00
 69 23  40.01  -75.24  0.00E+00
 69 23  40.02  -75.24  0.00E+00
 69 23  40.02  -75.24  0.00E+00
 69 23  40.03  -75.24  0.00E+00
 69 23  40.03  -75.24  0.00E+00
 69 23  40.04  -75.24  0.00E+00
 69 23  40.04  -75.24  0.00E+00
 69 23  40.05  -75.24  0.00E+00
 69 23  40.05  -75.24  0.00E+00
 69 23  40.06  -75.24  0.00E+00
 69 23  40.06  -75.24  0.00E+00
 69 23  40.07  -75.24  0.00E+00
 69 23  40.07  -75.24  0.00E+00
 69 23  40.08  -75.24  0.00E+00
 69 23  39.78  -75.24  0.00E+00
 69 23  39.78  -75.24  0.00E+00
 69 23  39.79  -75.24  0.00E+00
 69 23  39.79  -75.24  0.00E+00
 69 23  39.80  -75.24  0.00E+00
 69 23  39.80  -75.24  0.00E+00
 69 23  39.81  -75.24  0.00E+00
 69 23  39.81  -75.24  0.00E+00
 69 23  39.82  -75.24  0.00E+00
 69 23  39.82  -75.24  0.00E+00
 69 23  39.83  -75.24  0.00E+00
 69 23  39.83  -75.24  0.00E+00
 69 23  39.84  -75.24  0.00E+00
 69 23  39.84  -75.24  0.00E+00
 69 23  39.85  -75.24  0.00E+00
 69 23  39.85  -75.24  0.00E+00
 69 23  39.86  -75.24  0.00E+00
 69 23  39.86  -75.24  0.00E+00
 69 23  39.87  -75.24  0.00E+00
 69 23  39.87  -75.24  0.00E+00
 69 23  39.88  -75.24  0.00E+00
 69 23  39.88  -75.24  0.00E+00
 69 23  39.89  -75.24  0.00E+00
 69 23  39.89  -75.24  0.00E+00
 69 23  39.90  -75.24  0.00E+00
 69 23  39.90  -75.24  0.00E+00
 69 23  39.91  -75.24  0.00E+00
 69 23  39.91  -75.24  0.00E+00
 69 23  39.92  -75.24  0.00E+00
 69 23  39.92  -75.24  0.00E+00
 69 23  39.93  -75.24  0.00E+00
 69 23  39.93  -75.24  0.00E+00
 69 23  39.94  -75.24  0.00E+00
 69 23  39.94  -75.24  0.00E+00
 69 23  39.95  -75.24  0.00E+00
 69 23  39.95  -75.24  0.00E+00
 69 23  39.96  -75.24  0.00E+00
 69 23  39.96  -75.24  0.00E+00
 69 23  39.97  -75.24  0.00E+00
 69 23  39.97  -75.24  0.00E+00
 69 23  39.98  -75.24  0.00E+00
 69 23  39.98  -75.24  0.00E+00
 69 23  39.99  -75.24  0.00E+00
 69 23  39.99  -75.24  0.00E+00
 69 23  40.00  -75.24  0.00E+00
 69 23  40.00  -75.24  0.00E+00
 69 23  40.01  -75.24  0.00E+00
 69 23  40.01  -75.24  0.00E+00
 69 23  40.02  -75.24  0.00E+00
 69 23  40.02  -75.24  0.00E+00
 69 23  40.03  -75.24  0.00E+00
 69 23  40.03  -75.24  0.00E+00
 69 23  40.04  -75.24  0.00E+00
 69 23  40.04  -75.24  0.00E+00
 69 23  40.05  -75.24  0.00E+00
 69 23  40.05  -75.24  0.00E+00
 69 23  40.06  -75.24  0.00E+00
 69 23  40.06  -75.24  0.00E+00
 69 23  40.07  -75.24  0.00E+00
 69 23  40.07  -75.24  0.00E+00
 69 23  40.08  -75.24  0.00E+00
 69 23  39.78  -75.23  0.00E+00
 69 23  39.78  -75.23  0.00E+00
 69 23  39.79  -75.23  0.00E+00
 69 23  39.79  -75.23  0.00E+00
 69 23  39.80  -75.23  0.00E+00
 69 23  39.80  -75.23  0.00E+00
 69 23  39.81  -75.23  0.00E+00
 69 23  39.81  -75.23  0.00E+00
 69 23  39.82  -75.23  0.00E+00
 69 23  39.82  -75.23  0.00E+00
 69 23  39.83  -75.23  0.00E+00
 69 23  39.83  -75.23  0.00E+00
 69 23  39.84  -75.23  0.00E+00
 69 23  39.84  -75.23  0.00E+00
 69 23  39.85  -75.23  0.00E+00
 69 23  39.85  -75.23  0.00E+00
 69 23  39.86  -75.23  0.00E+00
 69 23  39.86  -75.23  0.00E+00
 69 23  39.87  -75.23  0.00E+00
 69 23  39.87  -75.23  0.00E+00
 69 23  39.88  -75.23  0.00E+00
 69 23  39.88  -75.23  0.00E+00
 69 23  39.89  -75.23  0.00E+00
 69 23  39.89  -75.23  0.00E+00
 69 23  39.90  -75.23  0.00E+00
 69 23  39.90  -75.23  0.00E+00
 69 23  39.91  -75.23  0.00E+00
 69 23  39.91  -75.23  0.00E+00
 69 23  39.92  -75.23  0.00E+00
 69 23  39.92  -75.23  0.00E+00
 69 23  39.93  -75.23  0.00E+00
 69 23  39.93  -75.23  0.00E+00
 69 23  39.94  -75.23  0.00E+00
 69 23  39.94  -75.23  0.00E+00
 69 23  39.95  -75.23  0.00E+00
 69 23  39.95  -75.23  0.00E+00
 69 23  39.96  -75.23  0.00E+00
 69 23  39.96  -75.23  0.00E+00
 69 23  39.97  -75.23  0.00E+00
 69 23  39.97  -75.23  0.00E+00
 69 23  39.98  -75.23  0.00E+00
 69 23  39.98  -75.23  0.00E+00
 69 23  39.99  -75.23  0.00E+00
 69 23  39.99  -75.23  0.00E+00
 69 23  40.00  -75.23  0.00E+00
 69 23  40.00  -75.23  0.00E+00
 69 23  40.01  -75.23  0.00E+00
 69 23  40.01  -75.23  0.00E+00
 69 23  40.02  -75.23  0.00E+00
 69 23  40.02  -75.23  0.00E+00
 69 23  40.03  -75.23  0.00E+00
 69 23  40.03  -75.23  0.00E+00
 69 23  40.04  -75.23  0.00E+00
 69 23  40.04  -75.23  0.00E+00
 69 23  40.05  -75.23  0.00E+00
 69 23  40.05  -75.23  0.00E+00
 69 23  40.06  -75.23  0.00E+00
 69 23  40.06  -75.23  0.00E+00
 69 23  40.07  -75.23  0.00E+00
 69 23  40.07  -75.23  0.00E+00
 69 23  40.08  -75.23  0.00E+00
 69 23  39.78  -75.23  0.00E+00
 69 23  39.78  -75.23  0.00E+00
 69 23  39.79  -75.23  0.00E+00
 69 23  39.79  -75.23  0.00E+00
 69 23  39.80  -75.23  0.00E+00
 69 23  39.80  -75.23  0.00E+00
 69 23  39.81  -75.23  0.00E+00
 69 23  39.81  -75.23  0.00E+00
 69 23  39.82  -75.23  0.00E+00
 69 23  39.82  -75.23  0.00E+00
 69 23  39.83  -75.23  0.00E+00
 69 23  39.83  -75.23  0.00E+00
 69 23  39.84  -75.23  0.00E+00
 69 23  39.84  -75.23  0.00E+00
 69 23  39.85  -75.23  0.00E+00
 69 23  39.85  -75.23  0.00E+00
 69 23  39.86  -75.23  0.00E+00
 69 23  39.86  -75.23  0.00E+00
 69 23  39.87  -75.23  0.00E+00
 69 23  39.87  -75.23  0.00E+00
 69 23  39.88  -75.23  0.00E+00
 69 23  39.88  -75.23  0.00E+00
 69 23  39.89  -75.23  0.00E+00
 69 23  39.89  -75.23  0.00E+00
 69 23  39.90  -75.23  0.00E+00
 69 23  39.90  -75.23  0.00E+00
 69 23  39.91  -75.23  0.00E+00
 69 23  39.91  -75.23  0.00E+00
 69 23  39.92  -75.23  0.00E+00
 69 23  39.92  -75.23  0.00E+00
 69 23  39.93  -75.23  0.00E+00
 69 23  39.93  -75.23  0.00E+00
 69 23  39.94  -75.23  0.00E+00
 69 23  39.94  -75.23  0.00E+00
 69 23  39.95  -75.23  0.00E+00
 69 23  39.95  -75.23  0.00E+00
 69 23  39.96  -75.23  0.00E+00
 69 23  39.96  -75.23  0.00E+00
 69 23  39.97  -75.23  0.00E+00
 69 23  39.97  -75.23  0.00E+00
 69 23  39.98  -75.23  0.00E+00
 69 23  39.98  -75.23  0.00E+00
 69 23  39.99  -75.23  0.00E+00
 69 23  39.99  -75.23  0.00E+00
 69 23  40.00  -75.23  0.00E+00
 69 23  40.00  -75.23  0.00E+00
 69 23  40.01  -75.23  0.00E+00
 69 23  40.01  -75.23  0.00E+00
 69 23  40.02  -75.23  0.00E+00
 69 23  40.02  -75.23  0.00E+00
 69 23  40.03  -75.23  0.00E+00
 69 23  40.03  -75.23  0.00E+00
 69 23  40.04  -75.23  0.00E+00
 69 23  40.04  -75.23  0.00E+00
 69 23  40.05  -75.23  0.00E+00
 69 23  40.05  -75.23  0.00E+00
 69 23  40.06  -75.23  0.00E+00
 69 23  40.06  -75.23  0.00E+00
 69 23  40.07  -75.23  0.00E+00
 69 23  40.07  -75.23  0.00E+00
 69 23  40.08  -75.23  0.00E+00
 69 23  39.78  -75.22  0.00E+00
 69 23  39.78  -75.22  0.00E+00
 69 23  39.79  -75.22  0.00E+00
 69 23  39.79  -75.22  0.00E+00
 69 23  39.80  -75.22  0.00E+00
 69 23  39.80  -75.22  0.00E+00
 69 23  39.81  -75.22  0.00E+00
 69 23  39.81  -75.22  0.00E+00
 69 23  39.82  -75.22  0.00E+00
 69 23  39.82  -75.22  0.00E+00
 69 23  39.83  -75.22  0.00E+00
 69 23  39.83  -75.22  0.00E+00
 69 23  39.84  -75.22  0.00E+00
 69 23  39.84  -75.22  0.00E+00
 69 23  39.85  -75.22  0.00E+00
 69 23  39.85  -75.22  0.00E+00
 69 23  39.86  -75.22  0.00E+00
 69 23  39.86  -75.22  0.00E+00
 69 23  39.87  -75.22  0.00E+00
 69 23  39.87  -75.22  0.00E+00
 69 23  39.88  -75.22  0.00E+00
 69 23  39.88  -75.22  0.00E+00
 69 23  39.89  -75.22  0.00E+00
 69 23  39.89  -75.22  0.00E+00
 69 23  39.90  -75.22  0.00E+00
 69 23  39.90  -75.22  0.00E+00
 69 23  39.91  -75.22  0.00E+00
 69 23  39.91  -75.22  0.00E+00
 69 23  39.92  -75.22  0.00E+00
 69 23  39.92  -75.22  0.00E+00
 69 23  39.93  -75.22  0.00E+00
 69 23  39.93  -75.22  0.00E+00
 69 23  39.94  -75.22  0.00E+00
 69 23  39.94  -75.22  0.00E+00
 69 23  39.95  -75.22  0.00E+00
 69 23  39.95  -75.22  0.00E+00
 69 23  39.96  -75.22  0.00E+00
 69 23  39.96  -75.22  0.00E+00
 69 23  39.97  -75.22  0.00E+00
 69 23  39.97  -75.22  0.00E+00
 69 23  39.98  -75.22  0.00E+00
 69 23  39.98  -75.22  0.00E+00
 69 23  39.99  -75.22  0.00E+00
 69 23  39.99  -75.22  0.00E+00
 69 23  40.00  -75.22  0.00E+00
 69 23  40.00  -75.22  0.00E+00
 69 23  40.01  -75.22  0.00E+00
 69 23  40.01  -75.22  0.00E+00
 69 23  40.02  -75.22  0.00E+00
 69 23  40.02  -75.22  0.00E+00
 69 23  40.03  -75.22  0.00E+00
 69 23  40.03  -75.22  0.00E+00
 69 23  40.04  -75.22  0.00E+00
 69 23  40.04  -75.22  0.00E+00
 69 23  40.05  -75.22  0.00E+00
 69 23  40.05  -75.22  0.00E+00
 69 23  40.06  -75.22  0.00E+00
 69 23  40.06  -75.22  0.00E+00
 69 23  40.07  -75.22  0.00E+00
 69 23  40.07  -75.22  0.00E+00
 69 23  40.08  -75.22  0.00E+00
 69 23  39.78  -75.22  0.00E+00
 69 23  39.78  -75.22  0.00E+00
 69 23  39.79  -75.22  0.00E+00
 69 23  39.79  -75.22  0.00E+00
 69 23  39.80  -75.22  0.00E+00
 69 23  39.80  -75.22  0.00E+00
 69 23  39.81  -75.22  0.00E+00
 69 23  39.81  -75.22  0.00E+00
 69 23  39.82  -75.22  0.00E+00
 69 23  39.82  -75.22  0.00E+00
 69 23  39.83  -75.22  0.00E+00
 69 23  39.83  -75.22  0.00E+00
 69 23  39.84  -75.22  0.00E+00
 69 23  39.84  -75.22  0.00E+00
 69 23  39.85  -75.22  0.00E+00
 69 23  39.85  -75.22  0.00E+00
 69 23  39.86  -75.22  0.00E+00
 69 23  39.86  -75.22  0.00E+00
 69 23  39.87  -75.22  0.00E+00
 69 23  39.87  -75.22  0.00E+00
 69 23  39.88  -75.22  0.00E+00
 69 23  39.88  -75.22  0.00E+00
 69 23  39.89  -75.22  0.00E+00
 69 23  39.89  -75.22  0.00E+00
 69 23  39.90  -75.22  0.00E+00
 69 23  39.90  -75.22  0.00E+00
 69 23  39.91  -75.22  0.00E+00
 69 23  39.91  -75.22  0.00E+00
 69 23  39.92  -75.22  0.00E+00
 69 23  39.92  -75.22  0.00E+00
 69 23  39.93  -75.22  0.00E+00
 69 23  39.93  -75.22  0.00E+00
 69 23  39.94  -75.22  0.00E+00
 69 23  39.94  -75.22  0.00E+00
 69 23  39.95  -75.22  0.00E+00
 69 23  39.95  -75.22  0.00E+00
 69 23  39.96  -75.22  0.00E+00
 69 23  39.96  -75.22  0.00E+00
 69 23  39.97  -75.22  0.00E+00
 69 23  39.97  -75.22  0.00E+00
 69 23  39.98  -75.22  0.00E+00
 69 23  39.98  -75.22  0.00E+00
 69 23  39.99  -75.22  0.00E+00
 69 23  39.99  -75.22  0.00E+00
 69 23  40.00  -75.22  0.00E+00
 69 23  40.00  -75.22  0.00E+00
 69 23  40.01  -75.22  0.00E+00
 69 23  40.01  -75.22  0.00E+00
 69 23  40.02  -75.22  0.00E+00
 69 23  40.02  -75.22  0.00E+00
 69 23  40.03  -75.22  0.00E+00
 69 23  40.03  -75.22  0.00E+00
 69 23  40.04  -75.22  0.00E+00
 69 23  40.04  -75.22  0.00E+00
 69 23  40.05  -75.22  0.00E+00
 69 23  40.05  -75.22  0.00E+00
 69 23  40.06  -75.22  0.00E+00
 69 23  40.06  -75.22  0.00E+00
 69 23  40.07  -75.22  0.00E+00
 69 23  40.07  -75.22  0.00E+00
 69 23  40.08  -75.22  0.00E+00
 69 23  39.78  -75.21  0.00E+00
 69 23  39.78  -75.21  0.00E+00
 69 23  39.79  -75.21  0.00E+00
 69 23  39.79  -75.21  0.00E+00
 69 23  39.80  -75.21  0.00E+00
 69 23  39.80  -75.21  0.00E+00
 69 23  39.81  -75.21  0.00E+00
 69 23  39.81  -75.21  0.00E+00
 69 23  39.82  -75.21  0.00E+00
 69 23  39.82  -75.21  0.00E+00
 69 23  39.83  -75.21  0.00E+00
 69 23  39.83  -75.21  0.00E+00
 69 23  39.84  -75.21  0.00E+00
 69 23  39.84  -75.21  0.00E+00
 69 23  39.85  -75.21  0.00E+00
 69 23  39.85  -75.21  0.00E+00
 69 23  39.86  -75.21  0.00E+00
 69 23  39.86  -75.21  0.00E+00
 69 23  39.87  -75.21  0.00E+00
 69 23  39.87  -75.21  0.00E+00
 69 23  39.88  -75.21  0.00E+00
 69 23  39.88  -75.21  0.00E+00
 69 23  39.89  -75.21  0.00E+00
 69 23  39.89  -75.21  0.00E+00
 69 23  39.90  -75.21  0.00E+00
 69 23  39.90  -75.21  0.00E+00
 69 23  39.91  -75.21  0.00E+00
 69 23  39.91  -75.21  0.00E+00
 69 23  39.92  -75.21  0.00E+00
 69 23  39.92  -75.21  0.00E+00
 69 23  39.93  -75.21  0.00E+00
 69 23  39.93  -75.21  0.00E+00
 69 23  39.94  -75.21  0.00E+00
 69 23  39.94  -75.21  0.00E+00
 69 23  39.95  -75.21  0.00E+00
 69 23  39.95  -75.21  0.00E+00
 69 23  39.96  -75.21  0.00E+00
 69 23  39.96  -75.21  0.00E+00
 69 23  39.97  -75.21  0.00E+00
 69 23  39.97  -75.21  0.00E+00
 69 23  39.98  -75.21  0.00E+00
 69 23  39.98  -75.21  0.00E+00
 69 23  39.99  -75.21  0.00E+00
 69 23  39.99  -75.21  0.00E+00
 69 23  40.00  -75.21  0.00E+00
 69 23  40.00  -75.21  0.00E+00
 69 23  40.01  -75.21  0.00E+00
 69 23  40.01  -75.21  0.00E+00
 69 23  40.02  -75.21  0.00E+00
 69 23  40.02  -75.21  0.00E+00
 69 23  40.03  -75.21  0.00E+00
 69 23  40.03  -75.21  0.00E+00
 69 23  40.04  -75.21  0.00E+00
 69 23  40.04  -75.21  0.00E+00
 69 23  40.05  -75.21  0.00E+00
 69 23  40.05  -75.21  0.00E+00
 69 23  40.06  -75.21  0.00E+00
 69 23  40.06  -75.21  0.00E+00
 69 23  40.07  -75.21  0.00E+00
 69 23  40.07  -75.21  0.00E+00
 69 23  40.08  -75.21  0.00E+00
 69 23  39.78  -75.21  0.00E+00
 69 23  39.78  -75.21  0.00E+00
 69 23  39.79  -75.21  0.00E+00
 69 23  39.79  -75.21  0.00E+00
 69 23  39.80  -75.21  0.00E+00
 69 23  39.80  -75.21  0.00E+00
 69 23  39.81  -75.21  0.00E+00
 69 23  39.81  -75.21  0.00E+00
 69 23  39.82  -75.21  0.00E+00
 69 23  39.82  -75.21  0.00E+00
 69 23  39.83  -75.21  0.00E+00
 69 23  39.83  -75.21  0.00E+00
 69 23  39.84  -75.21  0.00E+00
 69 23  39.84  -75.21  0.00E+00
 69 23  39.85  -75.21  0.00E+00
 69 23  39.85  -75.21  0.00E+00
 69 23  39.86  -75.21  0.00E+00
 69 23  39.86  -75.21  0.00E+00
 69 23  39.87  -75.21  0.00E+00
 69 23  39.87  -75.21  0.00E+00
 69 23  39.88  -75.21  0.00E+00
 69 23  39.88  -75.21  0.00E+00
 69 23  39.89  -75.21  0.00E+00
 69 23  39.89  -75.21  0.00E+00
 69 23  39.90  -75.21  0.00E+00
 69 23  39.90  -75.21  0.00E+00
 69 23  39.91  -75.21  0.00E+00
 69 23  39.91  -75.21  0.00E+00
 69 23  39.92  -75.21  0.00E+00
 69 23  39.92  -75.21  0.00E+00
 69 23  39.93  -75.21  0.00E+00
 69 23  39.93  -75.21  0.00E+00
 69 23  39.94  -75.21  0.00E+00
 69 23  39.94  -75.21  0.00E+00
 69 23  39.95  -75.21  0.00E+00
 69 23  39.95  -75.21  0.00E+00
 69 23  39.96  -75.21  0.00E+00
 69 23  39.96  -75.21  0.00E+00
 69 23  39.97  -75.21  0.00E+00
 69 23  39.97  -75.21  0.00E+00
 69 23  39.98  -75.21  0.00E+00
 69 23  39.98  -75.21  0.00E+00
 69 23  39.99  -75.21  0.00E+00
 69 23  39.99  -75.21  0.00E+00
 69 23  40.00  -75.21  0.00E+00
 69 23  40.00  -75.21  0.00E+00
 69 23  40.01  -75.21  0.00E+00
 69 23  40.01  -75.21  0.00E+00
 69 23  40.02  -75.21  0.00E+00
 69 23  40.02  -75.21  0.00E+00
 69 23  40.03  -75.21  0.00E+00
 69 23  40.03  -75.21  0.00E+00
 69 23  40.04  -75.21  0.00E+00
 69 23  40.04  -75.21  0.00E+00
 69 23  40.05  -75.21  0.00E+00
 69 23  40.05  -75.21  0.00E+00
 69 23  40.06  -75.21  0.00E+00
 69 23  40.06  -75.21  0.00E+00
 69 23  40.07  -75.21  0.00E+00
 69 23  40.07  -75.21  0.00E+00
 69 23  40.08  -75.21  0.00E+00
 69 23  39.78  -75.20  0.00E+00
 69 23  39.78  -75.20  0.00E+00
 69 23  39.79  -75.20  0.00E+00
 69 23  39.79  -75.20  0.00E+00
 69 23  39.80  -75.20  0.00E+00
 69 23  39.80  -75.20  0.00E+00
 69 23  39.81  -75.20  0.00E+00
 69 23  39.81  -75.20  0.00E+00
 69 23  39.82  -75.20  0.00E+00
 69 23  39.82  -75.20  0.00E+00
 69 23  39.83  -75.20  0.00E+00
 69 23  39.83  -75.20  0.00E+00
 69 23  39.84  -75.20  0.00E+00
 69 23  39.84  -75.20  0.00E+00
 69 23  39.85  -75.20  0.00E+00
 69 23  39.85  -75.20  0.00E+00
 69 23  39.86  -75.20  0.00E+00
 69 23  39.86  -75.20  0.00E+00
 69 23  39.87  -75.20  0.00E+00
 69 23  39.87  -75.20  0.00E+00
 69 23  39.88  -75.20  0.00E+00
 69 23  39.88  -75.20  0.00E+00
 69 23  39.89  -75.20  0.00E+00
 69 23  39.89  -75.20  0.00E+00
 69 23  39.90  -75.20  0.00E+00
 69 23  39.90  -75.20  0.00E+00
 69 23  39.91  -75.20  0.00E+00
 69 23  39.91  -75.20  0.00E+00
 69 23  39.92  -75.20  0.00E+00
 69 23  39.92  -75.20  0.00E+00
 69 23  39.93  -75.20  0.00E+00
 69 23  39.93  -75.20  0.00E+00
 69 23  39.94  -75.20  0.00E+00
 69 23  39.94  -75.20  0.00E+00
 69 23  39.95  -75.20  0.00E+00
 69 23  39.95  -75.20  0.00E+00
 69 23  39.96  -75.20  0.00E+00
 69 23  39.96  -75.20  0.00E+00
 69 23  39.97  -75.20  0.00E+00
 69 23  39.97  -75.20  0.00E+00
 69 23  39.98  -75.20  0.00E+00
 69 23  39.98  -75.20  0.00E+00
 69 23  39.99  -75.20  0.00E+00
 69 23  39.99  -75.20  0.00E+00
 69 23  40.00  -75.20  0.00E+00
 69 23  40.00  -75.20  0.00E+00
 69 23  40.01  -75.20  0.00E+00
 69 23  40.01  -75.20  0.00E+00
 69 23  40.02  -75.20  0.00E+00
 69 23  40.02  -75.20  0.00E+00
 69 23  40.03  -75.20  0.00E+00
 69 23  40.03  -75.20  0.00E+00
 69 23  40.04  -75.20  0.00E+00
 69 23  40.04  -75.20  0.00E+00
 69 23  40.05  -75.20  0.00E+00
 69 23  40.05  -75.20  0.00E+00
 69 23  40.06  -75.20  0.00E+00
 69 23  40.06  -75.20  0.00E+00
 69 23  40.07  -75.20  0.00E+00
 69 23  40.07  -75.20  0.00E+00
 69 23  40.08  -75.20  0.00E+00
 69 23  39.78  -75.20  0.00E+00
 69 23  39.78  -75.20  0.00E+00
 69 23  39.79  -75.20  0.00E+00
 69 23  39.79  -75.20  0.00E+00
 69 23  39.80  -75.20  0.00E+00
 69 23  39.80  -75.20  0.00E+00
 69 23  39.81  -75.20  0.00E+00
 69 23  39.81  -75.20  0.00E+00
 69 23  39.82  -75.20  0.00E+00
 69 23  39.82  -75.20  0.00E+00
 69 23  39.83  -75.20  0.00E+00
 69 23  39.83  -75.20  0.00E+00
 69 23  39.84  -75.20  0.00E+00
 69 23  39.84  -75.20  0.00E+00
 69 23  39.85  -75.20  0.00E+00
 69 23  39.85  -75.20  0.00E+00
 69 23  39.86  -75.20  0.00E+00
 69 23  39.86  -75.20  0.00E+00
 69 23  39.87  -75.20  0.00E+00
 69 23  39.87  -75.20  0.00E+00
 69 23  39.88  -75.20  0.00E+00
 69 23  39.88  -75.20  0.00E+00
 69 23  39.89  -75.20  0.00E+00
 69 23  39.89  -75.20  0.00E+00
 69 23  39.90  -75.20  0.00E+00
 69 23  39.90  -75.20  0.00E+00
 69 23  39.91  -75.20  0.00E+00
 69 23  39.91  -75.20  0.00E+00
 69 23  39.92  -75.20  0.00E+00
 69 23  39.92  -75.20  0.00E+00
 69 23  39.93  -75.20  0.00E+00
 69 23  39.93  -75.20  0.00E+00
 69 23  39.94  -75.20  0.00E+00
 69 23  39.94  -75.20  0.00E+00
 69 23  39.95  -75.20  0.00E+00
 69 23  39.95  -75.20  0.00E+00
 69 23  39.96  -75.20  0.00E+00
 69 23  39.96  -75.20  0.00E+00
 69 23  39.97  -75.20  0.00E+00
 69 23  39.97  -75.20  0.00E+00
 69 23  39.98  -75.20  0.00E+00
 69 23  39.98  -75.20  0.00E+00
 69 23  39.99  -75.20  0.00E+00
 69 23  39.99  -75.20  0.00E+00
 69 23  40.00  -75.20  0.00E+00
 69 23  40.00  -75.20  0.00E+00
 69 23  40.01  -75.20  0.00E+00
 69 23  40.01  -75.20  0.00E+00
 69 23  40.02  -75.20  0.00E+00
 69 23  40.02  -75.20  0.00E+00
 69 23  40.03  -75.20  0.00E+00
 69 23  40.03  -75.20  0.00E+00
 69 23  40.04  -75.20  0.00E+00
 69 23  40.04  -75.20  0.00E+00
 69 23  40.05  -75.20  0.00E+00
 69 23  40.05  -75.20  0.00E+00
 69 23  40.06  -75.20  0.00E+00
 69 23  40.06  -75.20  0.00E+00
 69 23  40.07  -75.20  0.00E+00
 69 23  40.07  -75.20  0.00E+00
 69 23  40.08  -75.20  0.00E+00
 69 23  39.78  -75.19  0.00E+00
 69 23  39.78  -75.19  0.00E+00
 69 23  39.79  -75.19  0.00E+00
 69 23  39.79  -75.19  0.00E+00
 69 23  39.80  -75.19  0.00E+00
 69 23  39.80  -75.19  0.00E+00
 69 23  39.81  -75.19  0.00E+00
 69 23  39.81  -75.19  0.00E+00
 69 23  39.82  -75.19  0.00E+00
 69 23  39.82  -75.19  0.00E+00
 69 23  39.83  -75.19  0.00E+00
 69 23  39.83  -75.19  0.00E+00
 69 23  39.84  -75.19  0.00E+00
 69 23  39.84  -75.19  0.00E+00
 69 23  39.85  -75.19  0.00E+00
 69 23  39.85  -75.19  0.00E+00
 69 23  39.86  -75.19  0.00E+00
 69 23  39.86  -75.19  0.00E+00
 69 23  39.87  -75.19  0.00E+00
 69 23  39.87  -75.19  0.00E+00
 69 23  39.88  -75.19  0.00E+00
 69 23  39.88  -75.19  0.00E+00
 69 23  39.89  -75.19  0.00E+00
 69 23  39.89  -75.19  0.00E+00
 69 23  39.90  -75.19  0.00E+00
 69 23  39.90  -75.19  0.00E+00
 69 23  39.91  -75.19  0.00E+00
 69 23  39.91  -75.19  0.00E+00
 69 23  39.92  -75.19  0.00E+00
 69 23  39.92  -75.19  0.00E+00
 69 23  39.93  -75.19  0.00E+00
 69 23  39.93  -75.19  0.00E+00
 69 23  39.94  -75.19  0.00E+00
 69 23  39.94  -75.19  0.00E+00
 69 23  39.95  -75.19  0.00E+00
 69 23  39.95  -75.19  0.00E+00
 69 23  39.96  -75.19  0.00E+00
 69 23  39.96  -75.19  0.00E+00
 69 23  39.97  -75.19  0.00E+00
 69 23  39.97  -75.19  0.00E+00
 69 23  39.98  -75.19  0.00E+00
 69 23  39.98  -75.19  0.00E+00
 69 23  39.99  -75.19  0.00E+00
 69 23  39.99  -75.19  0.00E+00
 69 23  40.00  -75.19  0.00E+00
 69 23  40.00  -75.19  0.00E+00
 69 23  40.01  -75.19  0.00E+00
 69 23  40.01  -75.19  0.00E+00
 69 23  40.02  -75.19  0.00E+00
 69 23  40.02  -75.19  0.00E+00
 69 23  40.03  -75.19  0.00E+00
 69 23  40.03  -75.19  0.00E+00
 69 23  40.04  -75.19  0.00E+00
 69 23  40.04  -75.19  0.00E+00
 69 23  40.05  -75.19  0.00E+00
 69 23  40.05  -75.19  0.00E+00
 69 23  40.06  -75.19  0.00E+00
 69 23  40.06  -75.19  0.00E+00
 69 23  40.07  -75.19  0.00E+00
 69 23  40.07  -75.19  0.00E+00
 69 23  40.08  -75.19  0.00E+00
 69 23  39.78  -75.19  0.00E+00
 69 23  39.78  -75.19  0.00E+00
 69 23  39.79  -75.19  0.00E+00
 69 23  39.79  -75.19  0.00E+00
 69 23  39.80  -75.19  0.00E+00
 69 23  39.80  -75.19  0.00E+00
 69 23  39.81  -75.19  0.00E+00
 69 23  39.81  -75.19  0.00E+00
 69 23  39.82  -75.19  0.00E+00
 69 23  39.82  -75.19  0.00E+00
 69 23  39.83  -75.19  0.00E+00
 69 23  39.83  -75.19  0.00E+00
 69 23  39.84  -75.19  0.00E+00
 69 23  39.84  -75.19  0.00E+00
 69 23  39.85  -75.19  0.00E+00
 69 23  39.85  -75.19  0.00E+00
 69 23  39.86  -75.19  0.00E+00
 69 23  39.86  -75.19  0.00E+00
 69 23  39.87  -75.19  0.00E+00
 69 23  39.87  -75.19  0.00E+00
 69 23  39.88  -75.19  0.00E+00
 69 23  39.88  -75.19  0.00E+00
 69 23  39.89  -75.19  0.00E+00
 69 23  39.89  -75.19  0.00E+00
 69 23  39.90  -75.19  0.00E+00
 69 23  39.90  -75.19  0.00E+00
 69 23  39.91  -75.19  0.00E+00
 69 23  39.91  -75.19  0.00E+00
 69 23  39.92  -75.19  0.00E+00
 69 23  39.92  -75.19  0.00E+00
 69 23  39.93  -75.19  0.00E+00
 69 23  39.93  -75.19  0.00E+00
 69 23  39.94  -75.19  0.00E+00
 69 23  39.94  -75.19  0.00E+00
 69 23  39.95  -75.19  0.00E+00
 69 23  39.95  -75.19  0.00E+00
 69 23  39.96  -75.19  0.00E+00
 69 23  39.96  -75.19  0.00E+00
 69 23  39.97  -75.19  0.00E+00
 69 23  39.97  -75.19  0.00E+00
 69 23  39.98  -75.19  0.00E+00
 69 23  39.98  -75.19  0.00E+00
 69 23  39.99  -75.19  0.00E+00
 69 23  39.99  -75.19  0.00E+00
 69 23  40.00  -75.19  0.00E+00
 69 23  40.00  -75.19  0.00E+00
 69 23  40.01  -75.19  0.00E+00
 69 23  40.01  -75.19  0.00E+00
 69 23  40.02  -75.19  0.00E+00
 69 23  40.02  -75.19  0.00E+00
 69 23  40.03  -75.19  0.00E+00
 69 23  40.03  -75.19  0.00E+00
 69 23  40.04  -75.19  0.00E+00
 69 23  40.04  -75.19  0.00E+00
 69 23  40.05  -75.19  0.00E+00
 69 23  40.05  -75.19  0.00E+00
 69 23  40.06  -75.19  0.00E+00
 69 23  40.06  -75.19  0.00E+00
 69 23  40.07  -75.19  0.00E+00
 69 23  40.07  -75.19  0.00E+00
 69 23  40.08  -75.19  0.00E+00
 69 23  39.78  -75.18  0.00E+00
 69 23  39.78  -75.18  0.00E+00
 69 23  39.79  -75.18  0.00E+00
 69 23  39.79  -75.18  0.00E+00
 69 23  39.80  -75.18  0.00E+00
 69 23  39.80  -75.18  0.00E+00
 69 23  39.81  -75.18  0.00E+00
 69 23  39.81  -75.18  0.00E+00
 69 23  39.82  -75.18  0.00E+00
 69 23  39.82  -75.18  0.00E+00
 69 23  39.83  -75.18  0.00E+00
 69 23  39.83  -75.18  0.00E+00
 69 23  39.84  -75.18  0.00E+00
 69 23  39.84  -75.18  0.00E+00
 69 23  39.85  -75.18  0.00E+00
 69 23  39.85  -75.18  0.00E+00
 69 23  39.86  -75.18  0.00E+00
 69 23  39.86  -75.18  0.00E+00
 69 23  39.87  -75.18  0.00E+00
 69 23  39.87  -75.18  0.00E+00
 69 23  39.88  -75.18  0.00E+00
 69 23  39.88  -75.18  0.00E+00
 69 23  39.89  -75.18  0.00E+00
 69 23  39.89  -75.18  0.00E+00
 69 23  39.90  -75.18  0.00E+00
 69 23  39.90  -75.18  0.00E+00
 69 23  39.91  -75.18  0.00E+00
 69 23  39.91  -75.18  0.00E+00
 69 23  39.92  -75.18  0.00E+00
 69 23  39.92  -75.18  0.00E+00
 69 23  39.93  -75.18  0.00E+00
 69 23  39.93  -75.18  0.00E+00
 69 23  39.94  -75.18  0.00E+00
 69 23  39.94  -75.18  0.00E+00
 69 23  39.95  -75.18  0.00E+00
 69 23  39.95  -75.18  0.00E+00
 69 23  39.96  -75.18  0.00E+00
 69 23  39.96  -75.18  0.00E+00
 69 23  39.97  -75.18  0.00E+00
 69 23  39.97  -75.18  0.00E+00
 69 23  39.98  -75.18  0.00E+00
 69 23  39.98  -75.18  0.00E+00
 69 23  39.99  -75.18  0.00E+00
 69 23  39.99  -75.18  0.00E+00
 69 23  40.00  -75.18  0.00E+00
 69 23  40.00  -75.18  0.00E+00
 69 23  40.01  -75.18  0.00E+00
 69 23  40.01  -75.18  0.00E+00
 69 23  40.02  -75.18  0.00E+00
 69 23  40.02  -75.18  0.00E+00
 69 23  40.03  -75.18  0.00E+00
 69 23  40.03  -75.18  0.00E+00
 69 23  40.04  -75.18  0.00E+00
 69 23  40.04  -75.18  0.00E+00
 69 23  40.05  -75.18  0.00E+00
 69 23  40.05  -75.18  0.00E+00
 69 23  40.06  -75.18  0.00E+00
 69 23  40.06  -75.18  0.00E+00
 69 23  40.07  -75.18  0.00E+00
 69 23  40.07  -75.18  0.00E+00
 69 23  40.08  -75.18  0.00E+00
 69 23  39.78  -75.18  0.00E+00
 69 23  39.78  -75.18  0.00E+00
 69 23  39.79  -75.18  0.00E+00
 69 23  39.79  -75.18  0.00E+00
 69 23  39.80  -75.18  0.00E+00
 69 23  39.80  -75.18  0.00E+00
 69 23  39.81  -75.18  0.00E+00
 69 23  39.81  -75.18  0.00E+00
 69 23  39.82  -75.18  0.00E+00
 69 23  39.82  -75.18  0.00E+00
 69 23  39.83  -75.18  0.00E+00
 69 23  39.83  -75.18  0.00E+00
 69 23  39.84  -75.18  0.00E+00
 69 23  39.84  -75.18  0.00E+00
 69 23  39.85  -75.18  0.00E+00
 69 23  39.85  -75.18  0.00E+00
 69 23  39.86  -75.18  0.00E+00
 69 23  39.86  -75.18  0.00E+00
 69 23  39.87  -75.18  0.00E+00
 69 23  39.87  -75.18  0.00E+00
 69 23  39.88  -75.18  0.00E+00
 69 23  39.88  -75.18  0.00E+00
 69 23  39.89  -75.18  0.00E+00
 69 23  39.89  -75.18  0.00E+00
 69 23  39.90  -75.18  0.00E+00
 69 23  39.90  -75.18  0.00E+00
 69 23  39.91  -75.18  0.00E+00
 69 23  39.91  -75.18  0.00E+00
 69 23  39.92  -75.18  0.00E+00
 69 23  39.92  -75.18  0.00E+00
 69 23  39.93  -75.18  0.00E+00
 69 23  39.93  -75.18  0.00E+00
 69 23  39.94  -75.18  0.00E+00
 69 23  39.94  -75.18  0.00E+00
 69 23  39.95  -75.18  0.00E+00
 69 23  39.95  -75.18  0.00E+00
 69 23  39.96  -75.18  0.00E+00
 69 23  39.96  -75.18  0.00E+00
 69 23  39.97  -75.18  0.00E+00
 69 23  39.97  -75.18  0.00E+00
 69 23  39.98  -75.18  0.00E+00
 69 23  39.98  -75.18  0.00E+00
 69 23  39.99  -75.18  0.00E+00
 69 23  39.99  -75.18  0.00E+00
 69 23  40.00  -75.18  0.00E+00
 69 23  40.00  -75.18  0.00E+00
 69 23  40.01  -75.18  0.00E+00
 69 23  40.01  -75.18  0.00E+00
 69 23  40.02  -75.18  0.00E+00
 69 23  40.02  -75.18  0.00E+00
 69 23  40.03  -75.18  0.00E+00
 69 23  40.03  -75.18  0.00E+00
 69 23  40.04  -75.18  0.00E+00
 69 23  40.04  -75.18  0.00E+00
 69 23  40.05  -75.18  0.00E+00
 69 23  40.05  -75.18  0.00E+00
 69 23  40.06  -75.18  0.00E+00
 69 23  40.06  -75.18  0.00E+00
 69 23  40.07  -75.18  0.00E+00
 69 23  40.07  -75.18  0.00E+00
 69 23  40.08  -75.18  0.00E+00
 69 23  39.78  -75.17  0.00E+00
 69 23  39.78  -75.17  0.00E+00
 69 23  39.79  -75.17  0.00E+00
 69 23  39.79  -75.17  0.00E+00
 69 23  39.80  -75.17  0.00E+00
 69 23  39.80  -75.17  0.00E+00
 69 23  39.81  -75.17  0.00E+00
 69 23  39.81  -75.17  0.00E+00
 69 23  39.82  -75.17  0.00E+00
 69 23  39.82  -75.17  0.00E+00
 69 23  39.83  -75.17  0.00E+00
 69 23  39.83  -75.17  0.00E+00
 69 23  39.84  -75.17  0.00E+00
 69 23  39.84  -75.17  0.00E+00
 69 23  39.85  -75.17  0.00E+00
 69 23  39.85  -75.17  0.00E+00
 69 23  39.86  -75.17  0.00E+00
 69 23  39.86  -75.17  0.00E+00
 69 23  39.87  -75.17  0.00E+00
 69 23  39.87  -75.17  0.00E+00
 69 23  39.88  -75.17  0.00E+00
 69 23  39.88  -75.17  0.00E+00
 69 23  39.89  -75.17  0.00E+00
 69 23  39.89  -75.17  0.00E+00
 69 23  39.90  -75.17  0.00E+00
 69 23  39.90  -75.17  0.00E+00
 69 23  39.91  -75.17  0.00E+00
 69 23  39.91  -75.17  0.00E+00
 69 23  39.92  -75.17  0.00E+00
 69 23  39.92  -75.17  0.00E+00
 69 23  39.93  -75.17  0.00E+00
 69 23  39.93  -75.17  0.00E+00
 69 23  39.94  -75.17  0.00E+00
 69 23  39.94  -75.17  0.00E+00
 69 23  39.95  -75.17  0.00E+00
 69 23  39.95  -75.17  0.00E+00
 69 23  39.96  -75.17  0.00E+00
 69 23  39.96  -75.17  0.00E+00
 69 23  39.97  -75.17  0.00E+00
 69 23  39.97  -75.17  0.00E+00
 69 23  39.98  -75.17  0.00E+00
 69 23  39.98  -75.17  0.00E+00
 69 23  39.99  -75.17  0.00E+00
 69 23  39.99  -75.17  0.00E+00
 69 23  40.00  -75.17  0.00E+00
 69 23  40.00  -75.17  0.00E+00
 69 23  40.01  -75.17  0.00E+00
 69 23  40.01  -75.17  0.00E+00
 69 23  40.02  -75.17  0.00E+00
 69 23  40.02  -75.17  0.00E+00
 69 23  40.03  -75.17  0.00E+00
 69 23  40.03  -75.17  0.00E+00
 69 23  40.04  -75.17  0.00E+00
 69 23  40.04  -75.17  0.00E+00
 69 23  40.05  -75.17  0.00E+00
 69 23  40.05  -75.17  0.00E+00
 69 23  40.06  -75.17  0.00E+00
 69 23  40.06  -75.17  0.00E+00
 69 23  40.07  -75.17  0.00E+00
 69 23  40.07  -75.17  0.00E+00
 69 23  40.08  -75.17  0.00E+00
 69 23  39.78  -75.17  0.00E+00
 69 23  39.78  -75.17  0.00E+00
 69 23  39.79  -75.17  0.00E+00
 69 23  39.79  -75.17  0.00E+00
 69 23  39.80  -75.17  0.00E+00
 69 23  39.80  -75.17  0.00E+00
 69 23  39.81  -75.17  0.00E+00
 69 23  39.81  -75.17  0.00E+00
 69 23  39.82  -75.17  0.00E+00
 69 23  39.82  -75.17  0.00E+00
 69 23  39.83  -75.17  0.00E+00
 69 23  39.83  -75.17  0.00E+00
 69 23  39.84  -75.17  0.00E+00
 69 23  39.84  -75.17  0.00E+00
 69 23  39.85  -75.17  0.00E+00
 69 23  39.85  -75.17  0.00E+00
 69 23  39.86  -75.17  0.00E+00
 69 23  39.86  -75.17  0.00E+00
 69 23  39.87  -75.17  0.00E+00
 69 23  39.87  -75.17  0.00E+00
 69 23  39.88  -75.17  0.00E+00
 69 23  39.88  -75.17  0.00E+00
 69 23  39.89  -75.17  0.00E+00
 69 23  39.89  -75.17  0.00E+00
 69 23  39.90  -75.17  0.00E+00
 69 23  39.90  -75.17  0.00E+00
 69 23  39.91  -75.17  0.00E+00
 69 23  39.91  -75.17  0.00E+00
 69 23  39.92  -75.17  0.00E+00
 69 23  39.92  -75.17  0.00E+00
 69 23  39.93  -75.17  0.00E+00
 69 23  39.93  -75.17  0.00E+00
 69 23  39.94  -75.17  0.00E+00
 69 23  39.94  -75.17  0.00E+00
 69 23  39.95  -75.17  0.00E+00
 69 23  39.95  -75.17  0.00E+00
 69 23  39.96  -75.17  0.00E+00
 69 23  39.96  -75.17  0.00E+00
 69 23  39.97  -75.17  0.00E+00
 69 23  39.97  -75.17  0.00E+00
 69 23  39.98  -75.17  0.00E+00
 69 23  39.98  -75.17  0.00E+00
 69 23  39.99  -75.17  0.00E+00
 69 23  39.99  -75.17  0.00E+00
 69 23  40.00  -75.17  0.00E+00
 69 23  40.00  -75.17  0.00E+00
 69 23  40.01  -75.17  0.00E+00
 69 23  40.01  -75.17  0.00E+00
 69 23  40.02  -75.17  0.00E+00
 69 23  40.02  -75.17  0.00E+00
 69 23  40.03  -75.17  0.00E+00
 69 23  40.03  -75.17  0.00E+00
 69 23  40.04  -75.17  0.00E+00
 69 23  40.04  -75.17  0.00E+00
 69 23  40.05  -75.17  0.00E+00
 69 23  40.05  -75.17  0.00E+00
 69 23  40.06  -75.17  0.00E+00
 69 23  40.06  -75.17  0.00E+00
 69 23  40.07  -75.17  0.00E+00
 69 23  40.07  -75.17  0.00E+00
 69 23  40.08  -75.17  0.00E+00
 69 23  39.78  -75.16  0.00E+00
 69 23  39.78  -75.16  0.00E+00
 69 23  39.79  -75.16  0.00E+00
 69 23  39.79  -75.16  0.00E+00
 69 23  39.80  -75.16  0.00E+00
 69 23  39.80  -75.16  0.00E+00
 69 23  39.81  -75.16  0.00E+00
 69 23  39.81  -75.16  0.00E+00
 69 23  39.82  -75.16  0.00E+00
 69 23  39.82  -75.16  0.00E+00
 69 23  39.83  -75.16  0.00E+00
 69 23  39.83  -75.16  0.00E+00
 69 23  39.84  -75.16  0.00E+00
 69 23  39.84  -75.16  0.00E+00
 69 23  39.85  -75.16  0.00E+00
 69 23  39.85  -75.16  0.00E+00
 69 23  39.86  -75.16  0.00E+00
 69 23  39.86  -75.16  0.00E+00
 69 23  39.87  -75.16  0.00E+00
 69 23  39.87  -75.16  0.00E+00
 69 23  39.88  -75.16  0.00E+00
 69 23  39.88  -75.16  0.00E+00
 69 23  39.89  -75.16  0.00E+00
 69 23  39.89  -75.16  0.00E+00
 69 23  39.90  -75.16  0.00E+00
 69 23  39.90  -75.16  0.00E+00
 69 23  39.91  -75.16  0.00E+00
 69 23  39.91  -75.16  0.00E+00
 69 23  39.92  -75.16  0.00E+00
 69 23  39.92  -75.16  0.00E+00
 69 23  39.93  -75.16  0.00E+00
 69 23  39.93  -75.16  0.00E+00
 69 23  39.94  -75.16  0.00E+00
 69 23  39.94  -75.16  0.00E+00
 69 23  39.95  -75.16  0.00E+00
 69 23  39.95  -75.16  0.00E+00
 69 23  39.96  -75.16  0.00E+00
 69 23  39.96  -75.16  0.00E+00
 69 23  39.97  -75.16  0.00E+00
 69 23  39.97  -75.16  0.00E+00
 69 23  39.98  -75.16  0.00E+00
 69 23  39.98  -75.16  0.00E+00
 69 23  39.99  -75.16  0.00E+00
 69 23  39.99  -75.16  0.00E+00
 69 23  40.00  -75.16  0.00E+00
 69 23  40.00  -75.16  0.00E+00
 69 23  40.01  -75.16  0.00E+00
 69 23  40.01  -75.16  0.00E+00
 69 23  40.02  -75.16  0.00E+00
 69 23  40.02  -75.16  0.00E+00
 69 23  40.03  -75.16  0.00E+00
 69 23  40.03  -75.16  0.00E+00
 69 23  40.04  -75.16  0.00E+00
 69 23  40.04  -75.16  0.00E+00
 69 23  40.05  -75.16  0.00E+00
 69 23  40.05  -75.16  0.00E+00
 69 23  40.06  -75.16  0.00E+00
 69 23  40.06  -75.16  0.00E+00
 69 23  40.07  -75.16  0.00E+00
 69 23  40.07  -75.16  0.00E+00
 69 23  40.08  -75.16  0.00E+00
 69 23  39.78  -75.16  0.00E+00
 69 23  39.78  -75.16  0.00E+00
 69 23  39.79  -75.16  0.00E+00
 69 23  39.79  -75.16  0.00E+00
 69 23  39.80  -75.16  0.00E+00
 69 23  39.80  -75.16  0.00E+00
 69 23  39.81  -75.16  0.00E+00
 69 23  39.81  -75.16  0.00E+00
 69 23  39.82  -75.16  0.00E+00
 69 23  39.82  -75.16  0.00E+00
 69 23  39.83  -75.16  0.00E+00
 69 23  39.83  -75.16  0.00E+00
 69 23  39.84  -75.16  0.00E+00
 69 23  39.84  -75.16  0.00E+00
 69 23  39.85  -75.16  0.00E+00
 69 23  39.85  -75.16  0.00E+00
 69 23  39.86  -75.16  0.00E+00
 69 23  39.86  -75.16  0.00E+00
 69 23  39.87  -75.16  0.00E+00
 69 23  39.87  -75.16  0.00E+00
 69 23  39.88  -75.16  0.00E+00
 69 23  39.88  -75.16  0.00E+00
 69 23  39.89  -75.16  0.00E+00
 69 23  39.89  -75.16  0.00E+00
 69 23  39.90  -75.16  0.00E+00
 69 23  39.90  -75.16  0.00E+00
 69 23  39.91  -75.16  0.00E+00
 69 23  39.91  -75.16  0.00E+00
 69 23  39.92  -75.16  0.00E+00
 69 23  39.92  -75.16  0.00E+00
 69 23  39.93  -75.16  0.00E+00
 69 23  39.93  -75.16  0.00E+00
 69 23  39.94  -75.16  0.00E+00
 69 23  39.94  -75.16  0.00E+00
 69 23  39.95  -75.16  0.00E+00
 69 23  39.95  -75.16  0.00E+00
 69 23  39.96  -75.16  0.00E+00
 69 23  39.96  -75.16  0.00E+00
 69 23  39.97  -75.16  0.00E+00
 69 23  39.97  -75.16  0.00E+00
 69 23  39.98  -75.16  0.00E+00
 69 23  39.98  -75.16  0.00E+00
 69 23  39.99  -75.16  0.00E+00
 69 23  39.99  -75.16  0.00E+00
 69 23  40.00  -75.16  0.00E+00
 69 23  40.00  -75.16  0.00E+00
 69 23  40.01  -75.16  0.00E+00
 69 23  40.01  -75.16  0.00E+00
 69 23  40.02  -75.16  0.00E+00
 69 23  40.02  -75.16  0.00E+00
 69 23  40.03  -75.16  0.00E+00
 69 23  40.03  -75.16  0.00E+00
 69 23  40.04  -75.16  0.00E+00
 69 23  40.04  -75.16  0.00E+00
 69 23  40.05  -75.16  0.00E+00
 69 23  40.05  -75.16  0.00E+00
 69 23  40.06  -75.16  0.00E+00
 69 23  40.06  -75.16  0.00E+00
 69 23  40.07  -75.16  0.00E+00
 69 23  40.07  -75.16  0.00E+00
 69 23  40.08  -75.16  0.00E+00
 69 23  39.78  -75.15  0.00E+00
 69 23  39.78  -75.15  0.00E+00
 69 23  39.79  -75.15  0.00E+00
 69 23  39.79  -75.15  0.00E+00
 69 23  39.80  -75.15  0.00E+00
 69 23  39.80  -75.15  0.00E+00
 69 23  39.81  -75.15  0.00E+00
 69 23  39.81  -75.15  0.00E+00
 69 23  39.82  -75.15  0.00E+00
 69 23  39.82  -75.15  0.00E+00
 69 23  39.83  -75.15  0.00E+00
 69 23  39.83  -75.15  0.00E+00
 69 23  39.84  -75.15  0.00E+00
 69 23  39.84  -75.15  0.00E+00
 69 23  39.85  -75.15  0.00E+00
 69 23  39.85  -75.15  0.00E+00
 69 23  39.86  -75.15  0.00E+00
 69 23  39.86  -75.15  0.00E+00
 69 23  39.87  -75.15  0.00E+00
 69 23  39.87  -75.15  0.00E+00
 69 23  39.88  -75.15  0.00E+00
 69 23  39.88  -75.15  0.00E+00
 69 23  39.89  -75.15  0.00E+00
 69 23  39.89  -75.15  0.00E+00
 69 23  39.90  -75.15  0.00E+00
 69 23  39.90  -75.15  0.00E+00
 69 23  39.91  -75.15  0.00E+00
 69 23  39.91  -75.15  0.00E+00
 69 23  39.92  -75.15  0.00E+00
 69 23  39.92  -75.15  0.00E+00
 69 23  39.93  -75.15  0.00E+00
 69 23  39.93  -75.15  0.00E+00
 69 23  39.94  -75.15  0.00E+00
 69 23  39.94  -75.15  0.00E+00
 69 23  39.95  -75.15  0.00E+00
 69 23  39.95  -75.15  0.00E+00
 69 23  39.96  -75.15  0.00E+00
 69 23  39.96  -75.15  0.00E+00
 69 23  39.97  -75.15  0.00E+00
 69 23  39.97  -75.15  0.00E+00
 69 23  39.98  -75.15  0.00E+00
 69 23  39.98  -75.15  0.00E+00
 69 23  39.99  -75.15  0.00E+00
 69 23  39.99  -75.15  0.00E+00
 69 23  40.00  -75.15  0.00E+00
 69 23  40.00  -75.15  0.00E+00
 69 23  40.01  -75.15  0.00E+00
 69 23  40.01  -75.15  0.00E+00
 69 23  40.02  -75.15  0.00E+00
 69 23  40.02  -75.15  0.00E+00
 69 23  40.03  -75.15  0.00E+00
 69 23  40.03  -75.15  0.00E+00
 69 23  40.04  -75.15  0.00E+00
 69 23  40.04  -75.15  0.00E+00
 69 23  40.05  -75.15  0.00E+00
 69 23  40.05  -75.15  0.00E+00
 69 23  40.06  -75.15  0.00E+00
 69 23  40.06  -75.15  0.00E+00
 69 23  40.07  -75.15  0.00E+00
 69 23  40.07  -75.15  0.00E+00
 69 23  40.08  -75.15  0.00E+00
 69 23  39.78  -75.15  0.00E+00
 69 23  39.78  -75.15  0.00E+00
 69 23  39.79  -75.15  0.00E+00
 69 23  39.79  -75.15  0.00E+00
 69 23  39.80  -75.15  0.00E+00
 69 23  39.80  -75.15  0.00E+00
 69 23  39.81  -75.15  0.00E+00
 69 23  39.81  -75.15  0.00E+00
 69 23  39.82  -75.15  0.00E+00
 69 23  39.82  -75.15  0.00E+00
 69 23  39.83  -75.15  0.00E+00
 69 23  39.83  -75.15  0.00E+00
 69 23  39.84  -75.15  0.00E+00
 69 23  39.84  -75.15  0.00E+00
 69 23  39.85  -75.15  0.00E+00
 69 23  39.85  -75.15  0.00E+00
 69 23  39.86  -75.15  0.00E+00
 69 23  39.86  -75.15  0.00E+00
 69 23  39.87  -75.15  0.00E+00
 69 23  39.87  -75.15  0.00E+00
 69 23  39.88  -75.15  0.00E+00
 69 23  39.88  -75.15  0.00E+00
 69 23  39.89  -75.15  0.00E+00
 69 23  39.89  -75.15  0.00E+00
 69 23  39.90  -75.15  0.00E+00
 69 23  39.90  -75.15  0.00E+00
 69 23  39.91  -75.15  0.00E+00
 69 23  39.91  -75.15  0.00E+00
 69 23  39.92  -75.15  0.00E+00
 69 23  39.92  -75.15  0.00E+00
 69 23  39.93  -75.15  0.00E+00
 69 23  39.93  -75.15  0.00E+00
 69 23  39.94  -75.15  0.00E+00
 69 23  39.94  -75.15  0.00E+00
 69 23  39.95  -75.15  0.00E+00
 69 23  39.95  -75.15  0.00E+00
 69 23  39.96  -75.15  0.00E+00
 69 23  39.96  -75.15  0.00E+00
 69 23  39.97  -75.15  0.00E+00
 69 23  39.97  -75.15  0.00E+00
 69 23  39.98  -75.15  0.00E+00
 69 23  39.98  -75.15  0.00E+00
 69 23  39.99  -75.15  0.00E+00
 69 23  39.99  -75.15  0.00E+00
 69 23  40.00  -75.15  0.00E+00
 69 23  40.00  -75.15  0.00E+00
 69 23  40.01  -75.15  0.00E+00
 69 23  40.01  -75.15  0.00E+00
 69 23  40.02  -75.15  0.00E+00
 69 23  40.02  -75.15  0.00E+00
 69 23  40.03  -75.15  0.00E+00
 69 23  40.03  -75.15  0.00E+00
 69 23  40.04  -75.15  0.00E+00
 69 23  40.04  -75.15  0.00E+00
 69 23  40.05  -75.15  0.00E+00
 69 23  40.05  -75.15  0.00E+00
 69 23  40.06  -75.15  0.00E+00
 69 23  40.06  -75.15  0.00E+00
 69 23  40.07  -75.15  0.00E+00
 69 23  40.07  -75.15  0.00E+00
 69 23  40.08  -75.15  0.00E+00
 69 23  39.78  -75.14  0.00E+00
 69 23  39.78  -75.14  0.00E+00
 69 23  39.79  -75.14  0.00E+00
 69 23  39.79  -75.14  0.00E+00
 69 23  39.80  -75.14  0.00E+00
 69 23  39.80  -75.14  0.00E+00
 69 23  39.81  -75.14  0.00E+00
 69 23  39.81  -75.14  0.00E+00
 69 23  39.82  -75.14  0.00E+00
 69 23  39.82  -75.14  0.00E+00
 69 23  39.83  -75.14  0.00E+00
 69 23  39.83  -75.14  0.00E+00
 69 23  39.84  -75.14  0.00E+00
 69 23  39.84  -75.14  0.00E+00
 69 23  39.85  -75.14  0.00E+00
 69 23  39.85  -75.14  0.00E+00
 69 23  39.86  -75.14  0.00E+00
 69 23  39.86  -75.14  0.00E+00
 69 23  39.87  -75.14  0.00E+00
 69 23  39.87  -75.14  0.00E+00
 69 23  39.88  -75.14  0.00E+00
 69 23  39.88  -75.14  0.00E+00
 69 23  39.89  -75.14  0.00E+00
 69 23  39.89  -75.14  0.00E+00
 69 23  39.90  -75.14  0.00E+00
 69 23  39.90  -75.14  0.00E+00
 69 23  39.91  -75.14  0.00E+00
 69 23  39.91  -75.14  0.00E+00
 69 23  39.92  -75.14  0.00E+00
 69 23  39.92  -75.14  0.00E+00
 69 23  39.93  -75.14  0.00E+00
 69 23  39.93  -75.14  0.00E+00
 69 23  39.94  -75.14  0.00E+00
 69 23  39.94  -75.14  0.00E+00
 69 23  39.95  -75.14  0.00E+00
 69 23  39.95  -75.14  0.00E+00
 69 23  39.96  -75.14  0.00E+00
 69 23  39.96  -75.14  0.00E+00
 69 23  39.97  -75.14  0.00E+00
 69 23  39.97  -75.14  0.00E+00
 69 23  39.98  -75.14  0.00E+00
 69 23  39.98  -75.14  0.00E+00
 69 23  39.99  -75.14  0.00E+00
 69 23  39.99  -75.14  0.00E+00
 69 23  40.00  -75.14  0.00E+00
 69 23  40.00  -75.14  0.00E+00
 69 23  40.01  -75.14  0.00E+00
 69 23  40.01  -75.14  0.00E+00
 69 23  40.02  -75.14  0.00E+00
 69 23  40.02  -75.14  0.00E+00
 69 23  40.03  -75.14  0.00E+00
 69 23  40.03  -75.14  0.00E+00
 69 23  40.04  -75.14  0.00E+00
 69 23  40.04  -75.14  0.00E+00
 69 23  40.05  -75.14  0.00E+00
 69 23  40.05  -75.14  0.00E+00
 69 23  40.06  -75.14  0.00E+00
 69 23  40.06  -75.14  0.00E+00
 69 23  40.07  -75.14  0.00E+00
 69 23  40.07  -75.14  0.00E+00
 69 23  40.08  -75.14  0.00E+00
 69 23  39.78  -75.14  0.00E+00
 69 23  39.78  -75.14  0.00E+00
 69 23  39.79  -75.14  0.00E+00
 69 23  39.79  -75.14  0.00E+00
 69 23  39.80  -75.14  0.00E+00
 69 23  39.80  -75.14  0.00E+00
 69 23  39.81  -75.14  0.00E+00
 69 23  39.81  -75.14  0.00E+00
 69 23  39.82  -75.14  0.00E+00
 69 23  39.82  -75.14  0.00E+00
 69 23  39.83  -75.14  0.00E+00
 69 23  39.83  -75.14  0.00E+00
 69 23  39.84  -75.14  0.00E+00
 69 23  39.84  -75.14  0.00E+00
 69 23  39.85  -75.14  0.00E+00
 69 23  39.85  -75.14  0.00E+00
 69 23  39.86  -75.14  0.00E+00
 69 23  39.86  -75.14  0.00E+00
 69 23  39.87  -75.14  0.00E+00
 69 23  39.87  -75.14  0.00E+00
 69 23  39.88  -75.14  0.00E+00
 69 23  39.88  -75.14  0.00E+00
 69 23  39.89  -75.14  0.00E+00
 69 23  39.89  -75.14  0.00E+00
 69 23  39.90  -75.14  0.00E+00
 69 23  39.90  -75.14  0.00E+00
 69 23  39.91  -75.14  0.00E+00
 69 23  39.91  -75.14  0.00E+00
 69 23  39.92  -75.14  0.00E+00
 69 23  39.92  -75.14  0.00E+00
 69 23  39.93  -75.14  0.00E+00
 69 23  39.93  -75.14  0.00E+00
 69 23  39.94  -75.14  0.00E+00
 69 23  39.94  -75.14  0.00E+00
 69 23  39.95  -75.14  0.00E+00
 69 23  39.95  -75.14  0.00E+00
 69 23  39.96  -75.14  0.00E+00
 69 23  39.96  -75.14  0.00E+00
 69 23  39.97  -75.14  0.00E+00
 69 23  39.97  -75.14  0.00E+00
 69 23  39.98  -75.14  0.00E+00
 69 23  39.98  -75.14  0.00E+00
 69 23  39.99  -75.14  0.00E+00
 69 23  39.99  -75.14  0.00E+00
 69 23  40.00  -75.14  0.00E+00
 69 23  40.00  -75.14  0.00E+00
 69 23  40.01  -75.14  0.00E+00
 69 23  40.01  -75.14  0.00E+00
 69 23  40.02  -75.14  0.00E+00
 69 23  40.02  -75.14  0.00E+00
 69 23  40.03  -75.14  0.00E+00
 69 23  40.03  -75.14  0.00E+00
 69 23  40.04  -75.14  0.00E+00
 69 23  40.04  -75.14  0.00E+00
 69 23  40.05  -75.14  0.00E+00
 69 23  40.05  -75.14  0.00E+00
 69 23  40.06  -75.14  0.00E+00
 69 23  40.06  -75.14  0.00E+00
 69 23  40.07  -75.14  0.00E+00
 69 23  40.07  -75.14  0.00E+00
 69 23  40.08  -75.14  0.00E+00
 69 23  39.78  -75.13  0.00E+00
 69 23  39.78  -75.13  0.00E+00
 69 23  39.79  -75.13  0.00E+00
 69 23  39.79  -75.13  0.00E+00
 69 23  39.80  -75.13  0.00E+00
 69 23  39.80  -75.13  0.00E+00
 69 23  39.81  -75.13  0.00E+00
 69 23  39.81  -75.13  0.00E+00
 69 23  39.82  -75.13  0.00E+00
 69 23  39.82  -75.13  0.00E+00
 69 23  39.83  -75.13  0.00E+00
 69 23  39.83  -75.13  0.00E+00
 69 23  39.84  -75.13  0.00E+00
 69 23  39.84  -75.13  0.00E+00
 69 23  39.85  -75.13  0.00E+00
 69 23  39.85  -75.13  0.00E+00
 69 23  39.86  -75.13  0.00E+00
 69 23  39.86  -75.13  0.00E+00
 69 23  39.87  -75.13  0.00E+00
 69 23  39.87  -75.13  0.00E+00
 69 23  39.88  -75.13  0.00E+00
 69 23  39.88  -75.13  0.00E+00
 69 23  39.89  -75.13  0.00E+00
 69 23  39.89  -75.13  0.00E+00
 69 23  39.90  -75.13  0.00E+00
 69 23  39.90  -75.13  0.00E+00
 69 23  39.91  -75.13  0.00E+00
 69 23  39.91  -75.13  0.00E+00
 69 23  39.92  -75.13  0.00E+00
 69 23  39.92  -75.13  0.00E+00
 69 23  39.93  -75.13  0.00E+00
 69 23  39.93  -75.13  0.00E+00
 69 23  39.94  -75.13  0.00E+00
 69 23  39.94  -75.13  0.00E+00
 69 23  39.95  -75.13  0.00E+00
 69 23  39.95  -75.13  0.00E+00
 69 23  39.96  -75.13  0.00E+00
 69 23  39.96  -75.13  0.00E+00
 69 23  39.97  -75.13  0.00E+00
 69 23  39.97  -75.13  0.00E+00
 69 23  39.98  -75.13  0.00E+00
 69 23  39.98  -75.13  0.00E+00
 69 23  39.99  -75.13  0.00E+00
 69 23  39.99  -75.13  0.00E+00
 69 23  40.00  -75.13  0.00E+00
 69 23  40.00  -75.13  0.00E+00
 69 23  40.01  -75.13  0.00E+00
 69 23  40.01  -75.13  0.00E+00
 69 23  40.02  -75.13  0.00E+00
 69 23  40.02  -75.13  0.00E+00
 69 23  40.03  -75.13  0.00E+00
 69 23  40.03  -75.13  0.00E+00
 69 23  40.04  -75.13  0.00E+00
 69 23  40.04  -75.13  0.00E+00
 69 23  40.05  -75.13  0.00E+00
 69 23  40.05  -75.13  0.00E+00
 69 23  40.06  -75.13  0.00E+00
 69 23  40.06  -75.13  0.00E+00
 69 23  40.07  -75.13  0.00E+00
 69 23  40.07  -75.13  0.00E+00
 69 23  40.08  -75.13  0.00E+00
 69 23  39.78  -75.13  0.00E+00
 69 23  39.78  -75.13  0.00E+00
 69 23  39.79  -75.13  0.00E+00
 69 23  39.79  -75.13  0.00E+00
 69 23  39.80  -75.13  0.00E+00
 69 23  39.80  -75.13  0.00E+00
 69 23  39.81  -75.13  0.00E+00
 69 23  39.81  -75.13  0.00E+00
 69 23  39.82  -75.13  0.00E+00
 69 23  39.82  -75.13  0.00E+00
 69 23  39.83  -75.13  0.00E+00
 69 23  39.83  -75.13  0.00E+00
 69 23  39.84  -75.13  0.00E+00
 69 23  39.84  -75.13  0.00E+00
 69 23  39.85  -75.13  0.00E+00
 69 23  39.85  -75.13  0.00E+00
 69 23  39.86  -75.13  0.00E+00
 69 23  39.86  -75.13  0.00E+00
 69 23  39.87  -75.13  0.00E+00
 69 23  39.87  -75.13  0.00E+00
 69 23  39.88  -75.13  0.00E+00
 69 23  39.88  -75.13  0.00E+00
 69 23  39.89  -75.13  0.00E+00
 69 23  39.89  -75.13  0.00E+00
 69 23  39.90  -75.13  0.00E+00
 69 23  39.90  -75.13  0.00E+00
 69 23  39.91  -75.13  0.00E+00
 69 23  39.91  -75.13  0.00E+00
 69 23  39.92  -75.13  0.00E+00
 69 23  39.92  -75.13  0.00E+00
 69 23  39.93  -75.13  0.85E-06
 69 23  39.93  -75.13  0.45E-06
 69 23  39.94  -75.13  0.11E-07
 69 23  39.94  -75.13  0.84E-09
 69 23  39.95  -75.13  0.00E+00
 69 23  39.95  -75.13  0.00E+00
 69 23  39.96  -75.13  0.00E+00
 69 23  39.96  -75.13  0.00E+00
 69 23  39.97  -75.13  0.00E+00
 69 23  39.97  -75.13  0.00E+00
 69 23  39.98  -75.13  0.00E+00
 69 23  39.98  -75.13  0.00E+00
 69 23  39.99  -75.13  0.00E+00
 69 23  39.99  -75.13  0.00E+00
 69 23  40.00  -75.13  0.00E+00
 69 23  40.00  -75.13  0.00E+00
 69 23  40.01  -75.13  0.00E+00
 69 23  40.01  -75.13  0.00E+00
 69 23  40.02  -75.13  0.00E+00
 69 23  40.02  -75.13  0.00E+00
 69 23  40.03  -75.13  0.00E+00
 69 23  40.03  -75.13  0.00E+00
 69 23  40.04  -75.13  0.00E+00
 69 23  40.04  -75.13  0.00E+00
 69 23  40.05  -75.13  0.00E+00
 69 23  40.05  -75.13  0.00E+00
 69 23  40.06  -75.13  0.00E+00
 69 23  40.06  -75.13  0.00E+00
 69 23  40.07  -75.13  0.00E+00
 69 23  40.07  -75.13  0.00E+00
 69 23  40.08  -75.13  0.00E+00
 69 23  39.78  -75.12  0.00E+00
 69 23  39.78  -75.12  0.00E+00
 69 23  39.79  -75.12  0.00E+00
 69 23  39.79  -75.12  0.00E+00
 69 23  39.80  -75.12  0.00E+00
 69 23  39.80  -75.12  0.00E+00
 69 23  39.81  -75.12  0.00E+00
 69 23  39.81  -75.12  0.00E+00
 69 23  39.82  -75.12  0.00E+00
 69 23  39.82  -75.12  0.00E+00
 69 23  39.83  -75.12  0.00E+00
 69 23  39.83  -75.12  0.00E+00
 69 23  39.84  -75.12  0.00E+00
 69 23  39.84  -75.12  0.00E+00
 69 23  39.85  -75.12  0.00E+00
 69 23  39.85  -75.12  0.00E+00
 69 23  39.86  -75.12  0.00E+00
 69 23  39.86  -75.12  0.00E+00
 69 23  39.87  -75.12  0.00E+00
 69 23  39.87  -75.12  0.00E+00
 69 23  39.88  -75.12  0.00E+00
 69 23  39.88  -75.12  0.00E+00
 69 23  39.89  -75.12  0.00E+00
 69 23  39.89  -75.12  0.00E+00
 69 23  39.90  -75.12  0.00E+00
 69 23  39.90  -75.12  0.00E+00
 69 23  39.91  -75.12  0.00E+00
 69 23  39.91  -75.12  0.00E+00
 69 23  39.92  -75.12  0.00E+00
 69 23  39.92  -75.12  0.00E+00
 69 23  39.93  -75.12  0.39E-07
 69 23  39.93  -75.12  0.12E-05
 69 23  39.94  -75.12  0.49E-06
 69 23  39.94  -75.12  0.50E-07
 69 23  39.95  -75.12  0.10E-07
 69 23  39.95  -75.12  0.33E-08
 69 23  39.96  -75.12  0.00E+00
 69 23  39.96  -75.12  0.00E+00
 69 23  39.97  -75.12  0.00E+00
 69 23  39.97  -75.12  0.00E+00
 69 23  39.98  -75.12  0.00E+00
 69 23  39.98  -75.12  0.00E+00
 69 23  39.99  -75.12  0.00E+00
 69 23  39.99  -75.12  0.00E+00
 69 23  40.00  -75.12  0.00E+00
 69 23  40.00  -75.12  0.00E+00
 69 23  40.01  -75.12  0.00E+00
 69 23  40.01  -75.12  0.00E+00
 69 23  40.02  -75.12  0.00E+00
 69 23  40.02  -75.12  0.00E+00
 69 23  40.03  -75.12  0.00E+00
 69 23  40.03  -75.12  0.00E+00
 69 23  40.04  -75.12  0.00E+00
 69 23  40.04  -75.12  0.00E+00
 69 23  40.05  -75.12  0.00E+00
 69 23  40.05  -75.12  0.00E+00
 69 23  40.06  -75.12  0.00E+00
 69 23  40.06  -75.12  0.00E+00
 69 23  40.07  -75.12  0.00E+00
 69 23  40.07  -75.12  0.00E+00
 69 23  40.08  -75.12  0.00E+00
 69 23  39.78  -75.12  0.00E+00
 69 23  39.78  -75.12  0.00E+00
 69 23  39.79  -75.12  0.00E+00
 69 23  39.79  -75.12  0.00E+00
 69 23  39.80  -75.12  0.00E+00
 69 23  39.80  -75.12  0.00E+00
 69 23  39.81  -75.12  0.00E+00
 69 23  39.81  -75.12  0.00E+00
 69 23  39.82  -75.12  0.00E+00
 69 23  39.82  -75.12  0.00E+00
 69 23  39.83  -75.12  0.00E+00
 69 23  39.83  -75.12  0.00E+00
 69 23  39.84  -75.12  0.00E+00
 69 23  39.84  -75.12  0.00E+00
 69 23  39.85  -75.12  0.00E+00
 69 23  39.85  -75.12  0.00E+00
 69 23  39.86  -75.12  0.00E+00
 69 23  39.86  -75.12  0.00E+00
 69 23  39.87  -75.12  0.00E+00
 69 23  39.87  -75.12  0.00E+00
 69 23  39.88  -75.12  0.00E+00
 69 23  39.88  -75.12  0.00E+00
 69 23  39.89  -75.12  0.00E+00
 69 23  39.89  -75.12  0.00E+00
 69 23  39.90  -75.12  0.00E+00
 69 23  39.90  -75.12  0.00E+00
 69 23  39.91  -75.12  0.00E+00
 69 23  39.91  -75.12  0.00E+00
 69 23  39.92  -75.12  0.00E+00
 69 23  39.92  -75.12  0.00E+00
 69 23  39.93  -75.12  0.00E+00
 69 23  39.93  -75.12  0.53E-07
 69 23  39.94  -75.12  0.63E-06
 69 23  39.94  -75.12  0.38E-06
 69 23  39.95  -75.12  0.90E-07
 69 23  39.95  -75.12  0.13E-07
 69 23  39.96  -75.12  0.17E-08
 69 23  39.96  -75.12  0.00E+00
 69 23  39.97  -75.12  0.00E+00
 69 23  39.97  -75.12  0.00E+00
 69 23  39.98  -75.12  0.00E+00
 69 23  39.98  -75.12  0.00E+00
 69 23  39.99  -75.12  0.00E+00
 69 23  39.99  -75.12  0.00E+00
 69 23  40.00  -75.12  0.00E+00
 69 23  40.00  -75.12  0.00E+00
 69 23  40.01  -75.12  0.00E+00
 69 23  40.01  -75.12  0.00E+00
 69 23  40.02  -75.12  0.00E+00
 69 23  40.02  -75.12  0.00E+00
 69 23  40.03  -75.12  0.00E+00
 69 23  40.03  -75.12  0.00E+00
 69 23  40.04  -75.12  0.00E+00
 69 23  40.04  -75.12  0.00E+00
 69 23  40.05  -75.12  0.00E+00
 69 23  40.05  -75.12  0.00E+00
 69 23  40.06  -75.12  0.00E+00
 69 23  40.06  -75.12  0.00E+00
 69 23  40.07  -75.12  0.00E+00
 69 23  40.07  -75.12  0.00E+00
 69 23  40.08  -75.12  0.00E+00
 69 23  39.78  -75.11  0.00E+00
 69 23  39.78  -75.11  0.00E+00
 69 23  39.79  -75.11  0.00E+00
 69 23  39.79  -75.11  0.00E+00
 69 23  39.80  -75.11  0.00E+00
 69 23  39.80  -75.11  0.00E+00
 69 23  39.81  -75.11  0.00E+00
 69 23  39.81  -75.11  0.00E+00
 69 23  39.82  -75.11  0.00E+00
 69 23  39.82  -75.11  0.00E+00
 69 23  39.83  -75.11  0.00E+00
 69 23  39.83  -75.11  0.00E+00
 69 23  39.84  -75.11  0.00E+00
 69 23  39.84  -75.11  0.00E+00
 69 23  39.85  -75.11  0.00E+00
 69 23  39.85  -75.11  0.00E+00
 69 23  39.86  -75.11  0.00E+00
 69 23  39.86  -75.11  0.00E+00
 69 23  39.87  -75.11  0.00E+00
 69 23  39.87  -75.11  0.00E+00
 69 23  39.88  -75.11  0.00E+00
 69 23  39.88  -75.11  0.00E+00
 69 23  39.89  -75.11  0.00E+00
 69 23  39.89  -75.11  0.00E+00
 69 23  39.90  -75.11  0.00E+00
 69 23  39.90  -75.11  0.00E+00
 69 23  39.91  -75.11  0.00E+00
 69 23  39.91  -75.11  0.00E+00
 69 23  39.92  -75.11  0.00E+00
 69 23  39.92  -75.11  0.00E+00
 69 23  39.93  -75.11  0.00E+00
 69 23  39.93  -75.11  0.17E-08
 69 23  39.94  -75.11  0.64E-07
 69 23  39.94  -75.11  0.41E-06
 69 23  39.95  -75.11  0.31E-06
 69 23  39.95  -75.11  0.11E-06
 69 23  39.96  -75.11  0.23E-07
 69 23  39.96  -75.11  0.84E-08
 69 23  39.97  -75.11  0.17E-08
 69 23  39.97  -75.11  0.00E+00
 69 23  39.98  -75.11  0.00E+00
 69 23  39.98  -75.11  0.00E+00
 69 23  39.99  -75.11  0.00E+00
 69 23  39.99  -75.11  0.00E+00
 69 23  40.00  -75.11  0.00E+00
 69 23  40.00  -75.11  0.00E+00
 69 23  40.01  -75.11  0.00E+00
 69 23  40.01  -75.11  0.00E+00
 69 23  40.02  -75.11  0.00E+00
 69 23  40.02  -75.11  0.00E+00
 69 23  40.03  -75.11  0.00E+00
 69 23  40.03  -75.11  0.00E+00
 69 23  40.04  -75.11  0.00E+00
 69 23  40.04  -75.11  0.00E+00
 69 23  40.05  -75.11  0.00E+00
 69 23  40.05  -75.11  0.00E+00
 69 23  40.06  -75.11  0.00E+00
 69 23  40.06  -75.11  0.00E+00
 69 23  40.07  -75.11  0.00E+00
 69 23  40.07  -75.11  0.00E+00
 69 23  40.08  -75.11  0.00E+00
 69 23  39.78  -75.11  0.00E+00
 69 23  39.78  -75.11  0.00E+00
 69 23  39.79  -75.11  0.00E+00
 69 23  39.79  -75.11  0.00E+00
 69 23  39.80  -75.11  0.00E+00
 69 23  39.80  -75.11  0.00E+00
 69 23  39.81  -75.11  0.00E+00
 69 23  39.81  -75.11  0.00E+00
 69 23  39.82  -75.11  0.00E+00
 69 23  39.82  -75.11  0.00E+00
 69 23  39.83  -75.11  0.00E+00
 69 23  39.83  -75.11  0.00E+00
 69 23  39.84  -75.11  0.00E+00
 69 23  39.84  -75.11  0.00E+00
 69 23  39.85  -75.11  0.00E+00
 69 23  39.85  -75.11  0.00E+00
 69 23  39.86  -75.11  0.00E+00
 69 23  39.86  -75.11  0.00E+00
 69 23  39.87  -75.11  0.00E+00
 69 23  39.87  -75.11  0.00E+00
 69 23  39.88  -75.11  0.00E+00
 69 23  39.88  -75.11  0.00E+00
 69 23  39.89  -75.11  0.00E+00
 69 23  39.89  -75.11  0.00E+00
 69 23  39.90  -75.11  0.00E+00
 69 23  39.90  -75.11  0.00E+00
 69 23  39.91  -75.11  0.00E+00
 69 23  39.91  -75.11  0.00E+00
 69 23  39.92  -75.11  0.00E+00
 69 23  39.92  -75.11  0.00E+00
 69 23  39.93  -75.11  0.00E+00
 69 23  39.93  -75.11  0.00E+00
 69 23  39.94  -75.11  0.00E+00
 69 23  39.94  -75.11  0.72E-07
 69 23  39.95  -75.11  0.29E-06
 69 23  39.95  -75.11  0.25E-06
 69 23  39.96  -75.11  0.11E-06
 69 23  39.96  -75.11  0.33E-07
 69 23  39.97  -75.11  0.84E-08
 69 23  39.97  -75.11  0.34E-08
 69 23  39.98  -75.11  0.84E-09
 69 23  39.98  -75.11  0.00E+00
 69 23  39.99  -75.11  0.00E+00
 69 23  39.99  -75.11  0.00E+00
 69 23  40.00  -75.11  0.00E+00
 69 23  40.00  -75.11  0.00E+00
 69 23  40.01  -75.11  0.00E+00
 69 23  40.01  -75.11  0.00E+00
 69 23  40.02  -75.11  0.00E+00
 69 23  40.02  -75.11  0.00E+00
 69 23  40.03  -75.11  0.00E+00
 69 23  40.03  -75.11  0.00E+00
 69 23  40.04  -75.11  0.00E+00
 69 23  40.04  -75.11  0.00E+00
 69 23  40.05  -75.11  0.00E+00
 69 23  40.05  -75.11  0.00E+00
 69 23  40.06  -75.11  0.00E+00
 69 23  40.06  -75.11  0.00E+00
 69 23  40.07  -75.11  0.00E+00
 69 23  40.07  -75.11  0.00E+00
 69 23  40.08  -75.11  0.00E+00
 69 23  39.78  -75.10  0.00E+00
 69 23  39.78  -75.10  0.00E+00
 69 23  39.79  -75.10  0.00E+00
 69 23  39.79  -75.10  0.00E+00
 69 23  39.80  -75.10  0.00E+00
 69 23  39.80  -75.10  0.00E+00
 69 23  39.81  -75.10  0.00E+00
 69 23  39.81  -75.10  0.00E+00
 69 23  39.82  -75.10  0.00E+00
 69 23  39.82  -75.10  0.00E+00
 69 23  39.83  -75.10  0.00E+00
 69 23  39.83  -75.10  0.00E+00
 69 23  39.84  -75.10  0.00E+00
 69 23  39.84  -75.10  0.00E+00
 69 23  39.85  -75.10  0.00E+00
 69 23  39.85  -75.10  0.00E+00
 69 23  39.86  -75.10  0.00E+00
 69 23  39.86  -75.10  0.00E+00
 69 23  39.87  -75.10  0.00E+00
 69 23  39.87  -75.10  0.00E+00
 69 23  39.88  -75.10  0.00E+00
 69 23  39.88  -75.10  0.00E+00
 69 23  39.89  -75.10  0.00E+00
 69 23  39.89  -75.10  0.00E+00
 69 23  39.90  -75.10  0.00E+00
 69 23  39.90  -75.10  0.00E+00
 69 23  39.91  -75.10  0.00E+00
 69 23  39.91  -75.10  0.00E+00
 69 23  39.92  -75.10  0.00E+00
 69 23  39.92  -75.10  0.00E+00
 69 23  39.93  -75.10  0.00E+00
 69 23  39.93  -75.10  0.00E+00
 69 23  39.94  -75.10  0.00E+00
 69 23  39.94  -75.10  0.33E-08
 69 23  39.95  -75.10  0.67E-07
 69 23  39.95  -75.10  0.23E-06
 69 23  39.96  -75.10  0.18E-06
 69 23  39.96  -75.10  0.88E-07
 69 23  39.97  -75.10  0.33E-07
 69 23  39.97  -75.10  0.13E-07
 69 23  39.98  -75.10  0.50E-08
 69 23  39.98  -75.10  0.34E-08
 69 23  39.99  -75.10  0.84E-09
 69 23  39.99  -75.10  0.00E+00
 69 23  40.00  -75.10  0.00E+00
 69 23  40.00  -75.10  0.00E+00
 69 23  40.01  -75.10  0.00E+00
 69 23  40.01  -75.10  0.00E+00
 69 23  40.02  -75.10  0.00E+00
 69 23  40.02  -75.10  0.00E+00
 69 23  40.03  -75.10  0.00E+00
 69 23  40.03  -75.10  0.00E+00
 69 23  40.04  -75.10  0.00E+00
 69 23  40.04  -75.10  0.00E+00
 69 23  40.05  -75.10  0.00E+00
 69 23  40.05  -75.10  0.00E+00
 69 23  40.06  -75.10  0.00E+00
 69 23  40.06  -75.10  0.00E+00
 69 23  40.07  -75.10  0.00E+00
 69 23  40.07  -75.10  0.00E+00
 69 23  40.08  -75.10  0.00E+00
 69 23  39.78  -75.10  0.00E+00
 69 23  39.78  -75.10  0.00E+00
 69 23  39.79  -75.10  0.00E+00
 69 23  39.79  -75.10  0.00E+00
 69 23  39.80  -75.10  0.00E+00
 69 23  39.80  -75.10  0.00E+00
 69 23  39.81  -75.10  0.00E+00
 69 23  39.81  -75.10  0.00E+00
 69 23  39.82  -75.10  0.00E+00
 69 23  39.82  -75.10  0.00E+00
 69 23  39.83  -75.10  0.00E+00
 69 23  39.83  -75.10  0.00E+00
 69 23  39.84  -75.10  0.00E+00
 69 23  39.84  -75.10  0.00E+00
 69 23  39.85  -75.10  0.00E+00
 69 23  39.85  -75.10  0.00E+00
 69 23  39.86  -75.10  0.00E+00
 69 23  39.86  -75.10  0.00E+00
 69 23  39.87  -75.10  0.00E+00
 69 23  39.87  -75.10  0.00E+00
 69 23  39.88  -75.10  0.00E+00
 69 23  39.88  -75.10  0.00E+00
 69 23  39.89  -75.10  0.00E+00
 69 23  39.89  -75.10  0.00E+00
 69 23  39.90  -75.10  0.00E+00
 69 23  39.90  -75.10  0.00E+00
 69 23  39.91  -75.10  0.00E+00
 69 23  39.91  -75.10  0.00E+00
 69 23  39.92  -75.10  0.00E+00
 69 23  39.92  -75.10  0.00E+00
 69 23  39.93  -75.10  0.00E+00
 69 23  39.93  -75.10  0.00E+00
 69 23  39.94  -75.10  0.00E+00
 69 23  39.94  -75.10  0.00E+00
 69 23  39.95  -75.10  0.50E-08
 69 23  39.95  -75.10  0.64E-07
 69 23  39.96  -75.10  0.17E-06
 69 23  39.96  -75.10  0.15E-06
 69 23  39.97  -75.10  0.78E-07
 69 23  39.97  -75.10  0.45E-07
 69 23  39.98  -75.10  0.28E-07
 69 23  39.98  -75.10  0.75E-08
 69 23  39.99  -75.10  0.42E-08
 69 23  39.99  -75.10  0.34E-08
 69 23  40.00  -75.10  0.00E+00
 69 23  40.00  -75.10  0.00E+00
 69 23  40.01  -75.10  0.00E+00
 69 23  40.01  -75.10  0.00E+00
 69 23  40.02  -75.10  0.00E+00
 69 23  40.02  -75.10  0.00E+00
 69 23  40.03  -75.10  0.00E+00
 69 23  40.03  -75.10  0.00E+00
 69 23  40.04  -75.10  0.00E+00
 69 23  40.04  -75.10  0.00E+00
 69 23  40.05  -75.10  0.00E+00
 69 23  40.05  -75.10  0.00E+00
 69 23  40.06  -75.10  0.00E+00
 69 23  40.06  -75.10  0.00E+00
 69 23  40.07  -75.10  0.00E+00
 69 23  40.07  -75.10  0.00E+00
 69 23  40.08  -75.10  0.00E+00
 69 23  39.78  -75.09  0.00E+00
 69 23  39.78  -75.09  0.00E+00
 69 23  39.79  -75.09  0.00E+00
 69 23  39.79  -75.09  0.00E+00
 69 23  39.80  -75.09  0.00E+00
 69 23  39.80  -75.09  0.00E+00
 69 23  39.81  -75.09  0.00E+00
 69 23  39.81  -75.09  0.00E+00
 69 23  39.82  -75.09  0.00E+00
 69 23  39.82  -75.09  0.00E+00
 69 23  39.83  -75.09  0.00E+00
 69 23  39.83  -75.09  0.00E+00
 69 23  39.84  -75.09  0.00E+00
 69 23  39.84  -75.09  0.00E+00
 69 23  39.85  -75.09  0.00E+00
 69 23  39.85  -75.09  0.00E+00
 69 23  39.86  -75.09  0.00E+00
 69 23  39.86  -75.09  0.00E+00
 69 23  39.87  -75.09  0.00E+00
 69 23  39.87  -75.09  0.00E+00
 69 23  39.88  -75.09  0.00E+00
 69 23  39.88  -75.09  0.00E+00
 69 23  39.89  -75.09  0.00E+00
 69 23  39.89  -75.09  0.00E+00
 69 23  39.90  -75.09  0.00E+00
 69 23  39.90  -75.09  0.00E+00
 69 23  39.91  -75.09  0.00E+00
 69 23  39.91  -75.09  0.00E+00
 69 23  39.92  -75.09  0.00E+00
 69 23  39.92  -75.09  0.00E+00
 69 23  39.93  -75.09  0.00E+00
 69 23  39.93  -75.09  0.00E+00
 69 23  39.94  -75.09  0.00E+00
 69 23  39.94  -75.09  0.00E+00
 69 23  39.95  -75.09  0.00E+00
 69 23  39.95  -75.09  0.59E-08
 69 23  39.96  -75.09  0.62E-07
 69 23  39.96  -75.09  0.13E-06
 69 23  39.97  -75.09  0.14E-06
 69 23  39.97  -75.09  0.73E-07
 69 23  39.98  -75.09  0.49E-07
 69 23  39.98  -75.09  0.32E-07
 69 23  39.99  -75.09  0.13E-07
 69 23  39.99  -75.09  0.50E-08
 69 23  40.00  -75.09  0.34E-08
 69 23  40.00  -75.09  0.17E-08
 69 23  40.01  -75.09  0.00E+00
 69 23  40.01  -75.09  0.00E+00
 69 23  40.02  -75.09  0.00E+00
 69 23  40.02  -75.09  0.00E+00
 69 23  40.03  -75.09  0.00E+00
 69 23  40.03  -75.09  0.00E+00
 69 23  40.04  -75.09  0.00E+00
 69 23  40.04  -75.09  0.00E+00
 69 23  40.05  -75.09  0.00E+00
 69 23  40.05  -75.09  0.00E+00
 69 23  40.06  -75.09  0.00E+00
 69 23  40.06  -75.09  0.00E+00
 69 23  40.07  -75.09  0.00E+00
 69 23  40.07  -75.09  0.00E+00
 69 23  40.08  -75.09  0.00E+00
 69 23  39.78  -75.09  0.00E+00
 69 23  39.78  -75.09  0.00E+00
 69 23  39.79  -75.09  0.00E+00
 69 23  39.79  -75.09  0.00E+00
 69 23  39.80  -75.09  0.00E+00
 69 23  39.80  -75.09  0.00E+00
 69 23  39.81  -75.09  0.00E+00
 69 23  39.81  -75.09  0.00E+00
 69 23  39.82  -75.09  0.00E+00
 69 23  39.82  -75.09  0.00E+00
 69 23  39.83  -75.09  0.00E+00
 69 23  39.83  -75.09  0.00E+00
 69 23  39.84  -75.09  0.00E+00
 69 23  39.84  -75.09  0.00E+00
 69 23  39.85  -75.09  0.00E+00
 69 23  39.85  -75.09  0.00E+00
 69 23  39.86  -75.09  0.00E+00
 69 23  39.86  -75.09  0.00E+00
 69 23  39.87  -75.09  0.00E+00
 69 23  39.87  -75.09  0.00E+00
 69 23  39.88  -75.09  0.00E+00
 69 23  39.88  -75.09  0.00E+00
 69 23  39.89  -75.09  0.00E+00
 69 23  39.89  -75.09  0.00E+00
 69 23  39.90  -75.09  0.00E+00
 69 23  39.90  -75.09  0.00E+00
 69 23  39.91  -75.09  0.00E+00
 69 23  39.91  -75.09  0.00E+00
 69 23  39.92  -75.09  0.00E+00
 69 23  39.92  -75.09  0.00E+00
 69 23  39.93  -75.09  0.00E+00
 69 23  39.93  -75.09  0.00E+00
 69 23  39.94  -75.09  0.00E+00
 69 23  39.94  -75.09  0.00E+00
 69 23  39.95  -75.09  0.00E+00
 69 23  39.95  -75.09  0.00E+00
 69 23  39.96  -75.09  0.15E-07
 69 23  39.96  -75.09  0.54E-07
 69 23  39.97  -75.09  0.12E-06
 69 23  39.97  -75.09  0.13E-06
 69 23  39.98  -75.09  0.55E-07
 69 23  39.98  -75.09  0.31E-07
 69 23  39.99  -75.09  0.23E-07
 69 23  39.99  -75.09  0.84E-08
 69 23  40.00  -75.09  0.75E-08
 69 23  40.00  -75.09  0.25E-08
 69 23  40.01  -75.09  0.34E-08
 69 23  40.01  -75.09  0.84E-09
 69 23  40.02  -75.09  0.00E+00
 69 23  40.02  -75.09  0.00E+00
 69 23  40.03  -75.09  0.00E+00
 69 23  40.03  -75.09  0.00E+00
 69 23  40.04  -75.09  0.00E+00
 69 23  40.04  -75.09  0.00E+00
 69 23  40.05  -75.09  0.00E+00
 69 23  40.05  -75.09  0.00E+00
 69 23  40.06  -75.09  0.00E+00
 69 23  40.06  -75.09  0.00E+00
 69 23  40.07  -75.09  0.00E+00
 69 23  40.07  -75.09  0.00E+00
 69 23  40.08  -75.09  0.00E+00
 69 23  39.78  -75.08  0.00E+00
 69 23  39.78  -75.08  0.00E+00
 69 23  39.79  -75.08  0.00E+00
 69 23  39.79  -75.08  0.00E+00
 69 23  39.80  -75.08  0.00E+00
 69 23  39.80  -75.08  0.00E+00
 69 23  39.81  -75.08  0.00E+00
 69 23  39.81  -75.08  0.00E+00
 69 23  39.82  -75.08  0.00E+00
 69 23  39.82  -75.08  0.00E+00
 69 23  39.83  -75.08  0.00E+00
 69 23  39.83  -75.08  0.00E+00
 69 23  39.84  -75.08  0.00E+00
 69 23  39.84  -75.08  0.00E+00
 69 23  39.85  -75.08  0.00E+00
 69 23  39.85  -75.08  0.00E+00
 69 23  39.86  -75.08  0.00E+00
 69 23  39.86  -75.08  0.00E+00
 69 23  39.87  -75.08  0.00E+00
 69 23  39.87  -75.08  0.00E+00
 69 23  39.88  -75.08  0.00E+00
 69 23  39.88  -75.08  0.00E+00
 69 23  39.89  -75.08  0.00E+00
 69 23  39.89  -75.08  0.00E+00
 69 23  39.90  -75.08  0.00E+00
 69 23  39.90  -75.08  0.00E+00
 69 23  39.91  -75.08  0.00E+00
 69 23  39.91  -75.08  0.00E+00
 69 23  39.92  -75.08  0.00E+00
 69 23  39.92  -75.08  0.00E+00
 69 23  39.93  -75.08  0.00E+00
 69 23  39.93  -75.08  0.00E+00
 69 23  39.94  -75.08  0.00E+00
 69 23  39.94  -75.08  0.00E+00
 69 23  39.95  -75.08  0.00E+00
 69 23  39.95  -75.08  0.00E+00
 69 23  39.96  -75.08  0.33E-08
 69 23  39.96  -75.08  0.30E-07
 69 23  39.97  -75.08  0.66E-07
 69 23  39.97  -75.08  0.12E-06
 69 23  39.98  -75.08  0.12E-06
 69 23  39.98  -75.08  0.61E-07
 69 23  39.99  -75.08  0.28E-07
 69 23  39.99  -75.08  0.29E-07
 69 23  40.00  -75.08  0.10E-07
 69 23  40.00  -75.08  0.50E-08
 69 23  40.01  -75.08  0.84E-09
 69 23  40.01  -75.08  0.00E+00
 69 23  40.02  -75.08  0.00E+00
 69 23  40.02  -75.08  0.00E+00
 69 23  40.03  -75.08  0.00E+00
 69 23  40.03  -75.08  0.00E+00
 69 23  40.04  -75.08  0.00E+00
 69 23  40.04  -75.08  0.00E+00
 69 23  40.05  -75.08  0.00E+00
 69 23  40.05  -75.08  0.00E+00
 69 23  40.06  -75.08  0.00E+00
 69 23  40.06  -75.08  0.00E+00
 69 23  40.07  -75.08  0.00E+00
 69 23  40.07  -75.08  0.00E+00
 69 23  40.08  -75.08  0.00E+00
 69 23  39.78  -75.08  0.00E+00
 69 23  39.78  -75.08  0.00E+00
 69 23  39.79  -75.08  0.00E+00
 69 23  39.79  -75.08  0.00E+00
 69 23  39.80  -75.08  0.00E+00
 69 23  39.80  -75.08  0.00E+00
 69 23  39.81  -75.08  0.00E+00
 69 23  39.81  -75.08  0.00E+00
 69 23  39.82  -75.08  0.00E+00
 69 23  39.82  -75.08  0.00E+00
 69 23  39.83  -75.08  0.00E+00
 69 23  39.83  -75.08  0.00E+00
 69 23  39.84  -75.08  0.00E+00
 69 23  39.84  -75.08  0.00E+00
 69 23  39.85  -75.08  0.00E+00
 69 23  39.85  -75.08  0.00E+00
 69 23  39.86  -75.08  0.00E+00
 69 23  39.86  -75.08  0.00E+00
 69 23  39.87  -75.08  0.00E+00
 69 23  39.87  -75.08  0.00E+00
 69 23  39.88  -75.08  0.00E+00
 69 23  39.88  -75.08  0.00E+00
 69 23  39.89  -75.08  0.00E+00
 69 23  39.89  -75.08  0.00E+00
 69 23  39.90  -75.08  0.00E+00
 69 23  39.90  -75.08  0.00E+00
 69 23  39.91  -75.08  0.00E+00
 69 23  39.91  -75.08  0.00E+00
 69 23  39.92  -75.08  0.00E+00
 69 23  39.92  -75.08  0.00E+00
 69 23  39.93  -75.08  0.00E+00
 69 23  39.93  -75.08  0.00E+00
 69 23  39.94  -75.08  0.00E+00
 69 23  39.94  -75.08  0.00E+00
 69 23  39.95  -75.08  0.00E+00
 69 23  39.95  -75.08  0.00E+00
 69 23  39.96  -75.08  0.00E+00
 69 23  39.96  -75.08  0.11E-07
 69 23  39.97  -75.08  0.46E-07
 69 23  39.97  -75.08  0.62E-07
 69 23  39.98  -75.08  0.83E-07
 69 23  39.98  -75.08  0.10E-06
 69 23  39.99  -75.08  0.63E-07
 69 23  39.99  -75.08  0.29E-07
 69 23  40.00  -75.08  0.37E-07
 69 23  40.00  -75.08  0.14E-07
 69 23  40.01  -75.08  0.25E-08
 69 23  40.01  -75.08  0.17E-08
 69 23  40.02  -75.08  0.00E+00
 69 23  40.02  -75.08  0.00E+00
 69 23  40.03  -75.08  0.00E+00
 69 23  40.03  -75.08  0.00E+00
 69 23  40.04  -75.08  0.00E+00
 69 23  40.04  -75.08  0.00E+00
 69 23  40.05  -75.08  0.00E+00
 69 23  40.05  -75.08  0.00E+00
 69 23  40.06  -75.08  0.00E+00
 69 23  40.06  -75.08  0.00E+00
 69 23  40.07  -75.08  0.00E+00
 69 23  40.07  -75.08  0.00E+00
 69 23  40.08  -75.08  0.00E+00
 69 23  39.78  -75.07  0.00E+00
 69 23  39.78  -75.07  0.00E+00
 69 23  39.79  -75.07  0.00E+00
 69 23  39.79  -75.07  0.00E+00
 69 23  39.80  -75.07  0.00E+00
 69 23  39.80  -75.07  0.00E+00
 69 23  39.81  -75.07  0.00E+00
 69 23  39.81  -75.07  0.00E+00
 69 23  39.82  -75.07  0.00E+00
 69 23  39.82  -75.07  0.00E+00
 69 23  39.83  -75.07  0.00E+00
 69 23  39.83  -75.07  0.00E+00
 69 23  39.84  -75.07  0.00E+00
 69 23  39.84  -75.07  0.00E+00
 69 23  39.85  -75.07  0.00E+00
 69 23  39.85  -75.07  0.00E+00
 69 23  39.86  -75.07  0.00E+00
 69 23  39.86  -75.07  0.00E+00
 69 23  39.87  -75.07  0.00E+00
 69 23  39.87  -75.07  0.00E+00
 69 23  39.88  -75.07  0.00E+00
 69 23  39.88  -75.07  0.00E+00
 69 23  39.89  -75.07  0.00E+00
 69 23  39.89  -75.07  0.00E+00
 69 23  39.90  -75.07  0.00E+00
 69 23  39.90  -75.07  0.00E+00
 69 23  39.91  -75.07  0.00E+00
 69 23  39.91  -75.07  0.00E+00
 69 23  39.92  -75.07  0.00E+00
 69 23  39.92  -75.07  0.00E+00
 69 23  39.93  -75.07  0.00E+00
 69 23  39.93  -75.07  0.00E+00
 69 23  39.94  -75.07  0.00E+00
 69 23  39.94  -75.07  0.00E+00
 69 23  39.95  -75.07  0.00E+00
 69 23  39.95  -75.07  0.00E+00
 69 23  39.96  -75.07  0.00E+00
 69 23  39.96  -75.07  0.25E-08
 69 23  39.97  -75.07  0.15E-07
 69 23  39.97  -75.07  0.30E-07
 69 23  39.98  -75.07  0.57E-07
 69 23  39.98  -75.07  0.89E-07
 69 23  39.99  -75.07  0.10E-06
 69 23  39.99  -75.07  0.59E-07
 69 23  40.00  -75.07  0.31E-07
 69 23  40.00  -75.07  0.18E-07
 69 23  40.01  -75.07  0.21E-07
 69 23  40.01  -75.07  0.67E-08
 69 23  40.02  -75.07  0.42E-08
 69 23  40.02  -75.07  0.00E+00
 69 23  40.03  -75.07  0.00E+00
 69 23  40.03  -75.07  0.00E+00
 69 23  40.04  -75.07  0.00E+00
 69 23  40.04  -75.07  0.00E+00
 69 23  40.05  -75.07  0.00E+00
 69 23  40.05  -75.07  0.00E+00
 69 23  40.06  -75.07  0.00E+00
 69 23  40.06  -75.07  0.00E+00
 69 23  40.07  -75.07  0.00E+00
 69 23  40.07  -75.07  0.00E+00
 69 23  40.08  -75.07  0.00E+00
 69 23  39.78  -75.07  0.00E+00
 69 23  39.78  -75.07  0.00E+00
 69 23  39.79  -75.07  0.00E+00
 69 23  39.79  -75.07  0.00E+00
 69 23  39.80  -75.07  0.00E+00
 69 23  39.80  -75.07  0.00E+00
 69 23  39.81  -75.07  0.00E+00
 69 23  39.81  -75.07  0.00E+00
 69 23  39.82  -75.07  0.00E+00
 69 23  39.82  -75.07  0.00E+00
 69 23  39.83  -75.07  0.00E+00
 69 23  39.83  -75.07  0.00E+00
 69 23  39.84  -75.07  0.00E+00
 69 23  39.84  -75.07  0.00E+00
 69 23  39.85  -75.07  0.00E+00
 69 23  39.85  -75.07  0.00E+00
 69 23  39.86  -75.07  0.00E+00
 69 23  39.86  -75.07  0.00E+00
 69 23  39.87  -75.07  0.00E+00
 69 23  39.87  -75.07  0.00E+00
 69 23  39.88  -75.07  0.00E+00
 69 23  39.88  -75.07  0.00E+00
 69 23  39.89  -75.07  0.00E+00
 69 23  39.89  -75.07  0.00E+00
 69 23  39.90  -75.07  0.00E+00
 69 23  39.90  -75.07  0.00E+00
 69 23  39.91  -75.07  0.00E+00
 69 23  39.91  -75.07  0.00E+00
 69 23  39.92  -75.07  0.00E+00
 69 23  39.92  -75.07  0.00E+00
 69 23  39.93  -75.07  0.00E+00
 69 23  39.93  -75.07  0.00E+00
 69 23  39.94  -75.07  0.00E+00
 69 23  39.94  -75.07  0.00E+00
 69 23  39.95  -75.07  0.00E+00
 69 23  39.95  -75.07  0.00E+00
 69 23  39.96  -75.07  0.00E+00
 69 23  39.96  -75.07  0.33E-08
 69 23  39.97  -75.07  0.42E-08
 69 23  39.97  -75.07  0.13E-07
 69 23  39.98  -75.07  0.30E-07
 69 23  39.98  -75.07  0.63E-07
 69 23  39.99  -75.07  0.80E-07
 69 23  39.99  -75.07  0.76E-07
 69 23  40.00  -75.07  0.49E-07
 69 23  40.00  -75.07  0.36E-07
 69 23  40.01  -75.07  0.21E-07
 69 23  40.01  -75.07  0.20E-07
 69 23  40.02  -75.07  0.67E-08
 69 23  40.02  -75.07  0.34E-08
 69 23  40.03  -75.07  0.84E-09
 69 23  40.03  -75.07  0.00E+00
 69 23  40.04  -75.07  0.00E+00
 69 23  40.04  -75.07  0.00E+00
 69 23  40.05  -75.07  0.00E+00
 69 23  40.05  -75.07  0.00E+00
 69 23  40.06  -75.07  0.00E+00
 69 23  40.06  -75.07  0.00E+00
 69 23  40.07  -75.07  0.00E+00
 69 23  40.07  -75.07  0.00E+00
 69 23  40.08  -75.07  0.00E+00
 69 23  39.78  -75.06  0.00E+00
 69 23  39.78  -75.06  0.00E+00
 69 23  39.79  -75.06  0.00E+00
 69 23  39.79  -75.06  0.00E+00
 69 23  39.80  -75.06  0.00E+00
 69 23  39.80  -75.06  0.00E+00
 69 23  39.81  -75.06  0.00E+00
 69 23  39.81  -75.06  0.00E+00
 69 23  39.82  -75.06  0.00E+00
 69 23  39.82  -75.06  0.00E+00
 69 23  39.83  -75.06  0.00E+00
 69 23  39.83  -75.06  0.00E+00
 69 23  39.84  -75.06  0.00E+00
 69 23  39.84  -75.06  0.00E+00
 69 23  39.85  -75.06  0.00E+00
 69 23  39.85  -75.06  0.00E+00
 69 23  39.86  -75.06  0.00E+00
 69 23  39.86  -75.06  0.00E+00
 69 23  39.87  -75.06  0.00E+00
 69 23  39.87  -75.06  0.00E+00
 69 23  39.88  -75.06  0.00E+00
 69 23  39.88  -75.06  0.00E+00
 69 23  39.89  -75.06  0.00E+00
 69 23  39.89  -75.06  0.00E+00
 69 23  39.90  -75.06  0.00E+00
 69 23  39.90  -75.06  0.00E+00
 69 23  39.91  -75.06  0.00E+00
 69 23  39.91  -75.06  0.00E+00
 69 23  39.92  -75.06  0.00E+00
 69 23  39.92  -75.06  0.00E+00
 69 23  39.93  -75.06  0.00E+00
 69 23  39.93  -75.06  0.00E+00
 69 23  39.94  -75.06  0.00E+00
 69 23  39.94  -75.06  0.00E+00
 69 23  39.95  -75.06  0.00E+00
 69 23  39.95  -75.06  0.00E+00
 69 23  39.96  -75.06  0.00E+00
 69 23  39.96  -75.06  0.84E-09
 69 23  39.97  -75.06  0.17E-08
 69 23  39.97  -75.06  0.59E-08
 69 23  39.98  -75.06  0.21E-07
 69 23  39.98  -75.06  0.42E-07
 69 23  39.99  -75.06  0.49E-07
 69 23  39.99  -75.06  0.68E-07
 69 23  40.00  -75.06  0.84E-07
 69 23  40.00  -75.06  0.51E-07
 69 23  40.01  -75.06  0.42E-07
 69 23  40.01  -75.06  0.25E-07
 69 23  40.02  -75.06  0.14E-07
 69 23  40.02  -75.06  0.75E-08
 69 23  40.03  -75.06  0.00E+00
 69 23  40.03  -75.06  0.00E+00
 69 23  40.04  -75.06  0.00E+00
 69 23  40.04  -75.06  0.00E+00
 69 23  40.05  -75.06  0.00E+00
 69 23  40.05  -75.06  0.00E+00
 69 23  40.06  -75.06  0.00E+00
 69 23  40.06  -75.06  0.00E+00
 69 23  40.07  -75.06  0.00E+00
 69 23  40.07  -75.06  0.00E+00
 69 23  40.08  -75.06  0.00E+00
 69 23  39.78  -75.06  0.00E+00
 69 23  39.78  -75.06  0.00E+00
 69 23  39.79  -75.06  0.00E+00
 69 23  39.79  -75.06  0.00E+00
 69 23  39.80  -75.06  0.00E+00
 69 23  39.80  -75.06  0.00E+00
 69 23  39.81  -75.06  0.00E+00
 69 23  39.81  -75.06  0.00E+00
 69 23  39.82  -75.06  0.00E+00
 69 23  39.82  -75.06  0.00E+00
 69 23  39.83  -75.06  0.00E+00
 69 23  39.83  -75.06  0.00E+00
 69 23  39.84  -75.06  0.00E+00
 69 23  39.84  -75.06  0.00E+00
 69 23  39.85  -75.06  0.00E+00
 69 23  39.85  -75.06  0.00E+00
 69 23  39.86  -75.06  0.00E+00
 69 23  39.86  -75.06  0.00E+00
 69 23  39.87  -75.06  0.00E+00
 69 23  39.87  -75.06  0.00E+00
 69 23  39.88  -75.06  0.00E+00
 69 23  39.88  -75.06  0.00E+00
 69 23  39.89  -75.06  0.00E+00
 69 23  39.89  -75.06  0.00E+00
 69 23  39.90  -75.06  0.00E+00
 69 23  39.90  -75.06  0.00E+00
 69 23  39.91  -75.06  0.00E+00
 69 23  39.91  -75.06  0.00E+00
 69 23  39.92  -75.06  0.00E+00
 69 23  39.92  -75.06  0.00E+00
 69 23  39.93  -75.06  0.00E+00
 69 23  39.93  -75.06  0.00E+00
 69 23  39.94  -75.06  0.00E+00
 69 23  39.94  -75.06  0.00E+00
 69 23  39.95  -75.06  0.00E+00
 69 23  39.95  -75.06  0.00E+00
 69 23  39.96  -75.06  0.00E+00
 69 23  39.96  -75.06  0.00E+00
 69 23  39.97  -75.06  0.25E-08
 69 23  39.97  -75.06  0.17E-08
 69 23  39.98  -75.06  0.12E-07
 69 23  39.98  -75.06  0.27E-07
 69 23  39.99  -75.06  0.41E-07
 69 23  39.99  -75.06  0.43E-07
 69 23  40.00  -75.06  0.48E-07
 69 23  40.00  -75.06  0.68E-07
 69 23  40.01  -75.06  0.39E-07
 69 23  40.01  -75.06  0.31E-07
 69 23  40.02  -75.06  0.28E-07
 69 23  40.02  -75.06  0.67E-08
 69 23  40.03  -75.06  0.67E-08
 69 23  40.03  -75.06  0.67E-08
 69 23  40.04  -75.06  0.00E+00
 69 23  40.04  -75.06  0.00E+00
 69 23  40.05  -75.06  0.00E+00
 69 23  40.05  -75.06  0.00E+00
 69 23  40.06  -75.06  0.00E+00
 69 23  40.06  -75.06  0.00E+00
 69 23  40.07  -75.06  0.00E+00
 69 23  40.07  -75.06  0.00E+00
 69 23  40.08  -75.06  0.00E+00
 69 23  39.78  -75.05  0.00E+00
 69 23  39.78  -75.05  0.00E+00
 69 23  39.79  -75.05  0.00E+00
 69 23  39.79  -75.05  0.00E+00
 69 23  39.80  -75.05  0.00E+00
 69 23  39.80  -75.05  0.00E+00
 69 23  39.81  -75.05  0.00E+00
 69 23  39.81  -75.05  0.00E+00
 69 23  39.82  -75.05  0.00E+00
 69 23  39.82  -75.05  0.00E+00
 69 23  39.83  -75.05  0.00E+00
 69 23  39.83  -75.05  0.00E+00
 69 23  39.84  -75.05  0.00E+00
 69 23  39.84  -75.05  0.00E+00
 69 23  39.85  -75.05  0.00E+00
 69 23  39.85  -75.05  0.00E+00
 69 23  39.86  -75.05  0.00E+00
 69 23  39.86  -75.05  0.00E+00
 69 23  39.87  -75.05  0.00E+00
 69 23  39.87  -75.05  0.00E+00
 69 23  39.88  -75.05  0.00E+00
 69 23  39.88  -75.05  0.00E+00
 69 23  39.89  -75.05  0.00E+00
 69 23  39.89  -75.05  0.00E+00
 69 23  39.90  -75.05  0.00E+00
 69 23  39.90  -75.05  0.00E+00
 69 23  39.91  -75.05  0.00E+00
 69 23  39.91  -75.05  0.00E+00
 69 23  39.92  -75.05  0.00E+00
 69 23  39.92  -75.05  0.00E+00
 69 23  39.93  -75.05  0.00E+00
 69 23  39.93  -75.05  0.00E+00
 69 23  39.94  -75.05  0.00E+00
 69 23  39.94  -75.05  0.00E+00
 69 23  39.95  -75.05  0.00E+00
 69 23  39.95  -75.05  0.00E+00
 69 23  39.96  -75.05  0.00E+00
 69 23  39.96  -75.05  0.00E+00
 69 23  39.97  -75.05  0.00E+00
 69 23  39.97  -75.05  0.25E-08
 69 23  39.98  -75.05  0.50E-08
 69 23  39.98  -75.05  0.13E-07
 69 23  39.99  -75.05  0.20E-07
 69 23  39.99  -75.05  0.45E-07
 69 23  40.00  -75.05  0.44E-07
 69 23  40.00  -75.05  0.53E-07
 69 23  40.01  -75.05  0.63E-07
 69 23  40.01  -75.05  0.30E-07
 69 23  40.02  -75.05  0.23E-07
 69 23  40.02  -75.05  0.19E-07
 69 23  40.03  -75.05  0.10E-07
 69 23  40.03  -75.05  0.84E-08
 69 23  40.04  -75.05  0.59E-08
 69 23  40.04  -75.05  0.00E+00
 69 23  40.05  -75.05  0.00E+00
 69 23  40.05  -75.05  0.00E+00
 69 23  40.06  -75.05  0.00E+00
 69 23  40.06  -75.05  0.00E+00
 69 23  40.07  -75.05  0.00E+00
 69 23  40.07  -75.05  0.00E+00
 69 23  40.08  -75.05  0.00E+00
 69 23  39.78  -75.05  0.00E+00
 69 23  39.78  -75.05  0.00E+00
 69 23  39.79  -75.05  0.00E+00
 69 23  39.79  -75.05  0.00E+00
 69 23  39.80  -75.05  0.00E+00
 69 23  39.80  -75.05  0.00E+00
 69 23  39.81  -75.05  0.00E+00
 69 23  39.81  -75.05  0.00E+00
 69 23  39.82  -75.05  0.00E+00
 69 23  39.82  -75.05  0.00E+00
 69 23  39.83  -75.05  0.00E+00
 69 23  39.83  -75.05  0.00E+00
 69 23  39.84  -75.05  0.00E+00
 69 23  39.84  -75.05  0.00E+00
 69 23  39.85  -75.05  0.00E+00
 69 23  39.85  -75.05  0.00E+00
 69 23  39.86  -75.05  0.00E+00
 69 23  39.86  -75.05  0.00E+00
 69 23  39.87  -75.05  0.00E+00
 69 23  39.87  -75.05  0.00E+00
 69 23  39.88  -75.05  0.00E+00
 69 23  39.88  -75.05  0.00E+00
 69 23  39.89  -75.05  0.00E+00
 69 23  39.89  -75.05  0.00E+00
 69 23  39.90  -75.05  0.00E+00
 69 23  39.90  -75.05  0.00E+00
 69 23  39.91  -75.05  0.00E+00
 69 23  39.91  -75.05  0.00E+00
 69 23  39.92  -75.05  0.00E+00
 69 23  39.92  -75.05  0.00E+00
 69 23  39.93  -75.05  0.00E+00
 69 23  39.93  -75.05  0.00E+00
 69 23  39.94  -75.05  0.00E+00
 69 23  39.94  -75.05  0.00E+00
 69 23  39.95  -75.05  0.00E+00
 69 23  39.95  -75.05  0.00E+00
 69 23  39.96  -75.05  0.00E+00
 69 23  39.96  -75.05  0.00E+00
 69 23  39.97  -75.05  0.00E+00
 69 23  39.97  -75.05  0.17E-08
 69 23  39.98  -75.05  0.17E-08
 69 23  39.98  -75.05  0.67E-08
 69 23  39.99  -75.05  0.23E-07
 69 23  39.99  -75.05  0.23E-07
 69 23  40.00  -75.05  0.39E-07
 69 23  40.00  -75.05  0.49E-07
 69 23  40.01  -75.05  0.57E-07
 69 23  40.01  -75.05  0.74E-07
 69 23  40.02  -75.05  0.28E-07
 69 23  40.02  -75.05  0.26E-07
 69 23  40.03  -75.05  0.14E-07
 69 23  40.03  -75.05  0.11E-07
 69 23  40.04  -75.05  0.59E-08
 69 23  40.04  -75.05  0.10E-07
 69 23  40.05  -75.05  0.50E-08
 69 23  40.05  -75.05  0.17E-08
 69 23  40.06  -75.05  0.00E+00
 69 23  40.06  -75.05  0.00E+00
 69 23  40.07  -75.05  0.00E+00
 69 23  40.07  -75.05  0.00E+00
 69 23  40.08  -75.05  0.00E+00
 69 23  39.78  -75.04  0.00E+00
 69 23  39.78  -75.04  0.00E+00
 69 23  39.79  -75.04  0.00E+00
 69 23  39.79  -75.04  0.00E+00
 69 23  39.80  -75.04  0.00E+00
 69 23  39.80  -75.04  0.00E+00
 69 23  39.81  -75.04  0.00E+00
 69 23  39.81  -75.04  0.00E+00
 69 23  39.82  -75.04  0.00E+00
 69 23  39.82  -75.04  0.00E+00
 69 23  39.83  -75.04  0.00E+00
 69 23  39.83  -75.04  0.00E+00
 69 23  39.84  -75.04  0.00E+00
 69 23  39.84  -75.04  0.00E+00
 69 23  39.85  -75.04  0.00E+00
 69 23  39.85  -75.04  0.00E+00
 69 23  39.86  -75.04  0.00E+00
 69 23  39.86  -75.04  0.00E+00
 69 23  39.87  -75.04  0.00E+00
 69 23  39.87  -75.04  0.00E+00
 69 23  39.88  -75.04  0.00E+00
 69 23  39.88  -75.04  0.00E+00
 69 23  39.89  -75.04  0.00E+00
 69 23  39.89  -75.04  0.00E+00
 69 23  39.90  -75.04  0.00E+00
 69 23  39.90  -75.04  0.00E+00
 69 23  39.91  -75.04  0.00E+00
 69 23  39.91  -75.04  0.00E+00
 69 23  39.92  -75.04  0.00E+00
 69 23  39.92  -75.04  0.00E+00
 69 23  39.93  -75.04  0.00E+00
 69 23  39.93  -75.04  0.00E+00
 69 23  39.94  -75.04  0.00E+00
 69 23  39.94  -75.04  0.00E+00
 69 23  39.95  -75.04  0.00E+00
 69 23  39.95  -75.04  0.00E+00
 69 23  39.96  -75.04  0.00E+00
 69 23  39.96  -75.04  0.00E+00
 69 23  39.97  -75.04  0.00E+00
 69 23  39.97  -75.04  0.00E+00
 69 23  39.98  -75.04  0.42E-08
 69 23  39.98  -75.04  0.00E+00
 69 23  39.99  -75.04  0.67E-08
 69 23  39.99  -75.04  0.18E-07
 69 23  40.00  -75.04  0.15E-07
 69 23  40.00  -75.04  0.42E-07
 69 23  40.01  -75.04  0.63E-07
 69 23  40.01  -75.04  0.46E-07
 69 23  40.02  -75.04  0.60E-07
 69 23  40.02  -75.04  0.25E-07
 69 23  40.03  -75.04  0.24E-07
 69 23  40.03  -75.04  0.13E-07
 69 23  40.04  -75.04  0.84E-08
 69 23  40.04  -75.04  0.92E-08
 69 23  40.05  -75.04  0.50E-08
 69 23  40.05  -75.04  0.59E-08
 69 23  40.06  -75.04  0.42E-08
 69 23  40.06  -75.04  0.84E-09
 69 23  40.07  -75.04  0.84E-09
 69 23  40.07  -75.04  0.00E+00
 69 23  40.08  -75.04  0.00E+00
 69 23  39.78  -75.04  0.00E+00
 69 23  39.78  -75.04  0.00E+00
 69 23  39.79  -75.04  0.00E+00
 69 23  39.79  -75.04  0.00E+00
 69 23  39.80  -75.04  0.00E+00
 69 23  39.80  -75.04  0.00E+00
 69 23  39.81  -75.04  0.00E+00
 69 23  39.81  -75.04  0.00E+00
 69 23  39.82  -75.04  0.00E+00
 69 23  39.82  -75.04  0.00E+00
 69 23  39.83  -75.04  0.00E+00
 69 23  39.83  -75.04  0.00E+00
 69 23  39.84  -75.04  0.00E+00
 69 23  39.84  -75.04  0.00E+00
 69 23  39.85  -75.04  0.00E+00
 69 23  39.85  -75.04  0.00E+00
 69 23  39.86  -75.04  0.00E+00
 69 23  39.86  -75.04  0.00E+00
 69 23  39.87  -75.04  0.00E+00
 69 23  39.87  -75.04  0.00E+00
 69 23  39.88  -75.04  0.00E+00
 69 23  39.88  -75.04  0.00E+00
 69 23  39.89  -75.04  0.00E+00
 69 23  39.89  -75.04  0.00E+00
 69 23  39.90  -75.04  0.00E+00
 69 23  39.90  -75.04  0.00E+00
 69 23  39.91  -75.04  0.00E+00
 69 23  39.91  -75.04  0.00E+00
 69 23  39.92  -75.04  0.00E+00
 69 23  39.92  -75.04  0.00E+00
 69 23  39.93  -75.04  0.00E+00
 69 23  39.93  -75.04  0.00E+00
 69 23  39.94  -75.04  0.00E+00
 69 23  39.94  -75.04  0.00E+00
 69 23  39.95  -75.04  0.00E+00
 69 23  39.95  -75.04  0.00E+00
 69 23  39.96  -75.04  0.00E+00
 69 23  39.96  -75.04  0.00E+00
 69 23  39.97  -75.04  0.00E+00
 69 23  39.97  -75.04  0.00E+00
 69 23  39.98  -75.04  0.84E-09
 69 23  39.98  -75.04  0.17E-08
 69 23  39.99  -75.04  0.25E-08
 69 23  39.99  -75.04  0.75E-08
 69 23  40.00  -75.04  0.10E-07
 69 23  40.00  -75.04  0.20E-07
 69 23  40.01  -75.04  0.47E-07
 69 23  40.01  -75.04  0.45E-07
 69 23  40.02  -75.04  0.31E-07
 69 23  40.02  -75.04  0.47E-07
 69 23  40.03  -75.04  0.30E-07
 69 23  40.03  -75.04  0.25E-07
 69 23  40.04  -75.04  0.12E-07
 69 23  40.04  -75.04  0.11E-07
 69 23  40.05  -75.04  0.84E-08
 69 23  40.05  -75.04  0.42E-08
 69 23  40.06  -75.04  0.00E+00
 69 23  40.06  -75.04  0.25E-08
 69 23  40.07  -75.04  0.42E-08
 69 23  40.07  -75.04  0.25E-08
 69 23  40.08  -75.04  0.00E+00
 69 23  39.78  -75.03  0.00E+00
 69 23  39.78  -75.03  0.00E+00
 69 23  39.79  -75.03  0.00E+00
 69 23  39.79  -75.03  0.00E+00
 69 23  39.80  -75.03  0.00E+00
 69 23  39.80  -75.03  0.00E+00
 69 23  39.81  -75.03  0.00E+00
 69 23  39.81  -75.03  0.00E+00
 69 23  39.82  -75.03  0.00E+00
 69 23  39.82  -75.03  0.00E+00
 69 23  39.83  -75.03  0.00E+00
 69 23  39.83  -75.03  0.00E+00
 69 23  39.84  -75.03  0.00E+00
 69 23  39.84  -75.03  0.00E+00
 69 23  39.85  -75.03  0.00E+00
 69 23  39.85  -75.03  0.00E+00
 69 23  39.86  -75.03  0.00E+00
 69 23  39.86  -75.03  0.00E+00
 69 23  39.87  -75.03  0.00E+00
 69 23  39.87  -75.03  0.00E+00
 69 23  39.88  -75.03  0.00E+00
 69 23  39.88  -75.03  0.00E+00
 69 23  39.89  -75.03  0.00E+00
 69 23  39.89  -75.03  0.00E+00
 69 23  39.90  -75.03  0.00E+00
 69 23  39.90  -75.03  0.00E+00
 69 23  39.91  -75.03  0.00E+00
 69 23  39.91  -75.03  0.00E+00
 69 23  39.92  -75.03  0.00E+00
 69 23  39.92  -75.03  0.00E+00
 69 23  39.93  -75.03  0.00E+00
 69 23  39.93  -75.03  0.00E+00
 69 23  39.94  -75.03  0.00E+00
 69 23  39.94  -75.03  0.00E+00
 69 23  39.95  -75.03  0.00E+00
 69 23  39.95  -75.03  0.00E+00
 69 23  39.96  -75.03  0.00E+00
 69 23  39.96  -75.03  0.00E+00
 69 23  39.97  -75.03  0.00E+00
 69 23  39.97  -75.03  0.00E+00
 69 23  39.98  -75.03  0.00E+00
 69 23  39.98  -75.03  0.17E-08
 69 23  39.99  -75.03  0.84E-09
 69 23  39.99  -75.03  0.59E-08
 69 23  40.00  -75.03  0.34E-08
 69 23  40.00  -75.03  0.17E-07
 69 23  40.01  -75.03  0.13E-07
 69 23  40.01  -75.03  0.41E-07
 69 23  40.02  -75.03  0.45E-07
 69 23  40.02  -75.03  0.28E-07
 69 23  40.03  -75.03  0.41E-07
 69 23  40.03  -75.03  0.33E-07
 69 23  40.04  -75.03  0.18E-07
 69 23  40.04  -75.03  0.50E-08
 69 23  40.05  -75.03  0.11E-07
 69 23  40.05  -75.03  0.11E-07
 69 23  40.06  -75.03  0.25E-08
 69 23  40.06  -75.03  0.17E-08
 69 23  40.07  -75.03  0.34E-08
 69 23  40.07  -75.03  0.34E-08
 69 23  40.08  -75.03  0.25E-08
 69 23  39.78  -75.03  0.00E+00
 69 23  39.78  -75.03  0.00E+00
 69 23  39.79  -75.03  0.00E+00
 69 23  39.79  -75.03  0.00E+00
 69 23  39.80  -75.03  0.00E+00
 69 23  39.80  -75.03  0.00E+00
 69 23  39.81  -75.03  0.00E+00
 69 23  39.81  -75.03  0.00E+00
 69 23  39.82  -75.03  0.00E+00
 69 23  39.82  -75.03  0.00E+00
 69 23  39.83  -75.03  0.00E+00
 69 23  39.83  -75.03  0.00E+00
 69 23  39.84  -75.03  0.00E+00
 69 23  39.84  -75.03  0.00E+00
 69 23  39.85  -75.03  0.00E+00
 69 23  39.85  -75.03  0.00E+00
 69 23  39.86  -75.03  0.00E+00
 69 23  39.86  -75.03  0.00E+00
 69 23  39.87  -75.03  0.00E+00
 69 23  39.87  -75.03  0.00E+00
 69 23  39.88  -75.03  0.00E+00
 69 23  39.88  -75.03  0.00E+00
 69 23  39.89  -75.03  0.00E+00
 69 23  39.89  -75.03  0.00E+00
 69 23  39.90  -75.03  0.00E+00
 69 23  39.90  -75.03  0.00E+00
 69 23  39.91  -75.03  0.00E+00
 69 23  39.91  -75.03  0.00E+00
 69 23  39.92  -75.03  0.00E+00
 69 23  39.92  -75.03  0.00E+00
 69 23  39.93  -75.03  0.00E+00
 69 23  39.93  -75.03  0.00E+00
 69 23  39.94  -75.03  0.00E+00
 69 23  39.94  -75.03  0.00E+00
 69 23  39.95  -75.03  0.00E+00
 69 23  39.95  -75.03  0.00E+00
 69 23  39.96  -75.03  0.00E+00
 69 23  39.96  -75.03  0.00E+00
 69 23  39.97  -75.03  0.00E+00
 69 23  39.97  -75.03  0.00E+00
 69 23  39.98  -75.03  0.00E+00
 69 23  39.98  -75.03  0.00E+00
 69 23  39.99  -75.03  0.25E-08
 69 23  39.99  -75.03  0.84E-09
 69 23  40.00  -75.03  0.34E-08
 69 23  40.00  -75.03  0.84E-08
 69 23  40.01  -75.03  0.81E-08
 69 23  40.01  -75.03  0.20E-07
 69 23  40.02  -75.03  0.39E-07
 69 23  40.02  -75.03  0.35E-07
 69 23  40.03  -75.03  0.30E-07
 69 23  40.03  -75.03  0.29E-07
 69 23  40.04  -75.03  0.23E-07
 69 23  40.04  -75.03  0.21E-07
 69 23  40.05  -75.03  0.13E-07
 69 23  40.05  -75.03  0.84E-08
 69 23  40.06  -75.03  0.92E-08
 69 23  40.06  -75.03  0.59E-08
 69 23  40.07  -75.03  0.25E-08
 69 23  40.07  -75.03  0.25E-08
 69 23  40.08  -75.03  0.25E-08
 69 23  39.78  -75.02  0.00E+00
 69 23  39.78  -75.02  0.00E+00
 69 23  39.79  -75.02  0.00E+00
 69 23  39.79  -75.02  0.00E+00
 69 23  39.80  -75.02  0.00E+00
 69 23  39.80  -75.02  0.00E+00
 69 23  39.81  -75.02  0.00E+00
 69 23  39.81  -75.02  0.00E+00
 69 23  39.82  -75.02  0.00E+00
 69 23  39.82  -75.02  0.00E+00
 69 23  39.83  -75.02  0.00E+00
 69 23  39.83  -75.02  0.00E+00
 69 23  39.84  -75.02  0.00E+00
 69 23  39.84  -75.02  0.00E+00
 69 23  39.85  -75.02  0.00E+00
 69 23  39.85  -75.02  0.00E+00
 69 23  39.86  -75.02  0.00E+00
 69 23  39.86  -75.02  0.00E+00
 69 23  39.87  -75.02  0.00E+00
 69 23  39.87  -75.02  0.00E+00
 69 23  39.88  -75.02  0.00E+00
 69 23  39.88  -75.02  0.00E+00
 69 23  39.89  -75.02  0.00E+00
 69 23  39.89  -75.02  0.00E+00
 69 23  39.90  -75.02  0.00E+00
 69 23  39.90  -75.02  0.00E+00
 69 23  39.91  -75.02  0.00E+00
 69 23  39.91  -75.02  0.00E+00
 69 23  39.92  -75.02  0.00E+00
 69 23  39.92  -75.02  0.00E+00
 69 23  39.93  -75.02  0.00E+00
 69 23  39.93  -75.02  0.00E+00
 69 23  39.94  -75.02  0.00E+00
 69 23  39.94  -75.02  0.00E+00
 69 23  39.95  -75.02  0.00E+00
 69 23  39.95  -75.02  0.00E+00
 69 23  39.96  -75.02  0.00E+00
 69 23  39.96  -75.02  0.00E+00
 69 23  39.97  -75.02  0.00E+00
 69 23  39.97  -75.02  0.00E+00
 69 23  39.98  -75.02  0.00E+00
 69 23  39.98  -75.02  0.00E+00
 69 23  39.99  -75.02  0.84E-09
 69 23  39.99  -75.02  0.17E-08
 69 23  40.00  -75.02  0.00E+00
 69 23  40.00  -75.02  0.25E-08
 69 23  40.01  -75.02  0.15E-07
 69 23  40.01  -75.02  0.75E-08
 69 23  40.02  -75.02  0.26E-07
 69 23  40.02  -75.02  0.42E-07
 69 23  40.03  -75.02  0.37E-07
 69 23  40.03  -75.02  0.40E-07
 69 23  40.04  -75.02  0.38E-07
 69 23  40.04  -75.02  0.22E-07
 69 23  40.05  -75.02  0.21E-07
 69 23  40.05  -75.02  0.15E-07
 69 23  40.06  -75.02  0.92E-08
 69 23  40.06  -75.02  0.67E-08
 69 23  40.07  -75.02  0.84E-08
 69 23  40.07  -75.02  0.34E-08
 69 23  40.08  -75.02  0.42E-08
 69 23  39.78  -75.02  0.00E+00
 69 23  39.78  -75.02  0.00E+00
 69 23  39.79  -75.02  0.00E+00
 69 23  39.79  -75.02  0.00E+00
 69 23  39.80  -75.02  0.00E+00
 69 23  39.80  -75.02  0.00E+00
 69 23  39.81  -75.02  0.00E+00
 69 23  39.81  -75.02  0.00E+00
 69 23  39.82  -75.02  0.00E+00
 69 23  39.82  -75.02  0.00E+00
 69 23  39.83  -75.02  0.00E+00
 69 23  39.83  -75.02  0.00E+00
 69 23  39.84  -75.02  0.00E+00
 69 23  39.84  -75.02  0.00E+00
 69 23  39.85  -75.02  0.00E+00
 69 23  39.85  -75.02  0.00E+00
 69 23  39.86  -75.02  0.00E+00
 69 23  39.86  -75.02  0.00E+00
 69 23  39.87  -75.02  0.00E+00
 69 23  39.87  -75.02  0.00E+00
 69 23  39.88  -75.02  0.00E+00
 69 23  39.88  -75.02  0.00E+00
 69 23  39.89  -75.02  0.00E+00
 69 23  39.89  -75.02  0.00E+00
 69 23  39.90  -75.02  0.00E+00
 69 23  39.90  -75.02  0.00E+00
 69 23  39.91  -75.02  0.00E+00
 69 23  39.91  -75.02  0.00E+00
 69 23  39.92  -75.02  0.00E+00
 69 23  39.92  -75.02  0.00E+00
 69 23  39.93  -75.02  0.00E+00
 69 23  39.93  -75.02  0.00E+00
 69 23  39.94  -75.02  0.00E+00
 69 23  39.94  -75.02  0.00E+00
 69 23  39.95  -75.02  0.00E+00
 69 23  39.95  -75.02  0.00E+00
 69 23  39.96  -75.02  0.00E+00
 69 23  39.96  -75.02  0.00E+00
 69 23  39.97  -75.02  0.00E+00
 69 23  39.97  -75.02  0.00E+00
 69 23  39.98  -75.02  0.00E+00
 69 23  39.98  -75.02  0.00E+00
 69 23  39.99  -75.02  0.00E+00
 69 23  39.99  -75.02  0.17E-08
 69 23  40.00  -75.02  0.84E-09
 69 23  40.00  -75.02  0.00E+00
 69 23  40.01  -75.02  0.92E-08
 69 23  40.01  -75.02  0.13E-07
 69 23  40.02  -75.02  0.84E-08
 69 23  40.02  -75.02  0.28E-07
 69 23  40.03  -75.02  0.38E-07
 69 23  40.03  -75.02  0.31E-07
 69 23  40.04  -75.02  0.43E-07
 69 23  40.04  -75.02  0.35E-07
 69 23  40.05  -75.02  0.11E-07
 69 23  40.05  -75.02  0.17E-07
 69 23  40.06  -75.02  0.17E-07
 69 23  40.06  -75.02  0.15E-07
 69 23  40.07  -75.02  0.67E-08
 69 23  40.07  -75.02  0.42E-08
 69 23  40.08  -75.02  0.84E-09
 69 23  39.78  -75.01  0.00E+00
 69 23  39.78  -75.01  0.00E+00
 69 23  39.79  -75.01  0.00E+00
 69 23  39.79  -75.01  0.00E+00
 69 23  39.80  -75.01  0.00E+00
 69 23  39.80  -75.01  0.00E+00
 69 23  39.81  -75.01  0.00E+00
 69 23  39.81  -75.01  0.00E+00
 69 23  39.82  -75.01  0.00E+00
 69 23  39.82  -75.01  0.00E+00
 69 23  39.83  -75.01  0.00E+00
 69 23  39.83  -75.01  0.00E+00
 69 23  39.84  -75.01  0.00E+00
 69 23  39.84  -75.01  0.00E+00
 69 23  39.85  -75.01  0.00E+00
 69 23  39.85  -75.01  0.00E+00
 69 23  39.86  -75.01  0.00E+00
 69 23  39.86  -75.01  0.00E+00
 69 23  39.87  -75.01  0.00E+00
 69 23  39.87  -75.01  0.00E+00
 69 23  39.88  -75.01  0.00E+00
 69 23  39.88  -75.01  0.00E+00
 69 23  39.89  -75.01  0.00E+00
 69 23  39.89  -75.01  0.00E+00
 69 23  39.90  -75.01  0.00E+00
 69 23  39.90  -75.01  0.00E+00
 69 23  39.91  -75.01  0.00E+00
 69 23  39.91  -75.01  0.00E+00
 69 23  39.92  -75.01  0.00E+00
 69 23  39.92  -75.01  0.00E+00
 69 23  39.93  -75.01  0.00E+00
 69 23  39.93  -75.01  0.00E+00
 69 23  39.94  -75.01  0.00E+00
 69 23  39.94  -75.01  0.00E+00
 69 23  39.95  -75.01  0.00E+00
 69 23  39.95  -75.01  0.00E+00
 69 23  39.96  -75.01  0.00E+00
 69 23  39.96  -75.01  0.00E+00
 69 23  39.97  -75.01  0.00E+00
 69 23  39.97  -75.01  0.00E+00
 69 23  39.98  -75.01  0.00E+00
 69 23  39.98  -75.01  0.67E-08
 69 23  39.99  -75.01  0.00E+00
 69 23  39.99  -75.01  0.00E+00
 69 23  40.00  -75.01  0.25E-08
 69 23  40.00  -75.01  0.00E+00
 69 23  40.01  -75.01  0.00E+00
 69 23  40.01  -75.01  0.13E-07
 69 23  40.02  -75.01  0.12E-07
 69 23  40.02  -75.01  0.59E-08
 69 23  40.03  -75.01  0.31E-07
 69 23  40.03  -75.01  0.34E-07
 69 23  40.04  -75.01  0.33E-07
 69 23  40.04  -75.01  0.31E-07
 69 23  40.05  -75.01  0.32E-07
 69 23  40.05  -75.01  0.13E-07
 69 23  40.06  -75.01  0.17E-07
 69 23  40.06  -75.01  0.13E-07
 69 23  40.07  -75.01  0.15E-07
 69 23  40.07  -75.01  0.75E-08
 69 23  40.08  -75.01  0.84E-09
 69 23  39.78  -75.01  0.00E+00
 69 23  39.78  -75.01  0.00E+00
 69 23  39.79  -75.01  0.00E+00
 69 23  39.79  -75.01  0.00E+00
 69 23  39.80  -75.01  0.00E+00
 69 23  39.80  -75.01  0.00E+00
 69 23  39.81  -75.01  0.00E+00
 69 23  39.81  -75.01  0.00E+00
 69 23  39.82  -75.01  0.00E+00
 69 23  39.82  -75.01  0.00E+00
 69 23  39.83  -75.01  0.00E+00
 69 23  39.83  -75.01  0.00E+00
 69 23  39.84  -75.01  0.00E+00
 69 23  39.84  -75.01  0.00E+00
 69 23  39.85  -75.01  0.00E+00
 69 23  39.85  -75.01  0.00E+00
 69 23  39.86  -75.01  0.00E+00
 69 23  39.86  -75.01  0.00E+00
 69 23  39.87  -75.01  0.00E+00
 69 23  39.87  -75.01  0.00E+00
 69 23  39.88  -75.01  0.00E+00
 69 23  39.88  -75.01  0.00E+00
 69 23  39.89  -75.01  0.00E+00
 69 23  39.89  -75.01  0.00E+00
 69 23  39.90  -75.01  0.00E+00
 69 23  39.90  -75.01  0.00E+00
 69 23  39.91  -75.01  0.00E+00
 69 23  39.91  -75.01  0.00E+00
 69 23  39.92  -75.01  0.00E+00
 69 23  39.92  -75.01  0.00E+00
 69 23  39.93  -75.01  0.00E+00
 69 23  39.93  -75.01  0.00E+00
 69 23  39.94  -75.01  0.00E+00
 69 23  39.94  -75.01  0.00E+00
 69 23  39.95  -75.01  0.00E+00
 69 23  39.95  -75.01  0.00E+00
 69 23  39.96  -75.01  0.00E+00
 69 23  39.96  -75.01  0.00E+00
 69 23  39.97  -75.01  0.00E+00
 69 23  39.97  -75.01  0.00E+00
 69 23  39.98  -75.01  0.00E+00
 69 23  39.98  -75.01  0.34E-08
 69 23  39.99  -75.01  0.34E-08
 69 23  39.99  -75.01  0.00E+00
 69 23  40.00  -75.01  0.00E+00
 69 23  40.00  -75.01  0.34E-08
 69 23  40.01  -75.01  0.84E-09
 69 23  40.01  -75.01  0.84E-09
 69 23  40.02  -75.01  0.17E-07
 69 23  40.02  -75.01  0.11E-07
 69 23  40.03  -75.01  0.50E-08
 69 23  40.03  -75.01  0.36E-07
 69 23  40.04  -75.01  0.33E-07
 69 23  40.04  -75.01  0.34E-07
 69 23  40.05  -75.01  0.29E-07
 69 23  40.05  -75.01  0.13E-07
 69 23  40.06  -75.01  0.84E-08
 69 23  40.06  -75.01  0.18E-07
 69 23  40.07  -75.01  0.19E-07
 69 23  40.07  -75.01  0.17E-07
 69 23  40.08  -75.01  0.13E-07
 69 23  39.78  -75.00  0.00E+00
 69 23  39.78  -75.00  0.00E+00
 69 23  39.79  -75.00  0.00E+00
 69 23  39.79  -75.00  0.00E+00
 69 23  39.80  -75.00  0.00E+00
 69 23  39.80  -75.00  0.00E+00
 69 23  39.81  -75.00  0.00E+00
 69 23  39.81  -75.00  0.00E+00
 69 23  39.82  -75.00  0.00E+00
 69 23  39.82  -75.00  0.00E+00
 69 23  39.83  -75.00  0.00E+00
 69 23  39.83  -75.00  0.00E+00
 69 23  39.84  -75.00  0.00E+00
 69 23  39.84  -75.00  0.00E+00
 69 23  39.85  -75.00  0.00E+00
 69 23  39.85  -75.00  0.00E+00
 69 23  39.86  -75.00  0.00E+00
 69 23  39.86  -75.00  0.00E+00
 69 23  39.87  -75.00  0.00E+00
 69 23  39.87  -75.00  0.00E+00
 69 23  39.88  -75.00  0.00E+00
 69 23  39.88  -75.00  0.00E+00
 69 23  39.89  -75.00  0.00E+00
 69 23  39.89  -75.00  0.00E+00
 69 23  39.90  -75.00  0.00E+00
 69 23  39.90  -75.00  0.00E+00
 69 23  39.91  -75.00  0.00E+00
 69 23  39.91  -75.00  0.00E+00
 69 23  39.92  -75.00  0.00E+00
 69 23  39.92  -75.00  0.00E+00
 69 23  39.93  -75.00  0.00E+00
 69 23  39.93  -75.00  0.00E+00
 69 23  39.94  -75.00  0.00E+00
 69 23  39.94  -75.00  0.00E+00
 69 23  39.95  -75.00  0.00E+00
 69 23  39.95  -75.00  0.00E+00
 69 23  39.96  -75.00  0.00E+00
 69 23  39.96  -75.00  0.00E+00
 69 23  39.97  -75.00  0.00E+00
 69 23  39.97  -75.00  0.00E+00
 69 23  39.98  -75.00  0.00E+00
 69 23  39.98  -75.00  0.00E+00
 69 23  39.99  -75.00  0.34E-08
 69 23  39.99  -75.00  0.17E-08
 69 23  40.00  -75.00  0.00E+00
 69 23  40.00  -75.00  0.84E-09
 69 23  40.01  -75.00  0.17E-08
 69 23  40.01  -75.00  0.42E-08
 69 23  40.02  -75.00  0.42E-08
 69 23  40.02  -75.00  0.19E-07
 69 23  40.03  -75.00  0.59E-08
 69 23  40.03  -75.00  0.84E-08
 69 23  40.04  -75.00  0.44E-07
 69 23  40.04  -75.00  0.23E-07
 69 23  40.05  -75.00  0.29E-07
 69 23  40.05  -75.00  0.31E-07
 69 23  40.06  -75.00  0.92E-08
 69 23  40.06  -75.00  0.42E-08
 69 23  40.07  -75.00  0.13E-07
 69 23  40.07  -75.00  0.19E-07
 69 23  40.08  -75.00  0.18E-07
 69 23  39.78  -75.00  0.00E+00
 69 23  39.78  -75.00  0.00E+00
 69 23  39.79  -75.00  0.00E+00
 69 23  39.79  -75.00  0.00E+00
 69 23  39.80  -75.00  0.00E+00
 69 23  39.80  -75.00  0.00E+00
 69 23  39.81  -75.00  0.00E+00
 69 23  39.81  -75.00  0.00E+00
 69 23  39.82  -75.00  0.00E+00
 69 23  39.82  -75.00  0.00E+00
 69 23  39.83  -75.00  0.00E+00
 69 23  39.83  -75.00  0.00E+00
 69 23  39.84  -75.00  0.00E+00
 69 23  39.84  -75.00  0.00E+00
 69 23  39.85  -75.00  0.00E+00
 69 23  39.85  -75.00  0.00E+00
 69 23  39.86  -75.00  0.00E+00
 69 23  39.86  -75.00  0.00E+00
 69 23  39.87  -75.00  0.00E+00
 69 23  39.87  -75.00  0.00E+00
 69 23  39.88  -75.00  0.00E+00
 69 23  39.88  -75.00  0.00E+00
 69 23  39.89  -75.00  0.00E+00
 69 23  39.89  -75.00  0.00E+00
 69 23  39.90  -75.00  0.00E+00
 69 23  39.90  -75.00  0.00E+00
 69 23  39.91  -75.00  0.00E+00
 69 23  39.91  -75.00  0.00E+00
 69 23  39.92  -75.00  0.00E+00
 69 23  39.92  -75.00  0.00E+00
 69 23  39.93  -75.00  0.00E+00
 69 23  39.93  -75.00  0.00E+00
 69 23  39.94  -75.00  0.00E+00
 69 23  39.94  -75.00  0.00E+00
 69 23  39.95  -75.00  0.00E+00
 69 23  39.95  -75.00  0.00E+00
 69 23  39.96  -75.00  0.00E+00
 69 23  39.96  -75.00  0.00E+00
 69 23  39.97  -75.00  0.00E+00
 69 23  39.97  -75.00  0.00E+00
 69 23  39.98  -75.00  0.00E+00
 69 23  39.98  -75.00  0.00E+00
 69 23  39.99  -75.00  0.00E+00
 69 23  39.99  -75.00  0.10E-07
 69 23  40.00  -75.00  0.00E+00
 69 23  40.00  -75.00  0.00E+00
 69 23  40.01  -75.00  0.17E-08
 69 23  40.01  -75.00  0.25E-08
 69 23  40.02  -75.00  0.25E-08
 69 23  40.02  -75.00  0.59E-08
 69 23  40.03  -75.00  0.13E-07
 69 23  40.03  -75.00  0.84E-08
 69 23  40.04  -75.00  0.13E-07
 69 23  40.04  -75.00  0.37E-07
 69 23  40.05  -75.00  0.18E-07
 69 23  40.05  -75.00  0.18E-07
 69 23  40.06  -75.00  0.25E-07
 69 23  40.06  -75.00  0.13E-07
 69 23  40.07  -75.00  0.42E-08
 69 23  40.07  -75.00  0.11E-07
 69 23  40.08  -75.00  0.20E-07
 69 23  39.78  -74.99  0.00E+00
 69 23  39.78  -74.99  0.00E+00
 69 23  39.79  -74.99  0.00E+00
 69 23  39.79  -74.99  0.00E+00
 69 23  39.80  -74.99  0.00E+00
 69 23  39.80  -74.99  0.00E+00
 69 23  39.81  -74.99  0.00E+00
 69 23  39.81  -74.99  0.00E+00
 69 23  39.82  -74.99  0.00E+00
 69 23  39.82  -74.99  0.00E+00
 69 23  39.83  -74.99  0.00E+00
 69 23  39.83  -74.99  0.00E+00
 69 23  39.84  -74.99  0.00E+00
 69 23  39.84  -74.99  0.00E+00
 69 23  39.85  -74.99  0.00E+00
 69 23  39.85  -74.99  0.00E+00
 69 23  39.86  -74.99  0.00E+00
 69 23  39.86  -74.99  0.00E+00
 69 23  39.87  -74.99  0.00E+00
 69 23  39.87  -74.99  0.00E+00
 69 23  39.88  -74.99  0.00E+00
 69 23  39.88  -74.99  0.00E+00
 69 23  39.89  -74.99  0.00E+00
 69 23  39.89  -74.99  0.00E+00
 69 23  39.90  -74.99  0.00E+00
 69 23  39.90  -74.99  0.00E+00
 69 23  39.91  -74.99  0.00E+00
 69 23  39.91  -74.99  0.00E+00
 69 23  39.92  -74.99  0.00E+00
 69 23  39.92  -74.99  0.00E+00
 69 23  39.93  -74.99  0.00E+00
 69 23  39.93  -74.99  0.00E+00
 69 23  39.94  -74.99  0.00E+00
 69 23  39.94  -74.99  0.00E+00
 69 23  39.95  -74.99  0.00E+00
 69 23  39.95  -74.99  0.00E+00
 69 23  39.96  -74.99  0.00E+00
 69 23  39.96  -74.99  0.00E+00
 69 23  39.97  -74.99  0.00E+00
 69 23  39.97  -74.99  0.00E+00
 69 23  39.98  -74.99  0.00E+00
 69 23  39.98  -74.99  0.00E+00
 69 23  39.99  -74.99  0.00E+00
 69 23  39.99  -74.99  0.84E-08
 69 23  40.00  -74.99  0.50E-08
 69 23  40.00  -74.99  0.00E+00
 69 23  40.01  -74.99  0.00E+00
 69 23  40.01  -74.99  0.25E-08
 69 23  40.02  -74.99  0.42E-08
 69 23  40.02  -74.99  0.84E-09
 69 23  40.03  -74.99  0.42E-08
 69 23  40.03  -74.99  0.13E-07
 69 23  40.04  -74.99  0.75E-08
 69 23  40.04  -74.99  0.15E-07
 69 23  40.05  -74.99  0.28E-07
 69 23  40.05  -74.99  0.17E-07
 69 23  40.06  -74.99  0.15E-07
 69 23  40.06  -74.99  0.25E-07
 69 23  40.07  -74.99  0.13E-07
 69 23  40.07  -74.99  0.75E-08
 69 23  40.08  -74.99  0.92E-08
 69 23  39.78  -74.99  0.00E+00
 69 23  39.78  -74.99  0.00E+00
 69 23  39.79  -74.99  0.00E+00
 69 23  39.79  -74.99  0.00E+00
 69 23  39.80  -74.99  0.00E+00
 69 23  39.80  -74.99  0.00E+00
 69 23  39.81  -74.99  0.00E+00
 69 23  39.81  -74.99  0.00E+00
 69 23  39.82  -74.99  0.00E+00
 69 23  39.82  -74.99  0.00E+00
 69 23  39.83  -74.99  0.00E+00
 69 23  39.83  -74.99  0.00E+00
 69 23  39.84  -74.99  0.00E+00
 69 23  39.84  -74.99  0.00E+00
 69 23  39.85  -74.99  0.00E+00
 69 23  39.85  -74.99  0.00E+00
 69 23  39.86  -74.99  0.00E+00
 69 23  39.86  -74.99  0.00E+00
 69 23  39.87  -74.99  0.00E+00
 69 23  39.87  -74.99  0.00E+00
 69 23  39.88  -74.99  0.00E+00
 69 23  39.88  -74.99  0.00E+00
 69 23  39.89  -74.99  0.00E+00
 69 23  39.89  -74.99  0.00E+00
 69 23  39.90  -74.99  0.00E+00
 69 23  39.90  -74.99  0.00E+00
 69 23  39.91  -74.99  0.00E+00
 69 23  39.91  -74.99  0.00E+00
 69 23  39.92  -74.99  0.00E+00
 69 23  39.92  -74.99  0.00E+00
 69 23  39.93  -74.99  0.00E+00
 69 23  39.93  -74.99  0.00E+00
 69 23  39.94  -74.99  0.00E+00
 69 23  39.94  -74.99  0.00E+00
 69 23  39.95  -74.99  0.00E+00
 69 23  39.95  -74.99  0.00E+00
 69 23  39.96  -74.99  0.00E+00
 69 23  39.96  -74.99  0.00E+00
 69 23  39.97  -74.99  0.00E+00
 69 23  39.97  -74.99  0.00E+00
 69 23  39.98  -74.99  0.00E+00
 69 23  39.98  -74.99  0.00E+00
 69 23  39.99  -74.99  0.00E+00
 69 23  39.99  -74.99  0.00E+00
 69 23  40.00  -74.99  0.84E-08
 69 23  40.00  -74.99  0.00E+00
 69 23  40.01  -74.99  0.00E+00
 69 23  40.01  -74.99  0.84E-09
 69 23  40.02  -74.99  0.34E-08
 69 23  40.02  -74.99  0.42E-08
 69 23  40.03  -74.99  0.84E-09
 69 23  40.03  -74.99  0.67E-08
 69 23  40.04  -74.99  0.10E-07
 69 23  40.04  -74.99  0.11E-07
 69 23  40.05  -74.99  0.16E-07
 69 23  40.05  -74.99  0.29E-07
 69 23  40.06  -74.99  0.13E-07
 69 23  40.06  -74.99  0.16E-07
 69 23  40.07  -74.99  0.21E-07
 69 23  40.07  -74.99  0.16E-07
 69 23  40.08  -74.99  0.50E-08
 69 23  39.78  -74.98  0.00E+00
 69 23  39.78  -74.98  0.00E+00
 69 23  39.79  -74.98  0.00E+00
 69 23  39.79  -74.98  0.00E+00
 69 23  39.80  -74.98  0.00E+00
 69 23  39.80  -74.98  0.00E+00
 69 23  39.81  -74.98  0.00E+00
 69 23  39.81  -74.98  0.00E+00
 69 23  39.82  -74.98  0.00E+00
 69 23  39.82  -74.98  0.00E+00
 69 23  39.83  -74.98  0.00E+00
 69 23  39.83  -74.98  0.00E+00
 69 23  39.84  -74.98  0.00E+00
 69 23  39.84  -74.98  0.00E+00
 69 23  39.85  -74.98  0.00E+00
 69 23  39.85  -74.98  0.00E+00
 69 23  39.86  -74.98  0.00E+00
 69 23  39.86  -74.98  0.00E+00
 69 23  39.87  -74.98  0.00E+00
 69 23  39.87  -74.98  0.00E+00
 69 23  39.88  -74.98  0.00E+00
 69 23  39.88  -74.98  0.00E+00
 69 23  39.89  -74.98  0.00E+00
 69 23  39.89  -74.98  0.00E+00
 69 23  39.90  -74.98  0.00E+00
 69 23  39.90  -74.98  0.00E+00
 69 23  39.91  -74.98  0.00E+00
 69 23  39.91  -74.98  0.00E+00
 69 23  39.92  -74.98  0.00E+00
 69 23  39.92  -74.98  0.00E+00
 69 23  39.93  -74.98  0.00E+00
 69 23  39.93  -74.98  0.00E+00
 69 23  39.94  -74.98  0.00E+00
 69 23  39.94  -74.98  0.00E+00
 69 23  39.95  -74.98  0.00E+00
 69 23  39.95  -74.98  0.00E+00
 69 23  39.96  -74.98  0.00E+00
 69 23  39.96  -74.98  0.00E+00
 69 23  39.97  -74.98  0.00E+00
 69 23  39.97  -74.98  0.00E+00
 69 23  39.98  -74.98  0.00E+00
 69 23  39.98  -74.98  0.00E+00
 69 23  39.99  -74.98  0.00E+00
 69 23  39.99  -74.98  0.00E+00
 69 23  40.00  -74.98  0.00E+00
 69 23  40.00  -74.98  0.00E+00
 69 23  40.01  -74.98  0.00E+00
 69 23  40.01  -74.98  0.00E+00
 69 23  40.02  -74.98  0.25E-08
 69 23  40.02  -74.98  0.34E-08
 69 23  40.03  -74.98  0.42E-08
 69 23  40.03  -74.98  0.25E-08
 69 23  40.04  -74.98  0.84E-08
 69 23  40.04  -74.98  0.18E-07
 69 23  40.05  -74.98  0.13E-07
 69 23  40.05  -74.98  0.15E-07
 69 23  40.06  -74.98  0.23E-07
 69 23  40.06  -74.98  0.42E-08
 69 23  40.07  -74.98  0.11E-07
 69 23  40.07  -74.98  0.15E-07
 69 23  40.08  -74.98  0.18E-07
 69 23  39.78  -74.98  0.00E+00
 69 23  39.78  -74.98  0.00E+00
 69 23  39.79  -74.98  0.00E+00
 69 23  39.79  -74.98  0.00E+00
 69 23  39.80  -74.98  0.00E+00
 69 23  39.80  -74.98  0.00E+00
 69 23  39.81  -74.98  0.00E+00
 69 23  39.81  -74.98  0.00E+00
 69 23  39.82  -74.98  0.00E+00
 69 23  39.82  -74.98  0.00E+00
 69 23  39.83  -74.98  0.00E+00
 69 23  39.83  -74.98  0.00E+00
 69 23  39.84  -74.98  0.00E+00
 69 23  39.84  -74.98  0.00E+00
 69 23  39.85  -74.98  0.00E+00
 69 23  39.85  -74.98  0.00E+00
 69 23  39.86  -74.98  0.00E+00
 69 23  39.86  -74.98  0.00E+00
 69 23  39.87  -74.98  0.00E+00
 69 23  39.87  -74.98  0.00E+00
 69 23  39.88  -74.98  0.00E+00
 69 23  39.88  -74.98  0.00E+00
 69 23  39.89  -74.98  0.00E+00
 69 23  39.89  -74.98  0.00E+00
 69 23  39.90  -74.98  0.00E+00
 69 23  39.90  -74.98  0.00E+00
 69 23  39.91  -74.98  0.00E+00
 69 23  39.91  -74.98  0.00E+00
 69 23  39.92  -74.98  0.00E+00
 69 23  39.92  -74.98  0.00E+00
 69 23  39.93  -74.98  0.00E+00
 69 23  39.93  -74.98  0.00E+00
 69 23  39.94  -74.98  0.00E+00
 69 23  39.94  -74.98  0.00E+00
 69 23  39.95  -74.98  0.00E+00
 69 23  39.95  -74.98  0.00E+00
 69 23  39.96  -74.98  0.00E+00
 69 23  39.96  -74.98  0.00E+00
 69 23  39.97  -74.98  0.00E+00
 69 23  39.97  -74.98  0.00E+00
 69 23  39.98  -74.98  0.00E+00
 69 23  39.98  -74.98  0.00E+00
 69 23  39.99  -74.98  0.00E+00
 69 23  39.99  -74.98  0.00E+00
 69 23  40.00  -74.98  0.00E+00
 69 23  40.00  -74.98  0.00E+00
 69 23  40.01  -74.98  0.00E+00
 69 23  40.01  -74.98  0.00E+00
 69 23  40.02  -74.98  0.00E+00
 69 23  40.02  -74.98  0.00E+00
 69 23  40.03  -74.98  0.42E-08
 69 23  40.03  -74.98  0.34E-08
 69 23  40.04  -74.98  0.36E-08
 69 23  40.04  -74.98  0.11E-07
 69 23  40.05  -74.98  0.16E-07
 69 23  40.05  -74.98  0.10E-07
 69 23  40.06  -74.98  0.10E-07
 69 23  40.06  -74.98  0.17E-07
 69 23  40.07  -74.98  0.34E-08
 69 23  40.07  -74.98  0.16E-07
 69 23  40.08  -74.98  0.14E-07
