{
"type": "FeatureCollection",
"name": "hysplit_trajectory_points",
"crs": { "type": "name", "properties": { "name": "urn:ogc:def:crs:EPSG::4269" } },
"features": [
{ "type": "Feature", "properties": { "id": 1000, "traj_num": 1, "datetime_utc": "2025-02-21 22:00:00", "level_m": 50.0, "datetime_eastern": "2025-02-21 17:00:00", "hour_eastern": "05:00 PM" }, "geometry": { "type": "Point", "coordinates": [ -75.13, 39.927 ] } },
{ "type": "Feature", "properties": { "id": 1001, "traj_num": 1, "datetime_utc": "2025-02-21 23:00:00", "level_m": 49.0, "datetime_eastern": "2025-02-21 18:00:00", "hour_eastern": "06:00 PM" }, "geometry": { "type": "Point", "coordinates": [ -74.919, 39.766 ] } },
{ "type": "Feature", "properties": { "id": 1002, "traj_num": 1, "datetime_utc": "2025-02-22 00:00:00", "level_m": 46.0, "datetime_eastern": "2025-02-21 19:00:00", "hour_eastern": "07:00 PM" }, "geometry": { "type": "Point", "coordinates": [ -74.682, 39.586 ] } },
{ "type": "Feature", "properties": { "id": 1003, "traj_num": 1, "datetime_utc": "2025-02-22 01:00:00", "level_m": 43.0, "datetime_eastern": "2025-02-21 20:00:00", "hour_eastern": "08:00 PM" }, "geometry": { "type": "Point", "coordinates": [ -74.413, 39.37 ] } },
{ "type": "Feature", "properties": { "id": 1004, "traj_num": 1, "datetime_utc": "2025-02-22 02:00:00", "level_m": 40.0, "datetime_eastern": "2025-02-21 21:00:00", "hour_eastern": "09:00 PM" }, "geometry": { "type": "Point", "coordinates": [ -74.121, 39.116 ] } },
{ "type": "Feature", "properties": { "id": 1005, "traj_num": 1, "datetime_utc": "2025-02-22 03:00:00", "level_m": 39.0, "datetime_eastern": "2025-02-21 22:00:00", "hour_eastern": "10:00 PM" }, "geometry": { "type": "Point", "coordinates": [ -73.825, 38.83 ] } },
{ "type": "Feature", "properties": { "id": 1006, "traj_num": 1, "datetime_utc": "2025-02-22 04:00:00", "level_m": 39.0, "datetime_eastern": "2025-02-21 23:00:00", "hour_eastern": "11:00 PM" }, "geometry": { "type": "Point", "coordinates": [ -73.539, 38.532 ] } },
{ "type": "Feature", "properties": { "id": 1007, "traj_num": 1, "datetime_utc": "2025-02-22 05:00:00", "level_m": 41.0, "datetime_eastern": "2025-02-22 00:00:00", "hour_eastern": "12:00 AM" }, "geometry": { "type": "Point", "coordinates": [ -73.271, 38.239 ] } },
{ "type": "Feature", "properties": { "id": 1008, "traj_num": 1, "datetime_utc": "2025-02-22 06:00:00", "level_m": 43.0, "datetime_eastern": "2025-02-22 01:00:00", "hour_eastern": "01:00 AM" }, "geometry": { "type": "Point", "coordinates": [ -73.034, 37.958 ] } },
{ "type": "Feature", "properties": { "id": 1009, "traj_num": 1, "datetime_utc": "2025-02-22 07:00:00", "level_m": 45.0, "datetime_eastern": "2025-02-22 02:00:00", "hour_eastern": "02:00 AM" }, "geometry": { "type": "Point", "coordinates": [ -72.804, 37.684 ] } },
{ "type": "Feature", "properties": { "id": 1010, "traj_num": 1, "datetime_utc": "2025-02-22 08:00:00", "level_m": 45.0, "datetime_eastern": "2025-02-22 03:00:00", "hour_eastern": "03:00 AM" }, "geometry": { "type": "Point", "coordinates": [ -72.557, 37.414 ] } },
{ "type": "Feature", "properties": { "id": 1011, "traj_num": 1, "datetime_utc": "2025-02-22 09:00:00", "level_m": 45.0, "datetime_eastern": "2025-02-22 04:00:00", "hour_eastern": "04:00 AM" }, "geometry": { "type": "Point", "coordinates": [ -72.304, 37.148 ] } },
{ "type": "Feature", "properties": { "id": 1012, "traj_num": 1, "datetime_utc": "2025-02-22 10:00:00", "level_m": 45.0, "datetime_eastern": "2025-02-22 05:00:00", "hour_eastern": "05:00 AM" }, "geometry": { "type": "Point", "coordinates": [ -72.053, 36.884 ] } },
{ "type": "Feature", "properties": { "id": 1013, "traj_num": 1, "datetime_utc": "2025-02-22 11:00:00", "level_m": 46.0, "datetime_eastern": "2025-02-22 06:00:00", "hour_eastern": "06:00 AM" }, "geometry": { "type": "Point", "coordinates": [ -71.803, 36.618 ] } },
{ "type": "Feature", "properties": { "id": 1014, "traj_num": 1, "datetime_utc": "2025-02-22 12:00:00", "level_m": 48.0, "datetime_eastern": "2025-02-22 07:00:00", "hour_eastern": "07:00 AM" }, "geometry": { "type": "Point", "coordinates": [ -71.55, 36.35 ] } },
{ "type": "Feature", "properties": { "id": 1015, "traj_num": 1, "datetime_utc": "2025-02-22 13:00:00", "level_m": 51.0, "datetime_eastern": "2025-02-22 08:00:00", "hour_eastern": "08:00 AM" }, "geometry": { "type": "Point", "coordinates": [ -71.299, 36.088 ] } },
{ "type": "Feature", "properties": { "id": 1016, "traj_num": 1, "datetime_utc": "2025-02-22 14:00:00", "level_m": 54.0, "datetime_eastern": "2025-02-22 09:00:00", "hour_eastern": "09:00 AM" }, "geometry": { "type": "Point", "coordinates": [ -71.059, 35.841 ] } },
{ "type": "Feature", "properties": { "id": 1017, "traj_num": 1, "datetime_utc": "2025-02-22 15:00:00", "level_m": 53.0, "datetime_eastern": "2025-02-22 10:00:00", "hour_eastern": "10:00 AM" }, "geometry": { "type": "Point", "coordinates": [ -70.836, 35.606 ] } },
{ "type": "Feature", "properties": { "id": 1018, "traj_num": 1, "datetime_utc": "2025-02-22 16:00:00", "level_m": 53.0, "datetime_eastern": "2025-02-22 11:00:00", "hour_eastern": "11:00 AM" }, "geometry": { "type": "Point", "coordinates": [ -70.626, 35.387 ] } },
{ "type": "Feature", "properties": { "id": 1019, "traj_num": 1, "datetime_utc": "2025-02-22 17:00:00", "level_m": 55.0, "datetime_eastern": "2025-02-22 12:00:00", "hour_eastern": "12:00 PM" }, "geometry": { "type": "Point", "coordinates": [ -70.415, 35.186 ] } },
{ "type": "Feature", "properties": { "id": 1020, "traj_num": 1, "datetime_utc": "2025-02-22 18:00:00", "level_m": 62.0, "datetime_eastern": "2025-02-22 13:00:00", "hour_eastern": "01:00 PM" }, "geometry": { "type": "Point", "coordinates": [ -70.197, 35.003 ] } },
{ "type": "Feature", "properties": { "id": 1021, "traj_num": 1, "datetime_utc": "2025-02-22 19:00:00", "level_m": 72.0, "datetime_eastern": "2025-02-22 14:00:00", "hour_eastern": "02:00 PM" }, "geometry": { "type": "Point", "coordinates": [ -69.979, 34.831 ] } },
{ "type": "Feature", "properties": { "id": 1022, "traj_num": 1, "datetime_utc": "2025-02-22 20:00:00", "level_m": 79.0, "datetime_eastern": "2025-02-22 15:00:00", "hour_eastern": "03:00 PM" }, "geometry": { "type": "Point", "coordinates": [ -69.778, 34.663 ] } },
{ "type": "Feature", "properties": { "id": 1023, "traj_num": 1, "datetime_utc": "2025-02-22 21:00:00", "level_m": 81.0, "datetime_eastern": "2025-02-22 16:00:00", "hour_eastern": "04:00 PM" }, "geometry": { "type": "Point", "coordinates": [ -69.596, 34.502 ] } },
{ "type": "Feature", "properties": { "id": 1024, "traj_num": 1, "datetime_utc": "2025-02-22 22:00:00", "level_m": 80.0, "datetime_eastern": "2025-02-22 17:00:00", "hour_eastern": "05:00 PM" }, "geometry": { "type": "Point", "coordinates": [ -69.428, 34.359 ] } },
{ "type": "Feature", "properties": { "id": 2000, "traj_num": 2, "datetime_utc": "2025-02-21 22:00:00", "level_m": 50.0, "datetime_eastern": "2025-02-21 17:00:00", "hour_eastern": "05:00 PM" }, "geometry": { "type": "Point", "coordinates": [ -75.13, 39.927 ] } },
{ "type": "Feature", "properties": { "id": 2002, "traj_num": 2, "datetime_utc": "2025-02-22 00:00:00", "level_m": 51.0, "datetime_eastern": "2025-02-21 19:00:00", "hour_eastern": "07:00 PM" }, "geometry": { "type": "Point", "coordinates": [ -74.925, 39.77 ] } },
{ "type": "Feature", "properties": { "id": 2003, "traj_num": 2, "datetime_utc": "2025-02-22 01:00:00", "level_m": 49.0, "datetime_eastern": "2025-02-21 20:00:00", "hour_eastern": "08:00 PM" }, "geometry": { "type": "Point", "coordinates": [ -74.697, 39.591 ] } },
{ "type": "Feature", "properties": { "id": 2004, "traj_num": 2, "datetime_utc": "2025-02-22 02:00:00", "level_m": 45.0, "datetime_eastern": "2025-02-21 21:00:00", "hour_eastern": "09:00 PM" }, "geometry": { "type": "Point", "coordinates": [ -74.44, 39.374 ] } },
{ "type": "Feature", "properties": { "id": 2005, "traj_num": 2, "datetime_utc": "2025-02-22 03:00:00", "level_m": 42.0, "datetime_eastern": "2025-02-21 22:00:00", "hour_eastern": "10:00 PM" }, "geometry": { "type": "Point", "coordinates": [ -74.165, 39.12 ] } },
{ "type": "Feature", "properties": { "id": 2006, "traj_num": 2, "datetime_utc": "2025-02-22 04:00:00", "level_m": 41.0, "datetime_eastern": "2025-02-21 23:00:00", "hour_eastern": "11:00 PM" }, "geometry": { "type": "Point", "coordinates": [ -73.888, 38.841 ] } },
{ "type": "Feature", "properties": { "id": 2007, "traj_num": 2, "datetime_utc": "2025-02-22 05:00:00", "level_m": 41.0, "datetime_eastern": "2025-02-22 00:00:00", "hour_eastern": "12:00 AM" }, "geometry": { "type": "Point", "coordinates": [ -73.623, 38.556 ] } },
{ "type": "Feature", "properties": { "id": 2008, "traj_num": 2, "datetime_utc": "2025-02-22 06:00:00", "level_m": 43.0, "datetime_eastern": "2025-02-22 01:00:00", "hour_eastern": "01:00 AM" }, "geometry": { "type": "Point", "coordinates": [ -73.378, 38.276 ] } },
{ "type": "Feature", "properties": { "id": 2009, "traj_num": 2, "datetime_utc": "2025-02-22 07:00:00", "level_m": 45.0, "datetime_eastern": "2025-02-22 02:00:00", "hour_eastern": "02:00 AM" }, "geometry": { "type": "Point", "coordinates": [ -73.15, 38.005 ] } },
{ "type": "Feature", "properties": { "id": 2010, "traj_num": 2, "datetime_utc": "2025-02-22 08:00:00", "level_m": 46.0, "datetime_eastern": "2025-02-22 03:00:00", "hour_eastern": "03:00 AM" }, "geometry": { "type": "Point", "coordinates": [ -72.922, 37.74 ] } },
{ "type": "Feature", "properties": { "id": 2011, "traj_num": 2, "datetime_utc": "2025-02-22 09:00:00", "level_m": 46.0, "datetime_eastern": "2025-02-22 04:00:00", "hour_eastern": "04:00 AM" }, "geometry": { "type": "Point", "coordinates": [ -72.684, 37.481 ] } },
{ "type": "Feature", "properties": { "id": 2012, "traj_num": 2, "datetime_utc": "2025-02-22 10:00:00", "level_m": 46.0, "datetime_eastern": "2025-02-22 05:00:00", "hour_eastern": "05:00 AM" }, "geometry": { "type": "Point", "coordinates": [ -72.445, 37.223 ] } },
{ "type": "Feature", "properties": { "id": 2013, "traj_num": 2, "datetime_utc": "2025-02-22 11:00:00", "level_m": 46.0, "datetime_eastern": "2025-02-22 06:00:00", "hour_eastern": "06:00 AM" }, "geometry": { "type": "Point", "coordinates": [ -72.212, 36.961 ] } },
{ "type": "Feature", "properties": { "id": 2014, "traj_num": 2, "datetime_utc": "2025-02-22 12:00:00", "level_m": 47.0, "datetime_eastern": "2025-02-22 07:00:00", "hour_eastern": "07:00 AM" }, "geometry": { "type": "Point", "coordinates": [ -71.983, 36.697 ] } },
{ "type": "Feature", "properties": { "id": 2015, "traj_num": 2, "datetime_utc": "2025-02-22 13:00:00", "level_m": 48.0, "datetime_eastern": "2025-02-22 08:00:00", "hour_eastern": "08:00 AM" }, "geometry": { "type": "Point", "coordinates": [ -71.76, 36.44 ] } },
{ "type": "Feature", "properties": { "id": 2016, "traj_num": 2, "datetime_utc": "2025-02-22 14:00:00", "level_m": 49.0, "datetime_eastern": "2025-02-22 09:00:00", "hour_eastern": "09:00 AM" }, "geometry": { "type": "Point", "coordinates": [ -71.547, 36.199 ] } },
{ "type": "Feature", "properties": { "id": 2017, "traj_num": 2, "datetime_utc": "2025-02-22 15:00:00", "level_m": 48.0, "datetime_eastern": "2025-02-22 10:00:00", "hour_eastern": "10:00 AM" }, "geometry": { "type": "Point", "coordinates": [ -71.344, 35.972 ] } },
{ "type": "Feature", "properties": { "id": 2018, "traj_num": 2, "datetime_utc": "2025-02-22 16:00:00", "level_m": 47.0, "datetime_eastern": "2025-02-22 11:00:00", "hour_eastern": "11:00 AM" }, "geometry": { "type": "Point", "coordinates": [ -71.144, 35.759 ] } },
{ "type": "Feature", "properties": { "id": 2019, "traj_num": 2, "datetime_utc": "2025-02-22 17:00:00", "level_m": 46.0, "datetime_eastern": "2025-02-22 12:00:00", "hour_eastern": "12:00 PM" }, "geometry": { "type": "Point", "coordinates": [ -70.941, 35.563 ] } },
{ "type": "Feature", "properties": { "id": 2020, "traj_num": 2, "datetime_utc": "2025-02-22 18:00:00", "level_m": 47.0, "datetime_eastern": "2025-02-22 13:00:00", "hour_eastern": "01:00 PM" }, "geometry": { "type": "Point", "coordinates": [ -70.736, 35.382 ] } },
{ "type": "Feature", "properties": { "id": 2021, "traj_num": 2, "datetime_utc": "2025-02-22 19:00:00", "level_m": 50.0, "datetime_eastern": "2025-02-22 14:00:00", "hour_eastern": "02:00 PM" }, "geometry": { "type": "Point", "coordinates": [ -70.53, 35.216 ] } },
{ "type": "Feature", "properties": { "id": 2022, "traj_num": 2, "datetime_utc": "2025-02-22 20:00:00", "level_m": 55.0, "datetime_eastern": "2025-02-22 15:00:00", "hour_eastern": "03:00 PM" }, "geometry": { "type": "Point", "coordinates": [ -70.329, 35.062 ] } },
{ "type": "Feature", "properties": { "id": 2023, "traj_num": 2, "datetime_utc": "2025-02-22 21:00:00", "level_m": 59.0, "datetime_eastern": "2025-02-22 16:00:00", "hour_eastern": "04:00 PM" }, "geometry": { "type": "Point", "coordinates": [ -70.137, 34.915 ] } },
{ "type": "Feature", "properties": { "id": 2024, "traj_num": 2, "datetime_utc": "2025-02-22 22:00:00", "level_m": 59.0, "datetime_eastern": "2025-02-22 17:00:00", "hour_eastern": "05:00 PM" }, "geometry": { "type": "Point", "coordinates": [ -69.951, 34.785 ] } },
{ "type": "Feature", "properties": { "id": 2025, "traj_num": 2, "datetime_utc": "2025-02-22 23:00:00", "level_m": 55.0, "datetime_eastern": "2025-02-22 18:00:00", "hour_eastern": "06:00 PM" }, "geometry": { "type": "Point", "coordinates": [ -69.769, 34.678 ] } },
{ "type": "Feature", "properties": { "id": 3000, "traj_num": 3, "datetime_utc": "2025-02-21 22:00:00", "level_m": 50.0, "datetime_eastern": "2025-02-21 17:00:00", "hour_eastern": "05:00 PM" }, "geometry": { "type": "Point", "coordinates": [ -75.13, 39.927 ] } },
{ "type": "Feature", "properties": { "id": 3003, "traj_num": 3, "datetime_utc": "2025-02-22 01:00:00", "level_m": 51.0, "datetime_eastern": "2025-02-21 20:00:00", "hour_eastern": "08:00 PM" }, "geometry": { "type": "Point", "coordinates": [ -74.933, 39.773 ] } },
{ "type": "Feature", "properties": { "id": 3004, "traj_num": 3, "datetime_utc": "2025-02-22 02:00:00", "level_m": 48.0, "datetime_eastern": "2025-02-21 21:00:00", "hour_eastern": "09:00 PM" }, "geometry": { "type": "Point", "coordinates": [ -74.718, 39.595 ] } },
{ "type": "Feature", "properties": { "id": 3005, "traj_num": 3, "datetime_utc": "2025-02-22 03:00:00", "level_m": 44.0, "datetime_eastern": "2025-02-21 22:00:00", "hour_eastern": "10:00 PM" }, "geometry": { "type": "Point", "coordinates": [ -74.476, 39.379 ] } },
{ "type": "Feature", "properties": { "id": 3006, "traj_num": 3, "datetime_utc": "2025-02-22 04:00:00", "level_m": 41.0, "datetime_eastern": "2025-02-21 23:00:00", "hour_eastern": "11:00 PM" }, "geometry": { "type": "Point", "coordinates": [ -74.216, 39.131 ] } },
{ "type": "Feature", "properties": { "id": 3007, "traj_num": 3, "datetime_utc": "2025-02-22 05:00:00", "level_m": 40.0, "datetime_eastern": "2025-02-22 00:00:00", "hour_eastern": "12:00 AM" }, "geometry": { "type": "Point", "coordinates": [ -73.959, 38.865 ] } },
{ "type": "Feature", "properties": { "id": 3008, "traj_num": 3, "datetime_utc": "2025-02-22 06:00:00", "level_m": 40.0, "datetime_eastern": "2025-02-22 01:00:00", "hour_eastern": "01:00 AM" }, "geometry": { "type": "Point", "coordinates": [ -73.715, 38.593 ] } },
{ "type": "Feature", "properties": { "id": 3009, "traj_num": 3, "datetime_utc": "2025-02-22 07:00:00", "level_m": 41.0, "datetime_eastern": "2025-02-22 02:00:00", "hour_eastern": "02:00 AM" }, "geometry": { "type": "Point", "coordinates": [ -73.478, 38.325 ] } },
{ "type": "Feature", "properties": { "id": 3010, "traj_num": 3, "datetime_utc": "2025-02-22 08:00:00", "level_m": 42.0, "datetime_eastern": "2025-02-22 03:00:00", "hour_eastern": "03:00 AM" }, "geometry": { "type": "Point", "coordinates": [ -73.244, 38.061 ] } },
{ "type": "Feature", "properties": { "id": 3011, "traj_num": 3, "datetime_utc": "2025-02-22 09:00:00", "level_m": 43.0, "datetime_eastern": "2025-02-22 04:00:00", "hour_eastern": "04:00 AM" }, "geometry": { "type": "Point", "coordinates": [ -73.014, 37.806 ] } },
{ "type": "Feature", "properties": { "id": 3012, "traj_num": 3, "datetime_utc": "2025-02-22 10:00:00", "level_m": 43.0, "datetime_eastern": "2025-02-22 05:00:00", "hour_eastern": "05:00 AM" }, "geometry": { "type": "Point", "coordinates": [ -72.787, 37.554 ] } },
{ "type": "Feature", "properties": { "id": 3013, "traj_num": 3, "datetime_utc": "2025-02-22 11:00:00", "level_m": 42.0, "datetime_eastern": "2025-02-22 06:00:00", "hour_eastern": "06:00 AM" }, "geometry": { "type": "Point", "coordinates": [ -72.566, 37.302 ] } },
{ "type": "Feature", "properties": { "id": 3014, "traj_num": 3, "datetime_utc": "2025-02-22 12:00:00", "level_m": 42.0, "datetime_eastern": "2025-02-22 07:00:00", "hour_eastern": "07:00 AM" }, "geometry": { "type": "Point", "coordinates": [ -72.353, 37.045 ] } },
{ "type": "Feature", "properties": { "id": 3015, "traj_num": 3, "datetime_utc": "2025-02-22 13:00:00", "level_m": 42.0, "datetime_eastern": "2025-02-22 08:00:00", "hour_eastern": "08:00 AM" }, "geometry": { "type": "Point", "coordinates": [ -72.15, 36.795 ] } },
{ "type": "Feature", "properties": { "id": 3016, "traj_num": 3, "datetime_utc": "2025-02-22 14:00:00", "level_m": 42.0, "datetime_eastern": "2025-02-22 09:00:00", "hour_eastern": "09:00 AM" }, "geometry": { "type": "Point", "coordinates": [ -71.962, 36.563 ] } },
{ "type": "Feature", "properties": { "id": 3017, "traj_num": 3, "datetime_utc": "2025-02-22 15:00:00", "level_m": 41.0, "datetime_eastern": "2025-02-22 10:00:00", "hour_eastern": "10:00 AM" }, "geometry": { "type": "Point", "coordinates": [ -71.787, 36.347 ] } },
{ "type": "Feature", "properties": { "id": 3018, "traj_num": 3, "datetime_utc": "2025-02-22 16:00:00", "level_m": 40.0, "datetime_eastern": "2025-02-22 11:00:00", "hour_eastern": "11:00 AM" }, "geometry": { "type": "Point", "coordinates": [ -71.61, 36.147 ] } },
{ "type": "Feature", "properties": { "id": 3019, "traj_num": 3, "datetime_utc": "2025-02-22 17:00:00", "level_m": 40.0, "datetime_eastern": "2025-02-22 12:00:00", "hour_eastern": "12:00 PM" }, "geometry": { "type": "Point", "coordinates": [ -71.422, 35.962 ] } },
{ "type": "Feature", "properties": { "id": 3020, "traj_num": 3, "datetime_utc": "2025-02-22 18:00:00", "level_m": 40.0, "datetime_eastern": "2025-02-22 13:00:00", "hour_eastern": "01:00 PM" }, "geometry": { "type": "Point", "coordinates": [ -71.226, 35.791 ] } },
{ "type": "Feature", "properties": { "id": 3021, "traj_num": 3, "datetime_utc": "2025-02-22 19:00:00", "level_m": 40.0, "datetime_eastern": "2025-02-22 14:00:00", "hour_eastern": "02:00 PM" }, "geometry": { "type": "Point", "coordinates": [ -71.031, 35.635 ] } },
{ "type": "Feature", "properties": { "id": 3022, "traj_num": 3, "datetime_utc": "2025-02-22 20:00:00", "level_m": 42.0, "datetime_eastern": "2025-02-22 15:00:00", "hour_eastern": "03:00 PM" }, "geometry": { "type": "Point", "coordinates": [ -70.841, 35.491 ] } },
{ "type": "Feature", "properties": { "id": 3023, "traj_num": 3, "datetime_utc": "2025-02-22 21:00:00", "level_m": 46.0, "datetime_eastern": "2025-02-22 16:00:00", "hour_eastern": "04:00 PM" }, "geometry": { "type": "Point", "coordinates": [ -70.655, 35.358 ] } },
{ "type": "Feature", "properties": { "id": 3024, "traj_num": 3, "datetime_utc": "2025-02-22 22:00:00", "level_m": 48.0, "datetime_eastern": "2025-02-22 17:00:00", "hour_eastern": "05:00 PM" }, "geometry": { "type": "Point", "coordinates": [ -70.47, 35.241 ] } },
{ "type": "Feature", "properties": { "id": 3025, "traj_num": 3, "datetime_utc": "2025-02-22 23:00:00", "level_m": 47.0, "datetime_eastern": "2025-02-22 18:00:00", "hour_eastern": "06:00 PM" }, "geometry": { "type": "Point", "coordinates": [ -70.282, 35.147 ] } },
{ "type": "Feature", "properties": { "id": 3026, "traj_num": 3, "datetime_utc": "2025-02-23 00:00:00", "level_m": 41.0, "datetime_eastern": "2025-02-22 19:00:00", "hour_eastern": "07:00 PM" }, "geometry": { "type": "Point", "coordinates": [ -70.094, 35.078 ] } },
{ "type": "Feature", "properties": { "id": 4000, "traj_num": 4, "datetime_utc": "2025-02-21 22:00:00", "level_m": 50.0, "datetime_eastern": "2025-02-21 17:00:00", "hour_eastern": "05:00 PM" }, "geometry": { "type": "Point", "coordinates": [ -75.13, 39.927 ] } },
{ "type": "Feature", "properties": { "id": 4004, "traj_num": 4, "datetime_utc": "2025-02-22 02:00:00", "level_m": 50.0, "datetime_eastern": "2025-02-21 21:00:00", "hour_eastern": "09:00 PM" }, "geometry": { "type": "Point", "coordinates": [ -74.947, 39.776 ] } },
{ "type": "Feature", "properties": { "id": 4005, "traj_num": 4, "datetime_utc": "2025-02-22 03:00:00", "level_m": 47.0, "datetime_eastern": "2025-02-21 22:00:00", "hour_eastern": "10:00 PM" }, "geometry": { "type": "Point", "coordinates": [ -74.747, 39.6 ] } },
{ "type": "Feature", "properties": { "id": 4006, "traj_num": 4, "datetime_utc": "2025-02-22 04:00:00", "level_m": 43.0, "datetime_eastern": "2025-02-21 23:00:00", "hour_eastern": "11:00 PM" }, "geometry": { "type": "Point", "coordinates": [ -74.518, 39.391 ] } },
{ "type": "Feature", "properties": { "id": 4007, "traj_num": 4, "datetime_utc": "2025-02-22 05:00:00", "level_m": 39.0, "datetime_eastern": "2025-02-22 00:00:00", "hour_eastern": "12:00 AM" }, "geometry": { "type": "Point", "coordinates": [ -74.273, 39.155 ] } },
{ "type": "Feature", "properties": { "id": 4008, "traj_num": 4, "datetime_utc": "2025-02-22 06:00:00", "level_m": 38.0, "datetime_eastern": "2025-02-22 01:00:00", "hour_eastern": "01:00 AM" }, "geometry": { "type": "Point", "coordinates": [ -74.033, 38.902 ] } },
{ "type": "Feature", "properties": { "id": 4009, "traj_num": 4, "datetime_utc": "2025-02-22 07:00:00", "level_m": 38.0, "datetime_eastern": "2025-02-22 02:00:00", "hour_eastern": "02:00 AM" }, "geometry": { "type": "Point", "coordinates": [ -73.798, 38.643 ] } },
{ "type": "Feature", "properties": { "id": 4010, "traj_num": 4, "datetime_utc": "2025-02-22 08:00:00", "level_m": 38.0, "datetime_eastern": "2025-02-22 03:00:00", "hour_eastern": "03:00 AM" }, "geometry": { "type": "Point", "coordinates": [ -73.557, 38.383 ] } },
{ "type": "Feature", "properties": { "id": 4011, "traj_num": 4, "datetime_utc": "2025-02-22 09:00:00", "level_m": 38.0, "datetime_eastern": "2025-02-22 04:00:00", "hour_eastern": "04:00 AM" }, "geometry": { "type": "Point", "coordinates": [ -73.316, 38.128 ] } },
{ "type": "Feature", "properties": { "id": 4012, "traj_num": 4, "datetime_utc": "2025-02-22 10:00:00", "level_m": 38.0, "datetime_eastern": "2025-02-22 05:00:00", "hour_eastern": "05:00 AM" }, "geometry": { "type": "Point", "coordinates": [ -73.089, 37.88 ] } },
{ "type": "Feature", "properties": { "id": 4013, "traj_num": 4, "datetime_utc": "2025-02-22 11:00:00", "level_m": 38.0, "datetime_eastern": "2025-02-22 06:00:00", "hour_eastern": "06:00 AM" }, "geometry": { "type": "Point", "coordinates": [ -72.879, 37.637 ] } },
{ "type": "Feature", "properties": { "id": 4014, "traj_num": 4, "datetime_utc": "2025-02-22 12:00:00", "level_m": 38.0, "datetime_eastern": "2025-02-22 07:00:00", "hour_eastern": "07:00 AM" }, "geometry": { "type": "Point", "coordinates": [ -72.678, 37.391 ] } },
{ "type": "Feature", "properties": { "id": 4015, "traj_num": 4, "datetime_utc": "2025-02-22 13:00:00", "level_m": 38.0, "datetime_eastern": "2025-02-22 08:00:00", "hour_eastern": "08:00 AM" }, "geometry": { "type": "Point", "coordinates": [ -72.487, 37.152 ] } },
{ "type": "Feature", "properties": { "id": 4016, "traj_num": 4, "datetime_utc": "2025-02-22 14:00:00", "level_m": 37.0, "datetime_eastern": "2025-02-22 09:00:00", "hour_eastern": "09:00 AM" }, "geometry": { "type": "Point", "coordinates": [ -72.311, 36.93 ] } },
{ "type": "Feature", "properties": { "id": 4017, "traj_num": 4, "datetime_utc": "2025-02-22 15:00:00", "level_m": 36.0, "datetime_eastern": "2025-02-22 10:00:00", "hour_eastern": "10:00 AM" }, "geometry": { "type": "Point", "coordinates": [ -72.152, 36.726 ] } },
{ "type": "Feature", "properties": { "id": 4018, "traj_num": 4, "datetime_utc": "2025-02-22 16:00:00", "level_m": 35.0, "datetime_eastern": "2025-02-22 11:00:00", "hour_eastern": "11:00 AM" }, "geometry": { "type": "Point", "coordinates": [ -71.995, 36.54 ] } },
{ "type": "Feature", "properties": { "id": 4019, "traj_num": 4, "datetime_utc": "2025-02-22 17:00:00", "level_m": 34.0, "datetime_eastern": "2025-02-22 12:00:00", "hour_eastern": "12:00 PM" }, "geometry": { "type": "Point", "coordinates": [ -71.823, 36.37 ] } },
{ "type": "Feature", "properties": { "id": 4020, "traj_num": 4, "datetime_utc": "2025-02-22 18:00:00", "level_m": 34.0, "datetime_eastern": "2025-02-22 13:00:00", "hour_eastern": "01:00 PM" }, "geometry": { "type": "Point", "coordinates": [ -71.637, 36.215 ] } },
{ "type": "Feature", "properties": { "id": 4021, "traj_num": 4, "datetime_utc": "2025-02-22 19:00:00", "level_m": 34.0, "datetime_eastern": "2025-02-22 14:00:00", "hour_eastern": "02:00 PM" }, "geometry": { "type": "Point", "coordinates": [ -71.447, 36.071 ] } },
{ "type": "Feature", "properties": { "id": 4022, "traj_num": 4, "datetime_utc": "2025-02-22 20:00:00", "level_m": 34.0, "datetime_eastern": "2025-02-22 15:00:00", "hour_eastern": "03:00 PM" }, "geometry": { "type": "Point", "coordinates": [ -71.26, 35.94 ] } },
{ "type": "Feature", "properties": { "id": 4023, "traj_num": 4, "datetime_utc": "2025-02-22 21:00:00", "level_m": 36.0, "datetime_eastern": "2025-02-22 16:00:00", "hour_eastern": "04:00 PM" }, "geometry": { "type": "Point", "coordinates": [ -71.076, 35.822 ] } },
{ "type": "Feature", "properties": { "id": 4024, "traj_num": 4, "datetime_utc": "2025-02-22 22:00:00", "level_m": 37.0, "datetime_eastern": "2025-02-22 17:00:00", "hour_eastern": "05:00 PM" }, "geometry": { "type": "Point", "coordinates": [ -70.892, 35.721 ] } },
{ "type": "Feature", "properties": { "id": 4025, "traj_num": 4, "datetime_utc": "2025-02-22 23:00:00", "level_m": 37.0, "datetime_eastern": "2025-02-22 18:00:00", "hour_eastern": "06:00 PM" }, "geometry": { "type": "Point", "coordinates": [ -70.702, 35.638 ] } },
{ "type": "Feature", "properties": { "id": 4026, "traj_num": 4, "datetime_utc": "2025-02-23 00:00:00", "level_m": 35.0, "datetime_eastern": "2025-02-22 19:00:00", "hour_eastern": "07:00 PM" }, "geometry": { "type": "Point", "coordinates": [ -70.508, 35.578 ] } },
{ "type": "Feature", "properties": { "id": 4027, "traj_num": 4, "datetime_utc": "2025-02-23 01:00:00", "level_m": 33.0, "datetime_eastern": "2025-02-22 20:00:00", "hour_eastern": "08:00 PM" }, "geometry": { "type": "Point", "coordinates": [ -70.31, 35.537 ] } },
{ "type": "Feature", "properties": { "id": 5000, "traj_num": 5, "datetime_utc": "2025-02-21 22:00:00", "level_m": 50.0, "datetime_eastern": "2025-02-21 17:00:00", "hour_eastern": "05:00 PM" }, "geometry": { "type": "Point", "coordinates": [ -75.13, 39.927 ] } },
{ "type": "Feature", "properties": { "id": 5005, "traj_num": 5, "datetime_utc": "2025-02-22 03:00:00", "level_m": 50.0, "datetime_eastern": "2025-02-21 22:00:00", "hour_eastern": "10:00 PM" }, "geometry": { "type": "Point", "coordinates": [ -74.961, 39.778 ] } },
{ "type": "Feature", "properties": { "id": 5006, "traj_num": 5, "datetime_utc": "2025-02-22 04:00:00", "level_m": 46.0, "datetime_eastern": "2025-02-21 23:00:00", "hour_eastern": "11:00 PM" }, "geometry": { "type": "Point", "coordinates": [ -74.772, 39.609 ] } },
{ "type": "Feature", "properties": { "id": 5007, "traj_num": 5, "datetime_utc": "2025-02-22 05:00:00", "level_m": 41.0, "datetime_eastern": "2025-02-22 00:00:00", "hour_eastern": "12:00 AM" }, "geometry": { "type": "Point", "coordinates": [ -74.554, 39.411 ] } },
{ "type": "Feature", "properties": { "id": 5008, "traj_num": 5, "datetime_utc": "2025-02-22 06:00:00", "level_m": 37.0, "datetime_eastern": "2025-02-22 01:00:00", "hour_eastern": "01:00 AM" }, "geometry": { "type": "Point", "coordinates": [ -74.323, 39.188 ] } },
{ "type": "Feature", "properties": { "id": 5009, "traj_num": 5, "datetime_utc": "2025-02-22 07:00:00", "level_m": 36.0, "datetime_eastern": "2025-02-22 02:00:00", "hour_eastern": "02:00 AM" }, "geometry": { "type": "Point", "coordinates": [ -74.088, 38.947 ] } },
{ "type": "Feature", "properties": { "id": 5010, "traj_num": 5, "datetime_utc": "2025-02-22 08:00:00", "level_m": 35.0, "datetime_eastern": "2025-02-22 03:00:00", "hour_eastern": "03:00 AM" }, "geometry": { "type": "Point", "coordinates": [ -73.847, 38.697 ] } },
{ "type": "Feature", "properties": { "id": 5011, "traj_num": 5, "datetime_utc": "2025-02-22 09:00:00", "level_m": 35.0, "datetime_eastern": "2025-02-22 04:00:00", "hour_eastern": "04:00 AM" }, "geometry": { "type": "Point", "coordinates": [ -73.6, 38.447 ] } },
{ "type": "Feature", "properties": { "id": 5012, "traj_num": 5, "datetime_utc": "2025-02-22 10:00:00", "level_m": 34.0, "datetime_eastern": "2025-02-22 05:00:00", "hour_eastern": "05:00 AM" }, "geometry": { "type": "Point", "coordinates": [ -73.364, 38.2 ] } },
{ "type": "Feature", "properties": { "id": 5013, "traj_num": 5, "datetime_utc": "2025-02-22 11:00:00", "level_m": 34.0, "datetime_eastern": "2025-02-22 06:00:00", "hour_eastern": "06:00 AM" }, "geometry": { "type": "Point", "coordinates": [ -73.152, 37.96 ] } },
{ "type": "Feature", "properties": { "id": 5014, "traj_num": 5, "datetime_utc": "2025-02-22 12:00:00", "level_m": 34.0, "datetime_eastern": "2025-02-22 07:00:00", "hour_eastern": "07:00 AM" }, "geometry": { "type": "Point", "coordinates": [ -72.959, 37.726 ] } },
{ "type": "Feature", "properties": { "id": 5015, "traj_num": 5, "datetime_utc": "2025-02-22 13:00:00", "level_m": 34.0, "datetime_eastern": "2025-02-22 08:00:00", "hour_eastern": "08:00 AM" }, "geometry": { "type": "Point", "coordinates": [ -72.777, 37.5 ] } },
{ "type": "Feature", "properties": { "id": 5016, "traj_num": 5, "datetime_utc": "2025-02-22 14:00:00", "level_m": 33.0, "datetime_eastern": "2025-02-22 09:00:00", "hour_eastern": "09:00 AM" }, "geometry": { "type": "Point", "coordinates": [ -72.606, 37.289 ] } },
{ "type": "Feature", "properties": { "id": 5017, "traj_num": 5, "datetime_utc": "2025-02-22 15:00:00", "level_m": 32.0, "datetime_eastern": "2025-02-22 10:00:00", "hour_eastern": "10:00 AM" }, "geometry": { "type": "Point", "coordinates": [ -72.45, 37.096 ] } },
{ "type": "Feature", "properties": { "id": 5018, "traj_num": 5, "datetime_utc": "2025-02-22 16:00:00", "level_m": 31.0, "datetime_eastern": "2025-02-22 11:00:00", "hour_eastern": "11:00 AM" }, "geometry": { "type": "Point", "coordinates": [ -72.297, 36.923 ] } },
{ "type": "Feature", "properties": { "id": 5019, "traj_num": 5, "datetime_utc": "2025-02-22 17:00:00", "level_m": 30.0, "datetime_eastern": "2025-02-22 12:00:00", "hour_eastern": "12:00 PM" }, "geometry": { "type": "Point", "coordinates": [ -72.129, 36.768 ] } },
{ "type": "Feature", "properties": { "id": 5020, "traj_num": 5, "datetime_utc": "2025-02-22 18:00:00", "level_m": 29.0, "datetime_eastern": "2025-02-22 13:00:00", "hour_eastern": "01:00 PM" }, "geometry": { "type": "Point", "coordinates": [ -71.945, 36.63 ] } },
{ "type": "Feature", "properties": { "id": 5021, "traj_num": 5, "datetime_utc": "2025-02-22 19:00:00", "level_m": 28.0, "datetime_eastern": "2025-02-22 14:00:00", "hour_eastern": "02:00 PM" }, "geometry": { "type": "Point", "coordinates": [ -71.754, 36.504 ] } },
{ "type": "Feature", "properties": { "id": 5022, "traj_num": 5, "datetime_utc": "2025-02-22 20:00:00", "level_m": 28.0, "datetime_eastern": "2025-02-22 15:00:00", "hour_eastern": "03:00 PM" }, "geometry": { "type": "Point", "coordinates": [ -71.564, 36.387 ] } },
{ "type": "Feature", "properties": { "id": 5023, "traj_num": 5, "datetime_utc": "2025-02-22 21:00:00", "level_m": 28.0, "datetime_eastern": "2025-02-22 16:00:00", "hour_eastern": "04:00 PM" }, "geometry": { "type": "Point", "coordinates": [ -71.377, 36.281 ] } },
{ "type": "Feature", "properties": { "id": 5024, "traj_num": 5, "datetime_utc": "2025-02-22 22:00:00", "level_m": 28.0, "datetime_eastern": "2025-02-22 17:00:00", "hour_eastern": "05:00 PM" }, "geometry": { "type": "Point", "coordinates": [ -71.188, 36.19 ] } },
{ "type": "Feature", "properties": { "id": 5025, "traj_num": 5, "datetime_utc": "2025-02-22 23:00:00", "level_m": 27.0, "datetime_eastern": "2025-02-22 18:00:00", "hour_eastern": "06:00 PM" }, "geometry": { "type": "Point", "coordinates": [ -70.994, 36.118 ] } },
{ "type": "Feature", "properties": { "id": 5026, "traj_num": 5, "datetime_utc": "2025-02-23 00:00:00", "level_m": 26.0, "datetime_eastern": "2025-02-22 19:00:00", "hour_eastern": "07:00 PM" }, "geometry": { "type": "Point", "coordinates": [ -70.796, 36.064 ] } },
{ "type": "Feature", "properties": { "id": 5027, "traj_num": 5, "datetime_utc": "2025-02-23 01:00:00", "level_m": 24.0, "datetime_eastern": "2025-02-22 20:00:00", "hour_eastern": "08:00 PM" }, "geometry": { "type": "Point", "coordinates": [ -70.588, 36.033 ] } },
{ "type": "Feature", "properties": { "id": 5028, "traj_num": 5, "datetime_utc": "2025-02-23 02:00:00", "level_m": 25.0, "datetime_eastern": "2025-02-22 21:00:00", "hour_eastern": "09:00 PM" }, "geometry": { "type": "Point", "coordinates": [ -70.369, 36.024 ] } },
{ "type": "Feature", "properties": { "id": 6000, "traj_num": 6, "datetime_utc": "2025-02-21 22:00:00", "level_m": 50.0, "datetime_eastern": "2025-02-21 17:00:00", "hour_eastern": "05:00 PM" }, "geometry": { "type": "Point", "coordinates": [ -75.13, 39.927 ] } },
{ "type": "Feature", "properties": { "id": 6006, "traj_num": 6, "datetime_utc": "2025-02-22 04:00:00", "level_m": 48.0, "datetime_eastern": "2025-02-21 23:00:00", "hour_eastern": "11:00 PM" }, "geometry": { "type": "Point", "coordinates": [ -74.97, 39.783 ] } },
{ "type": "Feature", "properties": { "id": 6007, "traj_num": 6, "datetime_utc": "2025-02-22 05:00:00", "level_m": 44.0, "datetime_eastern": "2025-02-22 00:00:00", "hour_eastern": "12:00 AM" }, "geometry": { "type": "Point", "coordinates": [ -74.788, 39.622 ] } },
{ "type": "Feature", "properties": { "id": 6008, "traj_num": 6, "datetime_utc": "2025-02-22 06:00:00", "level_m": 39.0, "datetime_eastern": "2025-02-22 01:00:00", "hour_eastern": "01:00 AM" }, "geometry": { "type": "Point", "coordinates": [ -74.58, 39.435 ] } },
{ "type": "Feature", "properties": { "id": 6009, "traj_num": 6, "datetime_utc": "2025-02-22 07:00:00", "level_m": 35.0, "datetime_eastern": "2025-02-22 02:00:00", "hour_eastern": "02:00 AM" }, "geometry": { "type": "Point", "coordinates": [ -74.354, 39.225 ] } },
{ "type": "Feature", "properties": { "id": 6010, "traj_num": 6, "datetime_utc": "2025-02-22 08:00:00", "level_m": 33.0, "datetime_eastern": "2025-02-22 03:00:00", "hour_eastern": "03:00 AM" }, "geometry": { "type": "Point", "coordinates": [ -74.117, 38.995 ] } },
{ "type": "Feature", "properties": { "id": 6011, "traj_num": 6, "datetime_utc": "2025-02-22 09:00:00", "level_m": 32.0, "datetime_eastern": "2025-02-22 04:00:00", "hour_eastern": "04:00 AM" }, "geometry": { "type": "Point", "coordinates": [ -73.87, 38.754 ] } },
{ "type": "Feature", "properties": { "id": 6012, "traj_num": 6, "datetime_utc": "2025-02-22 10:00:00", "level_m": 31.0, "datetime_eastern": "2025-02-22 05:00:00", "hour_eastern": "05:00 AM" }, "geometry": { "type": "Point", "coordinates": [ -73.63, 38.513 ] } },
{ "type": "Feature", "properties": { "id": 6013, "traj_num": 6, "datetime_utc": "2025-02-22 11:00:00", "level_m": 30.0, "datetime_eastern": "2025-02-22 06:00:00", "hour_eastern": "06:00 AM" }, "geometry": { "type": "Point", "coordinates": [ -73.414, 38.275 ] } },
{ "type": "Feature", "properties": { "id": 6014, "traj_num": 6, "datetime_utc": "2025-02-22 12:00:00", "level_m": 30.0, "datetime_eastern": "2025-02-22 07:00:00", "hour_eastern": "07:00 AM" }, "geometry": { "type": "Point", "coordinates": [ -73.22, 38.044 ] } },
{ "type": "Feature", "properties": { "id": 6015, "traj_num": 6, "datetime_utc": "2025-02-22 13:00:00", "level_m": 30.0, "datetime_eastern": "2025-02-22 08:00:00", "hour_eastern": "08:00 AM" }, "geometry": { "type": "Point", "coordinates": [ -73.043, 37.826 ] } },
{ "type": "Feature", "properties": { "id": 6016, "traj_num": 6, "datetime_utc": "2025-02-22 14:00:00", "level_m": 29.0, "datetime_eastern": "2025-02-22 09:00:00", "hour_eastern": "09:00 AM" }, "geometry": { "type": "Point", "coordinates": [ -72.88, 37.626 ] } },
{ "type": "Feature", "properties": { "id": 6017, "traj_num": 6, "datetime_utc": "2025-02-22 15:00:00", "level_m": 29.0, "datetime_eastern": "2025-02-22 10:00:00", "hour_eastern": "10:00 AM" }, "geometry": { "type": "Point", "coordinates": [ -72.728, 37.442 ] } },
{ "type": "Feature", "properties": { "id": 6018, "traj_num": 6, "datetime_utc": "2025-02-22 16:00:00", "level_m": 28.0, "datetime_eastern": "2025-02-22 11:00:00", "hour_eastern": "11:00 AM" }, "geometry": { "type": "Point", "coordinates": [ -72.574, 37.28 ] } },
{ "type": "Feature", "properties": { "id": 6019, "traj_num": 6, "datetime_utc": "2025-02-22 17:00:00", "level_m": 26.0, "datetime_eastern": "2025-02-22 12:00:00", "hour_eastern": "12:00 PM" }, "geometry": { "type": "Point", "coordinates": [ -72.405, 37.138 ] } },
{ "type": "Feature", "properties": { "id": 6020, "traj_num": 6, "datetime_utc": "2025-02-22 18:00:00", "level_m": 26.0, "datetime_eastern": "2025-02-22 13:00:00", "hour_eastern": "01:00 PM" }, "geometry": { "type": "Point", "coordinates": [ -72.219, 37.016 ] } },
{ "type": "Feature", "properties": { "id": 6021, "traj_num": 6, "datetime_utc": "2025-02-22 19:00:00", "level_m": 25.0, "datetime_eastern": "2025-02-22 14:00:00", "hour_eastern": "02:00 PM" }, "geometry": { "type": "Point", "coordinates": [ -72.024, 36.907 ] } },
{ "type": "Feature", "properties": { "id": 6022, "traj_num": 6, "datetime_utc": "2025-02-22 20:00:00", "level_m": 24.0, "datetime_eastern": "2025-02-22 15:00:00", "hour_eastern": "03:00 PM" }, "geometry": { "type": "Point", "coordinates": [ -71.828, 36.807 ] } },
{ "type": "Feature", "properties": { "id": 6023, "traj_num": 6, "datetime_utc": "2025-02-22 21:00:00", "level_m": 22.0, "datetime_eastern": "2025-02-22 16:00:00", "hour_eastern": "04:00 PM" }, "geometry": { "type": "Point", "coordinates": [ -71.634, 36.714 ] } },
{ "type": "Feature", "properties": { "id": 6024, "traj_num": 6, "datetime_utc": "2025-02-22 22:00:00", "level_m": 22.0, "datetime_eastern": "2025-02-22 17:00:00", "hour_eastern": "05:00 PM" }, "geometry": { "type": "Point", "coordinates": [ -71.438, 36.635 ] } },
{ "type": "Feature", "properties": { "id": 6025, "traj_num": 6, "datetime_utc": "2025-02-22 23:00:00", "level_m": 21.0, "datetime_eastern": "2025-02-22 18:00:00", "hour_eastern": "06:00 PM" }, "geometry": { "type": "Point", "coordinates": [ -71.234, 36.574 ] } },
{ "type": "Feature", "properties": { "id": 6026, "traj_num": 6, "datetime_utc": "2025-02-23 00:00:00", "level_m": 21.0, "datetime_eastern": "2025-02-22 19:00:00", "hour_eastern": "07:00 PM" }, "geometry": { "type": "Point", "coordinates": [ -71.026, 36.532 ] } },
{ "type": "Feature", "properties": { "id": 6027, "traj_num": 6, "datetime_utc": "2025-02-23 01:00:00", "level_m": 20.0, "datetime_eastern": "2025-02-22 20:00:00", "hour_eastern": "08:00 PM" }, "geometry": { "type": "Point", "coordinates": [ -70.809, 36.509 ] } },
{ "type": "Feature", "properties": { "id": 6028, "traj_num": 6, "datetime_utc": "2025-02-23 02:00:00", "level_m": 20.0, "datetime_eastern": "2025-02-22 21:00:00", "hour_eastern": "09:00 PM" }, "geometry": { "type": "Point", "coordinates": [ -70.578, 36.506 ] } },
{ "type": "Feature", "properties": { "id": 6029, "traj_num": 6, "datetime_utc": "2025-02-23 03:00:00", "level_m": 21.0, "datetime_eastern": "2025-02-22 22:00:00", "hour_eastern": "10:00 PM" }, "geometry": { "type": "Point", "coordinates": [ -70.338, 36.523 ] } },
{ "type": "Feature", "properties": { "id": 7000, "traj_num": 7, "datetime_utc": "2025-02-21 22:00:00", "level_m": 50.0, "datetime_eastern": "2025-02-21 17:00:00", "hour_eastern": "05:00 PM" }, "geometry": { "type": "Point", "coordinates": [ -75.13, 39.927 ] } },
{ "type": "Feature", "properties": { "id": 7007, "traj_num": 7, "datetime_utc": "2025-02-22 05:00:00", "level_m": 47.0, "datetime_eastern": "2025-02-22 00:00:00", "hour_eastern": "12:00 AM" }, "geometry": { "type": "Point", "coordinates": [ -74.973, 39.79 ] } },
{ "type": "Feature", "properties": { "id": 7008, "traj_num": 7, "datetime_utc": "2025-02-22 06:00:00", "level_m": 42.0, "datetime_eastern": "2025-02-22 01:00:00", "hour_eastern": "01:00 AM" }, "geometry": { "type": "Point", "coordinates": [ -74.796, 39.636 ] } },
{ "type": "Feature", "properties": { "id": 7009, "traj_num": 7, "datetime_utc": "2025-02-22 07:00:00", "level_m": 36.0, "datetime_eastern": "2025-02-22 02:00:00", "hour_eastern": "02:00 AM" }, "geometry": { "type": "Point", "coordinates": [ -74.594, 39.459 ] } },
{ "type": "Feature", "properties": { "id": 7010, "traj_num": 7, "datetime_utc": "2025-02-22 08:00:00", "level_m": 32.0, "datetime_eastern": "2025-02-22 03:00:00", "hour_eastern": "03:00 AM" }, "geometry": { "type": "Point", "coordinates": [ -74.371, 39.26 ] } },
{ "type": "Feature", "properties": { "id": 7011, "traj_num": 7, "datetime_utc": "2025-02-22 09:00:00", "level_m": 29.0, "datetime_eastern": "2025-02-22 04:00:00", "hour_eastern": "04:00 AM" }, "geometry": { "type": "Point", "coordinates": [ -74.131, 39.042 ] } },
{ "type": "Feature", "properties": { "id": 7012, "traj_num": 7, "datetime_utc": "2025-02-22 10:00:00", "level_m": 28.0, "datetime_eastern": "2025-02-22 05:00:00", "hour_eastern": "05:00 AM" }, "geometry": { "type": "Point", "coordinates": [ -73.894, 38.813 ] } },
{ "type": "Feature", "properties": { "id": 7013, "traj_num": 7, "datetime_utc": "2025-02-22 11:00:00", "level_m": 27.0, "datetime_eastern": "2025-02-22 06:00:00", "hour_eastern": "06:00 AM" }, "geometry": { "type": "Point", "coordinates": [ -73.677, 38.582 ] } },
{ "type": "Feature", "properties": { "id": 7014, "traj_num": 7, "datetime_utc": "2025-02-22 12:00:00", "level_m": 26.0, "datetime_eastern": "2025-02-22 07:00:00", "hour_eastern": "07:00 AM" }, "geometry": { "type": "Point", "coordinates": [ -73.482, 38.354 ] } },
{ "type": "Feature", "properties": { "id": 7015, "traj_num": 7, "datetime_utc": "2025-02-22 13:00:00", "level_m": 25.0, "datetime_eastern": "2025-02-22 08:00:00", "hour_eastern": "08:00 AM" }, "geometry": { "type": "Point", "coordinates": [ -73.307, 38.138 ] } },
{ "type": "Feature", "properties": { "id": 7016, "traj_num": 7, "datetime_utc": "2025-02-22 14:00:00", "level_m": 25.0, "datetime_eastern": "2025-02-22 09:00:00", "hour_eastern": "09:00 AM" }, "geometry": { "type": "Point", "coordinates": [ -73.148, 37.943 ] } },
{ "type": "Feature", "properties": { "id": 7017, "traj_num": 7, "datetime_utc": "2025-02-22 15:00:00", "level_m": 25.0, "datetime_eastern": "2025-02-22 10:00:00", "hour_eastern": "10:00 AM" }, "geometry": { "type": "Point", "coordinates": [ -73.005, 37.767 ] } },
{ "type": "Feature", "properties": { "id": 7018, "traj_num": 7, "datetime_utc": "2025-02-22 16:00:00", "level_m": 24.0, "datetime_eastern": "2025-02-22 11:00:00", "hour_eastern": "11:00 AM" }, "geometry": { "type": "Point", "coordinates": [ -72.859, 37.614 ] } },
{ "type": "Feature", "properties": { "id": 7019, "traj_num": 7, "datetime_utc": "2025-02-22 17:00:00", "level_m": 23.0, "datetime_eastern": "2025-02-22 12:00:00", "hour_eastern": "12:00 PM" }, "geometry": { "type": "Point", "coordinates": [ -72.693, 37.485 ] } },
{ "type": "Feature", "properties": { "id": 7020, "traj_num": 7, "datetime_utc": "2025-02-22 18:00:00", "level_m": 22.0, "datetime_eastern": "2025-02-22 13:00:00", "hour_eastern": "01:00 PM" }, "geometry": { "type": "Point", "coordinates": [ -72.509, 37.379 ] } },
{ "type": "Feature", "properties": { "id": 7021, "traj_num": 7, "datetime_utc": "2025-02-22 19:00:00", "level_m": 22.0, "datetime_eastern": "2025-02-22 14:00:00", "hour_eastern": "02:00 PM" }, "geometry": { "type": "Point", "coordinates": [ -72.313, 37.288 ] } },
{ "type": "Feature", "properties": { "id": 7022, "traj_num": 7, "datetime_utc": "2025-02-22 20:00:00", "level_m": 21.0, "datetime_eastern": "2025-02-22 15:00:00", "hour_eastern": "03:00 PM" }, "geometry": { "type": "Point", "coordinates": [ -72.111, 37.206 ] } },
{ "type": "Feature", "properties": { "id": 7023, "traj_num": 7, "datetime_utc": "2025-02-22 21:00:00", "level_m": 19.0, "datetime_eastern": "2025-02-22 16:00:00", "hour_eastern": "04:00 PM" }, "geometry": { "type": "Point", "coordinates": [ -71.909, 37.132 ] } },
{ "type": "Feature", "properties": { "id": 7024, "traj_num": 7, "datetime_utc": "2025-02-22 22:00:00", "level_m": 18.0, "datetime_eastern": "2025-02-22 17:00:00", "hour_eastern": "05:00 PM" }, "geometry": { "type": "Point", "coordinates": [ -71.702, 37.069 ] } },
{ "type": "Feature", "properties": { "id": 7025, "traj_num": 7, "datetime_utc": "2025-02-22 23:00:00", "level_m": 18.0, "datetime_eastern": "2025-02-22 18:00:00", "hour_eastern": "06:00 PM" }, "geometry": { "type": "Point", "coordinates": [ -71.489, 37.022 ] } },
{ "type": "Feature", "properties": { "id": 7026, "traj_num": 7, "datetime_utc": "2025-02-23 00:00:00", "level_m": 17.0, "datetime_eastern": "2025-02-22 19:00:00", "hour_eastern": "07:00 PM" }, "geometry": { "type": "Point", "coordinates": [ -71.269, 36.993 ] } },
{ "type": "Feature", "properties": { "id": 7027, "traj_num": 7, "datetime_utc": "2025-02-23 01:00:00", "level_m": 17.0, "datetime_eastern": "2025-02-22 20:00:00", "hour_eastern": "08:00 PM" }, "geometry": { "type": "Point", "coordinates": [ -71.038, 36.981 ] } },
{ "type": "Feature", "properties": { "id": 7028, "traj_num": 7, "datetime_utc": "2025-02-23 02:00:00", "level_m": 18.0, "datetime_eastern": "2025-02-22 21:00:00", "hour_eastern": "09:00 PM" }, "geometry": { "type": "Point", "coordinates": [ -70.793, 36.985 ] } },
{ "type": "Feature", "properties": { "id": 7029, "traj_num": 7, "datetime_utc": "2025-02-23 03:00:00", "level_m": 18.0, "datetime_eastern": "2025-02-22 22:00:00", "hour_eastern": "10:00 PM" }, "geometry": { "type": "Point", "coordinates": [ -70.537, 37.005 ] } },
{ "type": "Feature", "properties": { "id": 7030, "traj_num": 7, "datetime_utc": "2025-02-23 04:00:00", "level_m": 19.0, "datetime_eastern": "2025-02-22 23:00:00", "hour_eastern": "11:00 PM" }, "geometry": { "type": "Point", "coordinates": [ -70.267, 37.034 ] } },
{ "type": "Feature", "properties": { "id": 8000, "traj_num": 8, "datetime_utc": "2025-02-21 22:00:00", "level_m": 50.0, "datetime_eastern": "2025-02-21 17:00:00", "hour_eastern": "05:00 PM" }, "geometry": { "type": "Point", "coordinates": [ -75.13, 39.927 ] } },
{ "type": "Feature", "properties": { "id": 8008, "traj_num": 8, "datetime_utc": "2025-02-22 06:00:00", "level_m": 46.0, "datetime_eastern": "2025-02-22 01:00:00", "hour_eastern": "01:00 AM" }, "geometry": { "type": "Point", "coordinates": [ -74.975, 39.796 ] } },
{ "type": "Feature", "properties": { "id": 8009, "traj_num": 8, "datetime_utc": "2025-02-22 07:00:00", "level_m": 39.0, "datetime_eastern": "2025-02-22 02:00:00", "hour_eastern": "02:00 AM" }, "geometry": { "type": "Point", "coordinates": [ -74.802, 39.65 ] } },
{ "type": "Feature", "properties": { "id": 8010, "traj_num": 8, "datetime_utc": "2025-02-22 08:00:00", "level_m": 34.0, "datetime_eastern": "2025-02-22 03:00:00", "hour_eastern": "03:00 AM" }, "geometry": { "type": "Point", "coordinates": [ -74.604, 39.484 ] } },
{ "type": "Feature", "properties": { "id": 8011, "traj_num": 8, "datetime_utc": "2025-02-22 09:00:00", "level_m": 29.0, "datetime_eastern": "2025-02-22 04:00:00", "hour_eastern": "04:00 AM" }, "geometry": { "type": "Point", "coordinates": [ -74.384, 39.296 ] } },
{ "type": "Feature", "properties": { "id": 8012, "traj_num": 8, "datetime_utc": "2025-02-22 10:00:00", "level_m": 26.0, "datetime_eastern": "2025-02-22 05:00:00", "hour_eastern": "05:00 AM" }, "geometry": { "type": "Point", "coordinates": [ -74.156, 39.092 ] } },
{ "type": "Feature", "properties": { "id": 8013, "traj_num": 8, "datetime_utc": "2025-02-22 11:00:00", "level_m": 24.0, "datetime_eastern": "2025-02-22 06:00:00", "hour_eastern": "06:00 AM" }, "geometry": { "type": "Point", "coordinates": [ -73.941, 38.878 ] } },
{ "type": "Feature", "properties": { "id": 8014, "traj_num": 8, "datetime_utc": "2025-02-22 12:00:00", "level_m": 24.0, "datetime_eastern": "2025-02-22 07:00:00", "hour_eastern": "07:00 AM" }, "geometry": { "type": "Point", "coordinates": [ -73.748, 38.66 ] } },
{ "type": "Feature", "properties": { "id": 8015, "traj_num": 8, "datetime_utc": "2025-02-22 13:00:00", "level_m": 23.0, "datetime_eastern": "2025-02-22 08:00:00", "hour_eastern": "08:00 AM" }, "geometry": { "type": "Point", "coordinates": [ -73.572, 38.451 ] } },
{ "type": "Feature", "properties": { "id": 8016, "traj_num": 8, "datetime_utc": "2025-02-22 14:00:00", "level_m": 22.0, "datetime_eastern": "2025-02-22 09:00:00", "hour_eastern": "09:00 AM" }, "geometry": { "type": "Point", "coordinates": [ -73.412, 38.261 ] } },
{ "type": "Feature", "properties": { "id": 8017, "traj_num": 8, "datetime_utc": "2025-02-22 15:00:00", "level_m": 22.0, "datetime_eastern": "2025-02-22 10:00:00", "hour_eastern": "10:00 AM" }, "geometry": { "type": "Point", "coordinates": [ -73.271, 38.089 ] } },
{ "type": "Feature", "properties": { "id": 8018, "traj_num": 8, "datetime_utc": "2025-02-22 16:00:00", "level_m": 21.0, "datetime_eastern": "2025-02-22 11:00:00", "hour_eastern": "11:00 AM" }, "geometry": { "type": "Point", "coordinates": [ -73.13, 37.943 ] } },
{ "type": "Feature", "properties": { "id": 8019, "traj_num": 8, "datetime_utc": "2025-02-22 17:00:00", "level_m": 20.0, "datetime_eastern": "2025-02-22 12:00:00", "hour_eastern": "12:00 PM" }, "geometry": { "type": "Point", "coordinates": [ -72.973, 37.827 ] } },
{ "type": "Feature", "properties": { "id": 8020, "traj_num": 8, "datetime_utc": "2025-02-22 18:00:00", "level_m": 19.0, "datetime_eastern": "2025-02-22 13:00:00", "hour_eastern": "01:00 PM" }, "geometry": { "type": "Point", "coordinates": [ -72.796, 37.737 ] } },
{ "type": "Feature", "properties": { "id": 8021, "traj_num": 8, "datetime_utc": "2025-02-22 19:00:00", "level_m": 18.0, "datetime_eastern": "2025-02-22 14:00:00", "hour_eastern": "02:00 PM" }, "geometry": { "type": "Point", "coordinates": [ -72.602, 37.665 ] } },
{ "type": "Feature", "properties": { "id": 8022, "traj_num": 8, "datetime_utc": "2025-02-22 20:00:00", "level_m": 18.0, "datetime_eastern": "2025-02-22 15:00:00", "hour_eastern": "03:00 PM" }, "geometry": { "type": "Point", "coordinates": [ -72.398, 37.604 ] } },
{ "type": "Feature", "properties": { "id": 8023, "traj_num": 8, "datetime_utc": "2025-02-22 21:00:00", "level_m": 17.0, "datetime_eastern": "2025-02-22 16:00:00", "hour_eastern": "04:00 PM" }, "geometry": { "type": "Point", "coordinates": [ -72.187, 37.553 ] } },
{ "type": "Feature", "properties": { "id": 8024, "traj_num": 8, "datetime_utc": "2025-02-22 22:00:00", "level_m": 16.0, "datetime_eastern": "2025-02-22 17:00:00", "hour_eastern": "05:00 PM" }, "geometry": { "type": "Point", "coordinates": [ -71.971, 37.515 ] } },
{ "type": "Feature", "properties": { "id": 8025, "traj_num": 8, "datetime_utc": "2025-02-22 23:00:00", "level_m": 16.0, "datetime_eastern": "2025-02-22 18:00:00", "hour_eastern": "06:00 PM" }, "geometry": { "type": "Point", "coordinates": [ -71.747, 37.492 ] } },
{ "type": "Feature", "properties": { "id": 8026, "traj_num": 8, "datetime_utc": "2025-02-23 00:00:00", "level_m": 16.0, "datetime_eastern": "2025-02-22 19:00:00", "hour_eastern": "07:00 PM" }, "geometry": { "type": "Point", "coordinates": [ -71.514, 37.487 ] } },
{ "type": "Feature", "properties": { "id": 8027, "traj_num": 8, "datetime_utc": "2025-02-23 01:00:00", "level_m": 16.0, "datetime_eastern": "2025-02-22 20:00:00", "hour_eastern": "08:00 PM" }, "geometry": { "type": "Point", "coordinates": [ -71.268, 37.494 ] } },
{ "type": "Feature", "properties": { "id": 8028, "traj_num": 8, "datetime_utc": "2025-02-23 02:00:00", "level_m": 16.0, "datetime_eastern": "2025-02-22 21:00:00", "hour_eastern": "09:00 PM" }, "geometry": { "type": "Point", "coordinates": [ -71.003, 37.511 ] } },
{ "type": "Feature", "properties": { "id": 8029, "traj_num": 8, "datetime_utc": "2025-02-23 03:00:00", "level_m": 16.0, "datetime_eastern": "2025-02-22 22:00:00", "hour_eastern": "10:00 PM" }, "geometry": { "type": "Point", "coordinates": [ -70.724, 37.541 ] } },
{ "type": "Feature", "properties": { "id": 8030, "traj_num": 8, "datetime_utc": "2025-02-23 04:00:00", "level_m": 17.0, "datetime_eastern": "2025-02-22 23:00:00", "hour_eastern": "11:00 PM" }, "geometry": { "type": "Point", "coordinates": [ -70.434, 37.577 ] } },
{ "type": "Feature", "properties": { "id": 8031, "traj_num": 8, "datetime_utc": "2025-02-23 05:00:00", "level_m": 17.0, "datetime_eastern": "2025-02-23 00:00:00", "hour_eastern": "12:00 AM" }, "geometry": { "type": "Point", "coordinates": [ -70.132, 37.613 ] } },
{ "type": "Feature", "properties": { "id": 9000, "traj_num": 9, "datetime_utc": "2025-02-21 22:00:00", "level_m": 50.0, "datetime_eastern": "2025-02-21 17:00:00", "hour_eastern": "05:00 PM" }, "geometry": { "type": "Point", "coordinates": [ -75.13, 39.927 ] } },
{ "type": "Feature", "properties": { "id": 9009, "traj_num": 9, "datetime_utc": "2025-02-22 07:00:00", "level_m": 44.0, "datetime_eastern": "2025-02-22 02:00:00", "hour_eastern": "02:00 AM" }, "geometry": { "type": "Point", "coordinates": [ -74.976, 39.803 ] } },
{ "type": "Feature", "properties": { "id": 9010, "traj_num": 9, "datetime_utc": "2025-02-22 08:00:00", "level_m": 38.0, "datetime_eastern": "2025-02-22 03:00:00", "hour_eastern": "03:00 AM" }, "geometry": { "type": "Point", "coordinates": [ -74.807, 39.668 ] } },
{ "type": "Feature", "properties": { "id": 9011, "traj_num": 9, "datetime_utc": "2025-02-22 09:00:00", "level_m": 32.0, "datetime_eastern": "2025-02-22 04:00:00", "hour_eastern": "04:00 AM" }, "geometry": { "type": "Point", "coordinates": [ -74.613, 39.512 ] } },
{ "type": "Feature", "properties": { "id": 9012, "traj_num": 9, "datetime_utc": "2025-02-22 10:00:00", "level_m": 27.0, "datetime_eastern": "2025-02-22 05:00:00", "hour_eastern": "05:00 AM" }, "geometry": { "type": "Point", "coordinates": [ -74.404, 39.34 ] } },
{ "type": "Feature", "properties": { "id": 9013, "traj_num": 9, "datetime_utc": "2025-02-22 11:00:00", "level_m": 24.0, "datetime_eastern": "2025-02-22 06:00:00", "hour_eastern": "06:00 AM" }, "geometry": { "type": "Point", "coordinates": [ -74.197, 39.155 ] } },
{ "type": "Feature", "properties": { "id": 9014, "traj_num": 9, "datetime_utc": "2025-02-22 12:00:00", "level_m": 22.0, "datetime_eastern": "2025-02-22 07:00:00", "hour_eastern": "07:00 AM" }, "geometry": { "type": "Point", "coordinates": [ -74.005, 38.958 ] } },
{ "type": "Feature", "properties": { "id": 9015, "traj_num": 9, "datetime_utc": "2025-02-22 13:00:00", "level_m": 22.0, "datetime_eastern": "2025-02-22 08:00:00", "hour_eastern": "08:00 AM" }, "geometry": { "type": "Point", "coordinates": [ -73.829, 38.763 ] } },
{ "type": "Feature", "properties": { "id": 9016, "traj_num": 9, "datetime_utc": "2025-02-22 14:00:00", "level_m": 21.0, "datetime_eastern": "2025-02-22 09:00:00", "hour_eastern": "09:00 AM" }, "geometry": { "type": "Point", "coordinates": [ -73.665, 38.584 ] } },
{ "type": "Feature", "properties": { "id": 9017, "traj_num": 9, "datetime_utc": "2025-02-22 15:00:00", "level_m": 20.0, "datetime_eastern": "2025-02-22 10:00:00", "hour_eastern": "10:00 AM" }, "geometry": { "type": "Point", "coordinates": [ -73.517, 38.423 ] } },
{ "type": "Feature", "properties": { "id": 9018, "traj_num": 9, "datetime_utc": "2025-02-22 16:00:00", "level_m": 20.0, "datetime_eastern": "2025-02-22 11:00:00", "hour_eastern": "11:00 AM" }, "geometry": { "type": "Point", "coordinates": [ -73.371, 38.286 ] } },
{ "type": "Feature", "properties": { "id": 9019, "traj_num": 9, "datetime_utc": "2025-02-22 17:00:00", "level_m": 19.0, "datetime_eastern": "2025-02-22 12:00:00", "hour_eastern": "12:00 PM" }, "geometry": { "type": "Point", "coordinates": [ -73.214, 38.181 ] } },
{ "type": "Feature", "properties": { "id": 9020, "traj_num": 9, "datetime_utc": "2025-02-22 18:00:00", "level_m": 17.0, "datetime_eastern": "2025-02-22 13:00:00", "hour_eastern": "01:00 PM" }, "geometry": { "type": "Point", "coordinates": [ -73.041, 38.105 ] } },
{ "type": "Feature", "properties": { "id": 9021, "traj_num": 9, "datetime_utc": "2025-02-22 19:00:00", "level_m": 16.0, "datetime_eastern": "2025-02-22 14:00:00", "hour_eastern": "02:00 PM" }, "geometry": { "type": "Point", "coordinates": [ -72.851, 38.051 ] } },
{ "type": "Feature", "properties": { "id": 9022, "traj_num": 9, "datetime_utc": "2025-02-22 20:00:00", "level_m": 15.0, "datetime_eastern": "2025-02-22 15:00:00", "hour_eastern": "03:00 PM" }, "geometry": { "type": "Point", "coordinates": [ -72.645, 38.01 ] } },
{ "type": "Feature", "properties": { "id": 9023, "traj_num": 9, "datetime_utc": "2025-02-22 21:00:00", "level_m": 15.0, "datetime_eastern": "2025-02-22 16:00:00", "hour_eastern": "04:00 PM" }, "geometry": { "type": "Point", "coordinates": [ -72.427, 37.981 ] } },
{ "type": "Feature", "properties": { "id": 9024, "traj_num": 9, "datetime_utc": "2025-02-22 22:00:00", "level_m": 15.0, "datetime_eastern": "2025-02-22 17:00:00", "hour_eastern": "05:00 PM" }, "geometry": { "type": "Point", "coordinates": [ -72.201, 37.966 ] } },
{ "type": "Feature", "properties": { "id": 9025, "traj_num": 9, "datetime_utc": "2025-02-22 23:00:00", "level_m": 15.0, "datetime_eastern": "2025-02-22 18:00:00", "hour_eastern": "06:00 PM" }, "geometry": { "type": "Point", "coordinates": [ -71.968, 37.968 ] } },
{ "type": "Feature", "properties": { "id": 9026, "traj_num": 9, "datetime_utc": "2025-02-23 00:00:00", "level_m": 15.0, "datetime_eastern": "2025-02-22 19:00:00", "hour_eastern": "07:00 PM" }, "geometry": { "type": "Point", "coordinates": [ -71.726, 37.987 ] } },
{ "type": "Feature", "properties": { "id": 9027, "traj_num": 9, "datetime_utc": "2025-02-23 01:00:00", "level_m": 15.0, "datetime_eastern": "2025-02-22 20:00:00", "hour_eastern": "08:00 PM" }, "geometry": { "type": "Point", "coordinates": [ -71.469, 38.014 ] } },
{ "type": "Feature", "properties": { "id": 9028, "traj_num": 9, "datetime_utc": "2025-02-23 02:00:00", "level_m": 15.0, "datetime_eastern": "2025-02-22 21:00:00", "hour_eastern": "09:00 PM" }, "geometry": { "type": "Point", "coordinates": [ -71.191, 38.044 ] } },
{ "type": "Feature", "properties": { "id": 9029, "traj_num": 9, "datetime_utc": "2025-02-23 03:00:00", "level_m": 15.0, "datetime_eastern": "2025-02-22 22:00:00", "hour_eastern": "10:00 PM" }, "geometry": { "type": "Point", "coordinates": [ -70.892, 38.083 ] } },
{ "type": "Feature", "properties": { "id": 9030, "traj_num": 9, "datetime_utc": "2025-02-23 04:00:00", "level_m": 15.0, "datetime_eastern": "2025-02-22 23:00:00", "hour_eastern": "11:00 PM" }, "geometry": { "type": "Point", "coordinates": [ -70.581, 38.127 ] } },
{ "type": "Feature", "properties": { "id": 9031, "traj_num": 9, "datetime_utc": "2025-02-23 05:00:00", "level_m": 16.0, "datetime_eastern": "2025-02-23 00:00:00", "hour_eastern": "12:00 AM" }, "geometry": { "type": "Point", "coordinates": [ -70.267, 38.172 ] } },
{ "type": "Feature", "properties": { "id": 9032, "traj_num": 9, "datetime_utc": "2025-02-23 06:00:00", "level_m": 16.0, "datetime_eastern": "2025-02-23 01:00:00", "hour_eastern": "01:00 AM" }, "geometry": { "type": "Point", "coordinates": [ -69.95, 38.22 ] } },
{ "type": "Feature", "properties": { "id": 10000, "traj_num": 10, "datetime_utc": "2025-02-21 22:00:00", "level_m": 50.0, "datetime_eastern": "2025-02-21 17:00:00", "hour_eastern": "05:00 PM" }, "geometry": { "type": "Point", "coordinates": [ -75.13, 39.927 ] } },
{ "type": "Feature", "properties": { "id": 10010, "traj_num": 10, "datetime_utc": "2025-02-22 08:00:00", "level_m": 44.0, "datetime_eastern": "2025-02-22 03:00:00", "hour_eastern": "03:00 AM" }, "geometry": { "type": "Point", "coordinates": [ -74.978, 39.812 ] } },
{ "type": "Feature", "properties": { "id": 10011, "traj_num": 10, "datetime_utc": "2025-02-22 09:00:00", "level_m": 36.0, "datetime_eastern": "2025-02-22 04:00:00", "hour_eastern": "04:00 AM" }, "geometry": { "type": "Point", "coordinates": [ -74.812, 39.686 ] } },
{ "type": "Feature", "properties": { "id": 10012, "traj_num": 10, "datetime_utc": "2025-02-22 10:00:00", "level_m": 30.0, "datetime_eastern": "2025-02-22 05:00:00", "hour_eastern": "05:00 AM" }, "geometry": { "type": "Point", "coordinates": [ -74.627, 39.545 ] } },
{ "type": "Feature", "properties": { "id": 10013, "traj_num": 10, "datetime_utc": "2025-02-22 11:00:00", "level_m": 26.0, "datetime_eastern": "2025-02-22 06:00:00", "hour_eastern": "06:00 AM" }, "geometry": { "type": "Point", "coordinates": [ -74.436, 39.393 ] } },
{ "type": "Feature", "properties": { "id": 10014, "traj_num": 10, "datetime_utc": "2025-02-22 12:00:00", "level_m": 23.0, "datetime_eastern": "2025-02-22 07:00:00", "hour_eastern": "07:00 AM" }, "geometry": { "type": "Point", "coordinates": [ -74.249, 39.231 ] } },
{ "type": "Feature", "properties": { "id": 10015, "traj_num": 10, "datetime_utc": "2025-02-22 13:00:00", "level_m": 21.0, "datetime_eastern": "2025-02-22 08:00:00", "hour_eastern": "08:00 AM" }, "geometry": { "type": "Point", "coordinates": [ -74.071, 39.063 ] } },
{ "type": "Feature", "properties": { "id": 10016, "traj_num": 10, "datetime_utc": "2025-02-22 14:00:00", "level_m": 20.0, "datetime_eastern": "2025-02-22 09:00:00", "hour_eastern": "09:00 AM" }, "geometry": { "type": "Point", "coordinates": [ -73.902, 38.902 ] } },
{ "type": "Feature", "properties": { "id": 10017, "traj_num": 10, "datetime_utc": "2025-02-22 15:00:00", "level_m": 20.0, "datetime_eastern": "2025-02-22 10:00:00", "hour_eastern": "10:00 AM" }, "geometry": { "type": "Point", "coordinates": [ -73.746, 38.755 ] } },
{ "type": "Feature", "properties": { "id": 10018, "traj_num": 10, "datetime_utc": "2025-02-22 16:00:00", "level_m": 19.0, "datetime_eastern": "2025-02-22 11:00:00", "hour_eastern": "11:00 AM" }, "geometry": { "type": "Point", "coordinates": [ -73.593, 38.633 ] } },
{ "type": "Feature", "properties": { "id": 10019, "traj_num": 10, "datetime_utc": "2025-02-22 17:00:00", "level_m": 18.0, "datetime_eastern": "2025-02-22 12:00:00", "hour_eastern": "12:00 PM" }, "geometry": { "type": "Point", "coordinates": [ -73.431, 38.544 ] } },
{ "type": "Feature", "properties": { "id": 10020, "traj_num": 10, "datetime_utc": "2025-02-22 18:00:00", "level_m": 17.0, "datetime_eastern": "2025-02-22 13:00:00", "hour_eastern": "01:00 PM" }, "geometry": { "type": "Point", "coordinates": [ -73.258, 38.485 ] } },
{ "type": "Feature", "properties": { "id": 10021, "traj_num": 10, "datetime_utc": "2025-02-22 19:00:00", "level_m": 16.0, "datetime_eastern": "2025-02-22 14:00:00", "hour_eastern": "02:00 PM" }, "geometry": { "type": "Point", "coordinates": [ -73.073, 38.448 ] } },
{ "type": "Feature", "properties": { "id": 10022, "traj_num": 10, "datetime_utc": "2025-02-22 20:00:00", "level_m": 15.0, "datetime_eastern": "2025-02-22 15:00:00", "hour_eastern": "03:00 PM" }, "geometry": { "type": "Point", "coordinates": [ -72.872, 38.428 ] } },
{ "type": "Feature", "properties": { "id": 10023, "traj_num": 10, "datetime_utc": "2025-02-22 21:00:00", "level_m": 15.0, "datetime_eastern": "2025-02-22 16:00:00", "hour_eastern": "04:00 PM" }, "geometry": { "type": "Point", "coordinates": [ -72.657, 38.424 ] } },
{ "type": "Feature", "properties": { "id": 10024, "traj_num": 10, "datetime_utc": "2025-02-22 22:00:00", "level_m": 15.0, "datetime_eastern": "2025-02-22 17:00:00", "hour_eastern": "05:00 PM" }, "geometry": { "type": "Point", "coordinates": [ -72.428, 38.435 ] } },
{ "type": "Feature", "properties": { "id": 10025, "traj_num": 10, "datetime_utc": "2025-02-22 23:00:00", "level_m": 15.0, "datetime_eastern": "2025-02-22 18:00:00", "hour_eastern": "06:00 PM" }, "geometry": { "type": "Point", "coordinates": [ -72.186, 38.462 ] } },
{ "type": "Feature", "properties": { "id": 10026, "traj_num": 10, "datetime_utc": "2025-02-23 00:00:00", "level_m": 15.0, "datetime_eastern": "2025-02-22 19:00:00", "hour_eastern": "07:00 PM" }, "geometry": { "type": "Point", "coordinates": [ -71.93, 38.51 ] } },
{ "type": "Feature", "properties": { "id": 10027, "traj_num": 10, "datetime_utc": "2025-02-23 01:00:00", "level_m": 15.0, "datetime_eastern": "2025-02-22 20:00:00", "hour_eastern": "08:00 PM" }, "geometry": { "type": "Point", "coordinates": [ -71.657, 38.567 ] } },
{ "type": "Feature", "properties": { "id": 10028, "traj_num": 10, "datetime_utc": "2025-02-23 02:00:00", "level_m": 15.0, "datetime_eastern": "2025-02-22 21:00:00", "hour_eastern": "09:00 PM" }, "geometry": { "type": "Point", "coordinates": [ -71.363, 38.62 ] } },
{ "type": "Feature", "properties": { "id": 10029, "traj_num": 10, "datetime_utc": "2025-02-23 03:00:00", "level_m": 14.0, "datetime_eastern": "2025-02-22 22:00:00", "hour_eastern": "10:00 PM" }, "geometry": { "type": "Point", "coordinates": [ -71.048, 38.677 ] } },
{ "type": "Feature", "properties": { "id": 10030, "traj_num": 10, "datetime_utc": "2025-02-23 04:00:00", "level_m": 15.0, "datetime_eastern": "2025-02-22 23:00:00", "hour_eastern": "11:00 PM" }, "geometry": { "type": "Point", "coordinates": [ -70.721, 38.735 ] } },
{ "type": "Feature", "properties": { "id": 10031, "traj_num": 10, "datetime_utc": "2025-02-23 05:00:00", "level_m": 15.0, "datetime_eastern": "2025-02-23 00:00:00", "hour_eastern": "12:00 AM" }, "geometry": { "type": "Point", "coordinates": [ -70.395, 38.789 ] } },
{ "type": "Feature", "properties": { "id": 10032, "traj_num": 10, "datetime_utc": "2025-02-23 06:00:00", "level_m": 17.0, "datetime_eastern": "2025-02-23 01:00:00", "hour_eastern": "01:00 AM" }, "geometry": { "type": "Point", "coordinates": [ -70.071, 38.846 ] } },
{ "type": "Feature", "properties": { "id": 10033, "traj_num": 10, "datetime_utc": "2025-02-23 07:00:00", "level_m": 18.0, "datetime_eastern": "2025-02-23 02:00:00", "hour_eastern": "02:00 AM" }, "geometry": { "type": "Point", "coordinates": [ -69.741, 38.901 ] } },
{ "type": "Feature", "properties": { "id": 11000, "traj_num": 11, "datetime_utc": "2025-02-21 22:00:00", "level_m": 50.0, "datetime_eastern": "2025-02-21 17:00:00", "hour_eastern": "05:00 PM" }, "geometry": { "type": "Point", "coordinates": [ -75.13, 39.927 ] } },
{ "type": "Feature", "properties": { "id": 11011, "traj_num": 11, "datetime_utc": "2025-02-22 09:00:00", "level_m": 43.0, "datetime_eastern": "2025-02-22 04:00:00", "hour_eastern": "04:00 AM" }, "geometry": { "type": "Point", "coordinates": [ -74.979, 39.821 ] } },
{ "type": "Feature", "properties": { "id": 11012, "traj_num": 11, "datetime_utc": "2025-02-22 10:00:00", "level_m": 36.0, "datetime_eastern": "2025-02-22 05:00:00", "hour_eastern": "05:00 AM" }, "geometry": { "type": "Point", "coordinates": [ -74.82, 39.708 ] } },
{ "type": "Feature", "properties": { "id": 11013, "traj_num": 11, "datetime_utc": "2025-02-22 11:00:00", "level_m": 30.0, "datetime_eastern": "2025-02-22 06:00:00", "hour_eastern": "06:00 AM" }, "geometry": { "type": "Point", "coordinates": [ -74.649, 39.586 ] } },
{ "type": "Feature", "properties": { "id": 11014, "traj_num": 11, "datetime_utc": "2025-02-22 12:00:00", "level_m": 25.0, "datetime_eastern": "2025-02-22 07:00:00", "hour_eastern": "07:00 AM" }, "geometry": { "type": "Point", "coordinates": [ -74.475, 39.456 ] } },
{ "type": "Feature", "properties": { "id": 11015, "traj_num": 11, "datetime_utc": "2025-02-22 13:00:00", "level_m": 22.0, "datetime_eastern": "2025-02-22 08:00:00", "hour_eastern": "08:00 AM" }, "geometry": { "type": "Point", "coordinates": [ -74.303, 39.321 ] } },
{ "type": "Feature", "properties": { "id": 11016, "traj_num": 11, "datetime_utc": "2025-02-22 14:00:00", "level_m": 20.0, "datetime_eastern": "2025-02-22 09:00:00", "hour_eastern": "09:00 AM" }, "geometry": { "type": "Point", "coordinates": [ -74.134, 39.187 ] } },
{ "type": "Feature", "properties": { "id": 11017, "traj_num": 11, "datetime_utc": "2025-02-22 15:00:00", "level_m": 19.0, "datetime_eastern": "2025-02-22 10:00:00", "hour_eastern": "10:00 AM" }, "geometry": { "type": "Point", "coordinates": [ -73.972, 39.061 ] } },
{ "type": "Feature", "properties": { "id": 11018, "traj_num": 11, "datetime_utc": "2025-02-22 16:00:00", "level_m": 18.0, "datetime_eastern": "2025-02-22 11:00:00", "hour_eastern": "11:00 AM" }, "geometry": { "type": "Point", "coordinates": [ -73.812, 38.959 ] } },
{ "type": "Feature", "properties": { "id": 11019, "traj_num": 11, "datetime_utc": "2025-02-22 17:00:00", "level_m": 17.0, "datetime_eastern": "2025-02-22 12:00:00", "hour_eastern": "12:00 PM" }, "geometry": { "type": "Point", "coordinates": [ -73.646, 38.893 ] } },
{ "type": "Feature", "properties": { "id": 11020, "traj_num": 11, "datetime_utc": "2025-02-22 18:00:00", "level_m": 16.0, "datetime_eastern": "2025-02-22 13:00:00", "hour_eastern": "01:00 PM" }, "geometry": { "type": "Point", "coordinates": [ -73.473, 38.858 ] } },
{ "type": "Feature", "properties": { "id": 11021, "traj_num": 11, "datetime_utc": "2025-02-22 19:00:00", "level_m": 14.0, "datetime_eastern": "2025-02-22 14:00:00", "hour_eastern": "02:00 PM" }, "geometry": { "type": "Point", "coordinates": [ -73.289, 38.846 ] } },
{ "type": "Feature", "properties": { "id": 11022, "traj_num": 11, "datetime_utc": "2025-02-22 20:00:00", "level_m": 14.0, "datetime_eastern": "2025-02-22 15:00:00", "hour_eastern": "03:00 PM" }, "geometry": { "type": "Point", "coordinates": [ -73.091, 38.85 ] } },
{ "type": "Feature", "properties": { "id": 11023, "traj_num": 11, "datetime_utc": "2025-02-22 21:00:00", "level_m": 14.0, "datetime_eastern": "2025-02-22 16:00:00", "hour_eastern": "04:00 PM" }, "geometry": { "type": "Point", "coordinates": [ -72.88, 38.875 ] } },
{ "type": "Feature", "properties": { "id": 11024, "traj_num": 11, "datetime_utc": "2025-02-22 22:00:00", "level_m": 14.0, "datetime_eastern": "2025-02-22 17:00:00", "hour_eastern": "05:00 PM" }, "geometry": { "type": "Point", "coordinates": [ -72.65, 38.916 ] } },
{ "type": "Feature", "properties": { "id": 11025, "traj_num": 11, "datetime_utc": "2025-02-22 23:00:00", "level_m": 14.0, "datetime_eastern": "2025-02-22 18:00:00", "hour_eastern": "06:00 PM" }, "geometry": { "type": "Point", "coordinates": [ -72.399, 38.969 ] } },
{ "type": "Feature", "properties": { "id": 11026, "traj_num": 11, "datetime_utc": "2025-02-23 00:00:00", "level_m": 14.0, "datetime_eastern": "2025-02-22 19:00:00", "hour_eastern": "07:00 PM" }, "geometry": { "type": "Point", "coordinates": [ -72.127, 39.044 ] } },
{ "type": "Feature", "properties": { "id": 11027, "traj_num": 11, "datetime_utc": "2025-02-23 01:00:00", "level_m": 13.0, "datetime_eastern": "2025-02-22 20:00:00", "hour_eastern": "08:00 PM" }, "geometry": { "type": "Point", "coordinates": [ -71.837, 39.128 ] } },
{ "type": "Feature", "properties": { "id": 11028, "traj_num": 11, "datetime_utc": "2025-02-23 02:00:00", "level_m": 13.0, "datetime_eastern": "2025-02-22 21:00:00", "hour_eastern": "09:00 PM" }, "geometry": { "type": "Point", "coordinates": [ -71.527, 39.205 ] } },
{ "type": "Feature", "properties": { "id": 11029, "traj_num": 11, "datetime_utc": "2025-02-23 03:00:00", "level_m": 12.0, "datetime_eastern": "2025-02-22 22:00:00", "hour_eastern": "10:00 PM" }, "geometry": { "type": "Point", "coordinates": [ -71.198, 39.281 ] } },
{ "type": "Feature", "properties": { "id": 11030, "traj_num": 11, "datetime_utc": "2025-02-23 04:00:00", "level_m": 12.0, "datetime_eastern": "2025-02-22 23:00:00", "hour_eastern": "11:00 PM" }, "geometry": { "type": "Point", "coordinates": [ -70.858, 39.354 ] } },
{ "type": "Feature", "properties": { "id": 11031, "traj_num": 11, "datetime_utc": "2025-02-23 05:00:00", "level_m": 12.0, "datetime_eastern": "2025-02-23 00:00:00", "hour_eastern": "12:00 AM" }, "geometry": { "type": "Point", "coordinates": [ -70.521, 39.417 ] } },
{ "type": "Feature", "properties": { "id": 11032, "traj_num": 11, "datetime_utc": "2025-02-23 06:00:00", "level_m": 13.0, "datetime_eastern": "2025-02-23 01:00:00", "hour_eastern": "01:00 AM" }, "geometry": { "type": "Point", "coordinates": [ -70.189, 39.474 ] } },
{ "type": "Feature", "properties": { "id": 11033, "traj_num": 11, "datetime_utc": "2025-02-23 07:00:00", "level_m": 14.0, "datetime_eastern": "2025-02-23 02:00:00", "hour_eastern": "02:00 AM" }, "geometry": { "type": "Point", "coordinates": [ -69.855, 39.527 ] } },
{ "type": "Feature", "properties": { "id": 11034, "traj_num": 11, "datetime_utc": "2025-02-23 08:00:00", "level_m": 15.0, "datetime_eastern": "2025-02-23 03:00:00", "hour_eastern": "03:00 AM" }, "geometry": { "type": "Point", "coordinates": [ -69.51, 39.578 ] } },
{ "type": "Feature", "properties": { "id": 12000, "traj_num": 12, "datetime_utc": "2025-02-21 22:00:00", "level_m": 50.0, "datetime_eastern": "2025-02-21 17:00:00", "hour_eastern": "05:00 PM" }, "geometry": { "type": "Point", "coordinates": [ -75.13, 39.927 ] } },
{ "type": "Feature", "properties": { "id": 12012, "traj_num": 12, "datetime_utc": "2025-02-22 10:00:00", "level_m": 42.0, "datetime_eastern": "2025-02-22 05:00:00", "hour_eastern": "05:00 AM" }, "geometry": { "type": "Point", "coordinates": [ -74.983, 39.833 ] } },
{ "type": "Feature", "properties": { "id": 12013, "traj_num": 12, "datetime_utc": "2025-02-22 11:00:00", "level_m": 35.0, "datetime_eastern": "2025-02-22 06:00:00", "hour_eastern": "06:00 AM" }, "geometry": { "type": "Point", "coordinates": [ -74.832, 39.737 ] } },
{ "type": "Feature", "properties": { "id": 12014, "traj_num": 12, "datetime_utc": "2025-02-22 12:00:00", "level_m": 29.0, "datetime_eastern": "2025-02-22 07:00:00", "hour_eastern": "07:00 AM" }, "geometry": { "type": "Point", "coordinates": [ -74.675, 39.635 ] } },
{ "type": "Feature", "properties": { "id": 12015, "traj_num": 12, "datetime_utc": "2025-02-22 13:00:00", "level_m": 24.0, "datetime_eastern": "2025-02-22 08:00:00", "hour_eastern": "08:00 AM" }, "geometry": { "type": "Point", "coordinates": [ -74.514, 39.528 ] } },
{ "type": "Feature", "properties": { "id": 12016, "traj_num": 12, "datetime_utc": "2025-02-22 14:00:00", "level_m": 21.0, "datetime_eastern": "2025-02-22 09:00:00", "hour_eastern": "09:00 AM" }, "geometry": { "type": "Point", "coordinates": [ -74.354, 39.419 ] } },
{ "type": "Feature", "properties": { "id": 12017, "traj_num": 12, "datetime_utc": "2025-02-22 15:00:00", "level_m": 19.0, "datetime_eastern": "2025-02-22 10:00:00", "hour_eastern": "10:00 AM" }, "geometry": { "type": "Point", "coordinates": [ -74.196, 39.315 ] } },
{ "type": "Feature", "properties": { "id": 12018, "traj_num": 12, "datetime_utc": "2025-02-22 16:00:00", "level_m": 17.0, "datetime_eastern": "2025-02-22 11:00:00", "hour_eastern": "11:00 AM" }, "geometry": { "type": "Point", "coordinates": [ -74.04, 39.234 ] } },
{ "type": "Feature", "properties": { "id": 12019, "traj_num": 12, "datetime_utc": "2025-02-22 17:00:00", "level_m": 16.0, "datetime_eastern": "2025-02-22 12:00:00", "hour_eastern": "12:00 PM" }, "geometry": { "type": "Point", "coordinates": [ -73.881, 39.191 ] } },
{ "type": "Feature", "properties": { "id": 12020, "traj_num": 12, "datetime_utc": "2025-02-22 18:00:00", "level_m": 14.0, "datetime_eastern": "2025-02-22 13:00:00", "hour_eastern": "01:00 PM" }, "geometry": { "type": "Point", "coordinates": [ -73.717, 39.184 ] } },
{ "type": "Feature", "properties": { "id": 12021, "traj_num": 12, "datetime_utc": "2025-02-22 19:00:00", "level_m": 13.0, "datetime_eastern": "2025-02-22 14:00:00", "hour_eastern": "02:00 PM" }, "geometry": { "type": "Point", "coordinates": [ -73.543, 39.198 ] } },
{ "type": "Feature", "properties": { "id": 12022, "traj_num": 12, "datetime_utc": "2025-02-22 20:00:00", "level_m": 12.0, "datetime_eastern": "2025-02-22 15:00:00", "hour_eastern": "03:00 PM" }, "geometry": { "type": "Point", "coordinates": [ -73.355, 39.228 ] } },
{ "type": "Feature", "properties": { "id": 12023, "traj_num": 12, "datetime_utc": "2025-02-22 21:00:00", "level_m": 12.0, "datetime_eastern": "2025-02-22 16:00:00", "hour_eastern": "04:00 PM" }, "geometry": { "type": "Point", "coordinates": [ -73.156, 39.282 ] } },
{ "type": "Feature", "properties": { "id": 12024, "traj_num": 12, "datetime_utc": "2025-02-22 22:00:00", "level_m": 12.0, "datetime_eastern": "2025-02-22 17:00:00", "hour_eastern": "05:00 PM" }, "geometry": { "type": "Point", "coordinates": [ -72.938, 39.356 ] } },
{ "type": "Feature", "properties": { "id": 12025, "traj_num": 12, "datetime_utc": "2025-02-22 23:00:00", "level_m": 11.0, "datetime_eastern": "2025-02-22 18:00:00", "hour_eastern": "06:00 PM" }, "geometry": { "type": "Point", "coordinates": [ -72.69, 39.445 ] } },
{ "type": "Feature", "properties": { "id": 12026, "traj_num": 12, "datetime_utc": "2025-02-23 00:00:00", "level_m": 11.0, "datetime_eastern": "2025-02-22 19:00:00", "hour_eastern": "07:00 PM" }, "geometry": { "type": "Point", "coordinates": [ -72.416, 39.551 ] } },
{ "type": "Feature", "properties": { "id": 12027, "traj_num": 12, "datetime_utc": "2025-02-23 01:00:00", "level_m": 11.0, "datetime_eastern": "2025-02-22 20:00:00", "hour_eastern": "08:00 PM" }, "geometry": { "type": "Point", "coordinates": [ -72.119, 39.661 ] } },
{ "type": "Feature", "properties": { "id": 12028, "traj_num": 12, "datetime_utc": "2025-02-23 02:00:00", "level_m": 11.0, "datetime_eastern": "2025-02-22 21:00:00", "hour_eastern": "09:00 PM" }, "geometry": { "type": "Point", "coordinates": [ -71.8, 39.761 ] } },
{ "type": "Feature", "properties": { "id": 12029, "traj_num": 12, "datetime_utc": "2025-02-23 03:00:00", "level_m": 11.0, "datetime_eastern": "2025-02-22 22:00:00", "hour_eastern": "10:00 PM" }, "geometry": { "type": "Point", "coordinates": [ -71.459, 39.858 ] } },
{ "type": "Feature", "properties": { "id": 12030, "traj_num": 12, "datetime_utc": "2025-02-23 04:00:00", "level_m": 10.0, "datetime_eastern": "2025-02-22 23:00:00", "hour_eastern": "11:00 PM" }, "geometry": { "type": "Point", "coordinates": [ -71.105, 39.948 ] } },
{ "type": "Feature", "properties": { "id": 12031, "traj_num": 12, "datetime_utc": "2025-02-23 05:00:00", "level_m": 10.0, "datetime_eastern": "2025-02-23 00:00:00", "hour_eastern": "12:00 AM" }, "geometry": { "type": "Point", "coordinates": [ -70.754, 40.025 ] } },
{ "type": "Feature", "properties": { "id": 12032, "traj_num": 12, "datetime_utc": "2025-02-23 06:00:00", "level_m": 10.0, "datetime_eastern": "2025-02-23 01:00:00", "hour_eastern": "01:00 AM" }, "geometry": { "type": "Point", "coordinates": [ -70.411, 40.09 ] } },
{ "type": "Feature", "properties": { "id": 12033, "traj_num": 12, "datetime_utc": "2025-02-23 07:00:00", "level_m": 10.0, "datetime_eastern": "2025-02-23 02:00:00", "hour_eastern": "02:00 AM" }, "geometry": { "type": "Point", "coordinates": [ -70.074, 40.15 ] } },
{ "type": "Feature", "properties": { "id": 12034, "traj_num": 12, "datetime_utc": "2025-02-23 08:00:00", "level_m": 10.0, "datetime_eastern": "2025-02-23 03:00:00", "hour_eastern": "03:00 AM" }, "geometry": { "type": "Point", "coordinates": [ -69.734, 40.215 ] } },
{ "type": "Feature", "properties": { "id": 12035, "traj_num": 12, "datetime_utc": "2025-02-23 09:00:00", "level_m": 10.0, "datetime_eastern": "2025-02-23 04:00:00", "hour_eastern": "04:00 AM" }, "geometry": { "type": "Point", "coordinates": [ -69.387, 40.292 ] } },
{ "type": "Feature", "properties": { "id": 13000, "traj_num": 13, "datetime_utc": "2025-02-21 22:00:00", "level_m": 50.0, "datetime_eastern": "2025-02-21 17:00:00", "hour_eastern": "05:00 PM" }, "geometry": { "type": "Point", "coordinates": [ -75.13, 39.927 ] } },
{ "type": "Feature", "properties": { "id": 13013, "traj_num": 13, "datetime_utc": "2025-02-22 11:00:00", "level_m": 42.0, "datetime_eastern": "2025-02-22 06:00:00", "hour_eastern": "06:00 AM" }, "geometry": { "type": "Point", "coordinates": [ -74.989, 39.847 ] } },
{ "type": "Feature", "properties": { "id": 13014, "traj_num": 13, "datetime_utc": "2025-02-22 12:00:00", "level_m": 35.0, "datetime_eastern": "2025-02-22 07:00:00", "hour_eastern": "07:00 AM" }, "geometry": { "type": "Point", "coordinates": [ -74.847, 39.769 ] } },
{ "type": "Feature", "properties": { "id": 13015, "traj_num": 13, "datetime_utc": "2025-02-22 13:00:00", "level_m": 29.0, "datetime_eastern": "2025-02-22 08:00:00", "hour_eastern": "08:00 AM" }, "geometry": { "type": "Point", "coordinates": [ -74.7, 39.685 ] } },
{ "type": "Feature", "properties": { "id": 13016, "traj_num": 13, "datetime_utc": "2025-02-22 14:00:00", "level_m": 24.0, "datetime_eastern": "2025-02-22 09:00:00", "hour_eastern": "09:00 AM" }, "geometry": { "type": "Point", "coordinates": [ -74.551, 39.598 ] } },
{ "type": "Feature", "properties": { "id": 13017, "traj_num": 13, "datetime_utc": "2025-02-22 15:00:00", "level_m": 21.0, "datetime_eastern": "2025-02-22 10:00:00", "hour_eastern": "10:00 AM" }, "geometry": { "type": "Point", "coordinates": [ -74.402, 39.512 ] } },
{ "type": "Feature", "properties": { "id": 13018, "traj_num": 13, "datetime_utc": "2025-02-22 16:00:00", "level_m": 18.0, "datetime_eastern": "2025-02-22 11:00:00", "hour_eastern": "11:00 AM" }, "geometry": { "type": "Point", "coordinates": [ -74.256, 39.444 ] } },
{ "type": "Feature", "properties": { "id": 13019, "traj_num": 13, "datetime_utc": "2025-02-22 17:00:00", "level_m": 16.0, "datetime_eastern": "2025-02-22 12:00:00", "hour_eastern": "12:00 PM" }, "geometry": { "type": "Point", "coordinates": [ -74.111, 39.412 ] } },
{ "type": "Feature", "properties": { "id": 13020, "traj_num": 13, "datetime_utc": "2025-02-22 18:00:00", "level_m": 14.0, "datetime_eastern": "2025-02-22 13:00:00", "hour_eastern": "01:00 PM" }, "geometry": { "type": "Point", "coordinates": [ -73.967, 39.423 ] } },
{ "type": "Feature", "properties": { "id": 13021, "traj_num": 13, "datetime_utc": "2025-02-22 19:00:00", "level_m": 13.0, "datetime_eastern": "2025-02-22 14:00:00", "hour_eastern": "02:00 PM" }, "geometry": { "type": "Point", "coordinates": [ -73.816, 39.462 ] } },
{ "type": "Feature", "properties": { "id": 13022, "traj_num": 13, "datetime_utc": "2025-02-22 20:00:00", "level_m": 13.0, "datetime_eastern": "2025-02-22 15:00:00", "hour_eastern": "03:00 PM" }, "geometry": { "type": "Point", "coordinates": [ -73.654, 39.517 ] } },
{ "type": "Feature", "properties": { "id": 13023, "traj_num": 13, "datetime_utc": "2025-02-22 21:00:00", "level_m": 14.0, "datetime_eastern": "2025-02-22 16:00:00", "hour_eastern": "04:00 PM" }, "geometry": { "type": "Point", "coordinates": [ -73.485, 39.595 ] } },
{ "type": "Feature", "properties": { "id": 13024, "traj_num": 13, "datetime_utc": "2025-02-22 22:00:00", "level_m": 14.0, "datetime_eastern": "2025-02-22 17:00:00", "hour_eastern": "05:00 PM" }, "geometry": { "type": "Point", "coordinates": [ -73.295, 39.696 ] } },
{ "type": "Feature", "properties": { "id": 13025, "traj_num": 13, "datetime_utc": "2025-02-22 23:00:00", "level_m": 14.0, "datetime_eastern": "2025-02-22 18:00:00", "hour_eastern": "06:00 PM" }, "geometry": { "type": "Point", "coordinates": [ -73.066, 39.819 ] } },
{ "type": "Feature", "properties": { "id": 13026, "traj_num": 13, "datetime_utc": "2025-02-23 00:00:00", "level_m": 14.0, "datetime_eastern": "2025-02-22 19:00:00", "hour_eastern": "07:00 PM" }, "geometry": { "type": "Point", "coordinates": [ -72.793, 39.971 ] } },
{ "type": "Feature", "properties": { "id": 13027, "traj_num": 13, "datetime_utc": "2025-02-23 01:00:00", "level_m": 13.0, "datetime_eastern": "2025-02-22 20:00:00", "hour_eastern": "08:00 PM" }, "geometry": { "type": "Point", "coordinates": [ -72.494, 40.124 ] } },
{ "type": "Feature", "properties": { "id": 13028, "traj_num": 13, "datetime_utc": "2025-02-23 02:00:00", "level_m": 12.0, "datetime_eastern": "2025-02-22 21:00:00", "hour_eastern": "09:00 PM" }, "geometry": { "type": "Point", "coordinates": [ -72.18, 40.256 ] } },
{ "type": "Feature", "properties": { "id": 13029, "traj_num": 13, "datetime_utc": "2025-02-23 03:00:00", "level_m": 11.0, "datetime_eastern": "2025-02-22 22:00:00", "hour_eastern": "10:00 PM" }, "geometry": { "type": "Point", "coordinates": [ -71.848, 40.385 ] } },
{ "type": "Feature", "properties": { "id": 13030, "traj_num": 13, "datetime_utc": "2025-02-23 04:00:00", "level_m": 10.0, "datetime_eastern": "2025-02-22 23:00:00", "hour_eastern": "11:00 PM" }, "geometry": { "type": "Point", "coordinates": [ -71.503, 40.509 ] } },
{ "type": "Feature", "properties": { "id": 13031, "traj_num": 13, "datetime_utc": "2025-02-23 05:00:00", "level_m": 10.0, "datetime_eastern": "2025-02-23 00:00:00", "hour_eastern": "12:00 AM" }, "geometry": { "type": "Point", "coordinates": [ -71.145, 40.618 ] } },
{ "type": "Feature", "properties": { "id": 13032, "traj_num": 13, "datetime_utc": "2025-02-23 06:00:00", "level_m": 10.0, "datetime_eastern": "2025-02-23 01:00:00", "hour_eastern": "01:00 AM" }, "geometry": { "type": "Point", "coordinates": [ -70.784, 40.719 ] } },
{ "type": "Feature", "properties": { "id": 13033, "traj_num": 13, "datetime_utc": "2025-02-23 07:00:00", "level_m": 10.0, "datetime_eastern": "2025-02-23 02:00:00", "hour_eastern": "02:00 AM" }, "geometry": { "type": "Point", "coordinates": [ -70.44, 40.822 ] } },
{ "type": "Feature", "properties": { "id": 13034, "traj_num": 13, "datetime_utc": "2025-02-23 08:00:00", "level_m": 10.0, "datetime_eastern": "2025-02-23 03:00:00", "hour_eastern": "03:00 AM" }, "geometry": { "type": "Point", "coordinates": [ -70.122, 40.931 ] } },
{ "type": "Feature", "properties": { "id": 13035, "traj_num": 13, "datetime_utc": "2025-02-23 09:00:00", "level_m": 12.0, "datetime_eastern": "2025-02-23 04:00:00", "hour_eastern": "04:00 AM" }, "geometry": { "type": "Point", "coordinates": [ -69.817, 41.049 ] } },
{ "type": "Feature", "properties": { "id": 13036, "traj_num": 13, "datetime_utc": "2025-02-23 10:00:00", "level_m": 12.0, "datetime_eastern": "2025-02-23 05:00:00", "hour_eastern": "05:00 AM" }, "geometry": { "type": "Point", "coordinates": [ -69.495, 41.176 ] } },
{ "type": "Feature", "properties": { "id": 14000, "traj_num": 14, "datetime_utc": "2025-02-21 22:00:00", "level_m": 50.0, "datetime_eastern": "2025-02-21 17:00:00", "hour_eastern": "05:00 PM" }, "geometry": { "type": "Point", "coordinates": [ -75.13, 39.927 ] } },
{ "type": "Feature", "properties": { "id": 14014, "traj_num": 14, "datetime_utc": "2025-02-22 12:00:00", "level_m": 42.0, "datetime_eastern": "2025-02-22 07:00:00", "hour_eastern": "07:00 AM" }, "geometry": { "type": "Point", "coordinates": [ -74.994, 39.862 ] } },
{ "type": "Feature", "properties": { "id": 14015, "traj_num": 14, "datetime_utc": "2025-02-22 13:00:00", "level_m": 34.0, "datetime_eastern": "2025-02-22 08:00:00", "hour_eastern": "08:00 AM" }, "geometry": { "type": "Point", "coordinates": [ -74.86, 39.797 ] } },
{ "type": "Feature", "properties": { "id": 14016, "traj_num": 14, "datetime_utc": "2025-02-22 14:00:00", "level_m": 29.0, "datetime_eastern": "2025-02-22 09:00:00", "hour_eastern": "09:00 AM" }, "geometry": { "type": "Point", "coordinates": [ -74.723, 39.727 ] } },
{ "type": "Feature", "properties": { "id": 14017, "traj_num": 14, "datetime_utc": "2025-02-22 15:00:00", "level_m": 24.0, "datetime_eastern": "2025-02-22 10:00:00", "hour_eastern": "10:00 AM" }, "geometry": { "type": "Point", "coordinates": [ -74.584, 39.656 ] } },
{ "type": "Feature", "properties": { "id": 14018, "traj_num": 14, "datetime_utc": "2025-02-22 16:00:00", "level_m": 20.0, "datetime_eastern": "2025-02-22 11:00:00", "hour_eastern": "11:00 AM" }, "geometry": { "type": "Point", "coordinates": [ -74.448, 39.599 ] } },
{ "type": "Feature", "properties": { "id": 14019, "traj_num": 14, "datetime_utc": "2025-02-22 17:00:00", "level_m": 17.0, "datetime_eastern": "2025-02-22 12:00:00", "hour_eastern": "12:00 PM" }, "geometry": { "type": "Point", "coordinates": [ -74.315, 39.572 ] } },
{ "type": "Feature", "properties": { "id": 14020, "traj_num": 14, "datetime_utc": "2025-02-22 18:00:00", "level_m": 15.0, "datetime_eastern": "2025-02-22 13:00:00", "hour_eastern": "01:00 PM" }, "geometry": { "type": "Point", "coordinates": [ -74.188, 39.583 ] } },
{ "type": "Feature", "properties": { "id": 14021, "traj_num": 14, "datetime_utc": "2025-02-22 19:00:00", "level_m": 14.0, "datetime_eastern": "2025-02-22 14:00:00", "hour_eastern": "02:00 PM" }, "geometry": { "type": "Point", "coordinates": [ -74.061, 39.63 ] } },
{ "type": "Feature", "properties": { "id": 14022, "traj_num": 14, "datetime_utc": "2025-02-22 20:00:00", "level_m": 15.0, "datetime_eastern": "2025-02-22 15:00:00", "hour_eastern": "03:00 PM" }, "geometry": { "type": "Point", "coordinates": [ -73.928, 39.703 ] } },
{ "type": "Feature", "properties": { "id": 14023, "traj_num": 14, "datetime_utc": "2025-02-22 21:00:00", "level_m": 17.0, "datetime_eastern": "2025-02-22 16:00:00", "hour_eastern": "04:00 PM" }, "geometry": { "type": "Point", "coordinates": [ -73.791, 39.802 ] } },
{ "type": "Feature", "properties": { "id": 14024, "traj_num": 14, "datetime_utc": "2025-02-22 22:00:00", "level_m": 20.0, "datetime_eastern": "2025-02-22 17:00:00", "hour_eastern": "05:00 PM" }, "geometry": { "type": "Point", "coordinates": [ -73.637, 39.919 ] } },
{ "type": "Feature", "properties": { "id": 14025, "traj_num": 14, "datetime_utc": "2025-02-22 23:00:00", "level_m": 21.0, "datetime_eastern": "2025-02-22 18:00:00", "hour_eastern": "06:00 PM" }, "geometry": { "type": "Point", "coordinates": [ -73.443, 40.048 ] } },
{ "type": "Feature", "properties": { "id": 14026, "traj_num": 14, "datetime_utc": "2025-02-23 00:00:00", "level_m": 20.0, "datetime_eastern": "2025-02-22 19:00:00", "hour_eastern": "07:00 PM" }, "geometry": { "type": "Point", "coordinates": [ -73.212, 40.2 ] } },
{ "type": "Feature", "properties": { "id": 14027, "traj_num": 14, "datetime_utc": "2025-02-23 01:00:00", "level_m": 18.0, "datetime_eastern": "2025-02-22 20:00:00", "hour_eastern": "08:00 PM" }, "geometry": { "type": "Point", "coordinates": [ -72.957, 40.365 ] } },
{ "type": "Feature", "properties": { "id": 14028, "traj_num": 14, "datetime_utc": "2025-02-23 02:00:00", "level_m": 16.0, "datetime_eastern": "2025-02-22 21:00:00", "hour_eastern": "09:00 PM" }, "geometry": { "type": "Point", "coordinates": [ -72.683, 40.515 ] } },
{ "type": "Feature", "properties": { "id": 14029, "traj_num": 14, "datetime_utc": "2025-02-23 03:00:00", "level_m": 13.0, "datetime_eastern": "2025-02-22 22:00:00", "hour_eastern": "10:00 PM" }, "geometry": { "type": "Point", "coordinates": [ -72.389, 40.655 ] } },
{ "type": "Feature", "properties": { "id": 14030, "traj_num": 14, "datetime_utc": "2025-02-23 04:00:00", "level_m": 11.0, "datetime_eastern": "2025-02-22 23:00:00", "hour_eastern": "11:00 PM" }, "geometry": { "type": "Point", "coordinates": [ -72.084, 40.798 ] } },
{ "type": "Feature", "properties": { "id": 14031, "traj_num": 14, "datetime_utc": "2025-02-23 05:00:00", "level_m": 8.0, "datetime_eastern": "2025-02-23 00:00:00", "hour_eastern": "12:00 AM" }, "geometry": { "type": "Point", "coordinates": [ -71.772, 40.938 ] } },
{ "type": "Feature", "properties": { "id": 14032, "traj_num": 14, "datetime_utc": "2025-02-23 06:00:00", "level_m": 6.0, "datetime_eastern": "2025-02-23 01:00:00", "hour_eastern": "01:00 AM" }, "geometry": { "type": "Point", "coordinates": [ -71.451, 41.065 ] } },
{ "type": "Feature", "properties": { "id": 14033, "traj_num": 14, "datetime_utc": "2025-02-23 07:00:00", "level_m": 6.0, "datetime_eastern": "2025-02-23 02:00:00", "hour_eastern": "02:00 AM" }, "geometry": { "type": "Point", "coordinates": [ -71.119, 41.176 ] } },
{ "type": "Feature", "properties": { "id": 14034, "traj_num": 14, "datetime_utc": "2025-02-23 08:00:00", "level_m": 6.0, "datetime_eastern": "2025-02-23 03:00:00", "hour_eastern": "03:00 AM" }, "geometry": { "type": "Point", "coordinates": [ -70.788, 41.281 ] } },
{ "type": "Feature", "properties": { "id": 14035, "traj_num": 14, "datetime_utc": "2025-02-23 09:00:00", "level_m": 7.0, "datetime_eastern": "2025-02-23 04:00:00", "hour_eastern": "04:00 AM" }, "geometry": { "type": "Point", "coordinates": [ -70.472, 41.394 ] } },
{ "type": "Feature", "properties": { "id": 14036, "traj_num": 14, "datetime_utc": "2025-02-23 10:00:00", "level_m": 8.0, "datetime_eastern": "2025-02-23 05:00:00", "hour_eastern": "05:00 AM" }, "geometry": { "type": "Point", "coordinates": [ -70.16, 41.512 ] } },
{ "type": "Feature", "properties": { "id": 14037, "traj_num": 14, "datetime_utc": "2025-02-23 11:00:00", "level_m": 9.0, "datetime_eastern": "2025-02-23 06:00:00", "hour_eastern": "06:00 AM" }, "geometry": { "type": "Point", "coordinates": [ -69.824, 41.621 ] } },
{ "type": "Feature", "properties": { "id": 15000, "traj_num": 15, "datetime_utc": "2025-02-21 22:00:00", "level_m": 50.0, "datetime_eastern": "2025-02-21 17:00:00", "hour_eastern": "05:00 PM" }, "geometry": { "type": "Point", "coordinates": [ -75.13, 39.927 ] } },
{ "type": "Feature", "properties": { "id": 15015, "traj_num": 15, "datetime_utc": "2025-02-22 13:00:00", "level_m": 42.0, "datetime_eastern": "2025-02-22 08:00:00", "hour_eastern": "08:00 AM" }, "geometry": { "type": "Point", "coordinates": [ -75.0, 39.872 ] } },
{ "type": "Feature", "properties": { "id": 15016, "traj_num": 15, "datetime_utc": "2025-02-22 14:00:00", "level_m": 35.0, "datetime_eastern": "2025-02-22 09:00:00", "hour_eastern": "09:00 AM" }, "geometry": { "type": "Point", "coordinates": [ -74.873, 39.815 ] } },
{ "type": "Feature", "properties": { "id": 15017, "traj_num": 15, "datetime_utc": "2025-02-22 15:00:00", "level_m": 29.0, "datetime_eastern": "2025-02-22 10:00:00", "hour_eastern": "10:00 AM" }, "geometry": { "type": "Point", "coordinates": [ -74.745, 39.757 ] } },
{ "type": "Feature", "properties": { "id": 15018, "traj_num": 15, "datetime_utc": "2025-02-22 16:00:00", "level_m": 24.0, "datetime_eastern": "2025-02-22 11:00:00", "hour_eastern": "11:00 AM" }, "geometry": { "type": "Point", "coordinates": [ -74.616, 39.709 ] } },
{ "type": "Feature", "properties": { "id": 15019, "traj_num": 15, "datetime_utc": "2025-02-22 17:00:00", "level_m": 20.0, "datetime_eastern": "2025-02-22 12:00:00", "hour_eastern": "12:00 PM" }, "geometry": { "type": "Point", "coordinates": [ -74.492, 39.687 ] } },
{ "type": "Feature", "properties": { "id": 15020, "traj_num": 15, "datetime_utc": "2025-02-22 18:00:00", "level_m": 17.0, "datetime_eastern": "2025-02-22 13:00:00", "hour_eastern": "01:00 PM" }, "geometry": { "type": "Point", "coordinates": [ -74.374, 39.698 ] } },
{ "type": "Feature", "properties": { "id": 15021, "traj_num": 15, "datetime_utc": "2025-02-22 19:00:00", "level_m": 16.0, "datetime_eastern": "2025-02-22 14:00:00", "hour_eastern": "02:00 PM" }, "geometry": { "type": "Point", "coordinates": [ -74.26, 39.741 ] } },
{ "type": "Feature", "properties": { "id": 15022, "traj_num": 15, "datetime_utc": "2025-02-22 20:00:00", "level_m": 16.0, "datetime_eastern": "2025-02-22 15:00:00", "hour_eastern": "03:00 PM" }, "geometry": { "type": "Point", "coordinates": [ -74.148, 39.814 ] } },
{ "type": "Feature", "properties": { "id": 15023, "traj_num": 15, "datetime_utc": "2025-02-22 21:00:00", "level_m": 20.0, "datetime_eastern": "2025-02-22 16:00:00", "hour_eastern": "04:00 PM" }, "geometry": { "type": "Point", "coordinates": [ -74.038, 39.92 ] } },
{ "type": "Feature", "properties": { "id": 15024, "traj_num": 15, "datetime_utc": "2025-02-22 22:00:00", "level_m": 26.0, "datetime_eastern": "2025-02-22 17:00:00", "hour_eastern": "05:00 PM" }, "geometry": { "type": "Point", "coordinates": [ -73.912, 40.044 ] } },
{ "type": "Feature", "properties": { "id": 15025, "traj_num": 15, "datetime_utc": "2025-02-22 23:00:00", "level_m": 30.0, "datetime_eastern": "2025-02-22 18:00:00", "hour_eastern": "06:00 PM" }, "geometry": { "type": "Point", "coordinates": [ -73.749, 40.168 ] } },
{ "type": "Feature", "properties": { "id": 15026, "traj_num": 15, "datetime_utc": "2025-02-23 00:00:00", "level_m": 30.0, "datetime_eastern": "2025-02-22 19:00:00", "hour_eastern": "07:00 PM" }, "geometry": { "type": "Point", "coordinates": [ -73.551, 40.302 ] } },
{ "type": "Feature", "properties": { "id": 15027, "traj_num": 15, "datetime_utc": "2025-02-23 01:00:00", "level_m": 28.0, "datetime_eastern": "2025-02-22 20:00:00", "hour_eastern": "08:00 PM" }, "geometry": { "type": "Point", "coordinates": [ -73.332, 40.445 ] } },
{ "type": "Feature", "properties": { "id": 15028, "traj_num": 15, "datetime_utc": "2025-02-23 02:00:00", "level_m": 25.0, "datetime_eastern": "2025-02-22 21:00:00", "hour_eastern": "09:00 PM" }, "geometry": { "type": "Point", "coordinates": [ -73.093, 40.585 ] } },
{ "type": "Feature", "properties": { "id": 15029, "traj_num": 15, "datetime_utc": "2025-02-23 03:00:00", "level_m": 22.0, "datetime_eastern": "2025-02-22 22:00:00", "hour_eastern": "10:00 PM" }, "geometry": { "type": "Point", "coordinates": [ -72.827, 40.715 ] } },
{ "type": "Feature", "properties": { "id": 15030, "traj_num": 15, "datetime_utc": "2025-02-23 04:00:00", "level_m": 19.0, "datetime_eastern": "2025-02-22 23:00:00", "hour_eastern": "11:00 PM" }, "geometry": { "type": "Point", "coordinates": [ -72.545, 40.845 ] } },
{ "type": "Feature", "properties": { "id": 15031, "traj_num": 15, "datetime_utc": "2025-02-23 05:00:00", "level_m": 14.0, "datetime_eastern": "2025-02-23 00:00:00", "hour_eastern": "12:00 AM" }, "geometry": { "type": "Point", "coordinates": [ -72.261, 40.983 ] } },
{ "type": "Feature", "properties": { "id": 15032, "traj_num": 15, "datetime_utc": "2025-02-23 06:00:00", "level_m": 11.0, "datetime_eastern": "2025-02-23 01:00:00", "hour_eastern": "01:00 AM" }, "geometry": { "type": "Point", "coordinates": [ -71.982, 41.114 ] } },
{ "type": "Feature", "properties": { "id": 15033, "traj_num": 15, "datetime_utc": "2025-02-23 07:00:00", "level_m": 8.0, "datetime_eastern": "2025-02-23 02:00:00", "hour_eastern": "02:00 AM" }, "geometry": { "type": "Point", "coordinates": [ -71.704, 41.229 ] } },
{ "type": "Feature", "properties": { "id": 15034, "traj_num": 15, "datetime_utc": "2025-02-23 08:00:00", "level_m": 7.0, "datetime_eastern": "2025-02-23 03:00:00", "hour_eastern": "03:00 AM" }, "geometry": { "type": "Point", "coordinates": [ -71.418, 41.326 ] } },
{ "type": "Feature", "properties": { "id": 15035, "traj_num": 15, "datetime_utc": "2025-02-23 09:00:00", "level_m": 7.0, "datetime_eastern": "2025-02-23 04:00:00", "hour_eastern": "04:00 AM" }, "geometry": { "type": "Point", "coordinates": [ -71.122, 41.413 ] } },
{ "type": "Feature", "properties": { "id": 15036, "traj_num": 15, "datetime_utc": "2025-02-23 10:00:00", "level_m": 8.0, "datetime_eastern": "2025-02-23 05:00:00", "hour_eastern": "05:00 AM" }, "geometry": { "type": "Point", "coordinates": [ -70.831, 41.491 ] } },
{ "type": "Feature", "properties": { "id": 15037, "traj_num": 15, "datetime_utc": "2025-02-23 11:00:00", "level_m": 8.0, "datetime_eastern": "2025-02-23 06:00:00", "hour_eastern": "06:00 AM" }, "geometry": { "type": "Point", "coordinates": [ -70.546, 41.559 ] } },
{ "type": "Feature", "properties": { "id": 15038, "traj_num": 15, "datetime_utc": "2025-02-23 12:00:00", "level_m": 8.0, "datetime_eastern": "2025-02-23 07:00:00", "hour_eastern": "07:00 AM" }, "geometry": { "type": "Point", "coordinates": [ -70.237, 41.616 ] } },
{ "type": "Feature", "properties": { "id": 16000, "traj_num": 16, "datetime_utc": "2025-02-21 22:00:00", "level_m": 50.0, "datetime_eastern": "2025-02-21 17:00:00", "hour_eastern": "05:00 PM" }, "geometry": { "type": "Point", "coordinates": [ -75.13, 39.927 ] } },
{ "type": "Feature", "properties": { "id": 16016, "traj_num": 16, "datetime_utc": "2025-02-22 14:00:00", "level_m": 43.0, "datetime_eastern": "2025-02-22 09:00:00", "hour_eastern": "09:00 AM" }, "geometry": { "type": "Point", "coordinates": [ -75.005, 39.877 ] } },
{ "type": "Feature", "properties": { "id": 16017, "traj_num": 16, "datetime_utc": "2025-02-22 15:00:00", "level_m": 36.0, "datetime_eastern": "2025-02-22 10:00:00", "hour_eastern": "10:00 AM" }, "geometry": { "type": "Point", "coordinates": [ -74.885, 39.828 ] } },
{ "type": "Feature", "properties": { "id": 16018, "traj_num": 16, "datetime_utc": "2025-02-22 16:00:00", "level_m": 30.0, "datetime_eastern": "2025-02-22 11:00:00", "hour_eastern": "11:00 AM" }, "geometry": { "type": "Point", "coordinates": [ -74.764, 39.787 ] } },
{ "type": "Feature", "properties": { "id": 16019, "traj_num": 16, "datetime_utc": "2025-02-22 17:00:00", "level_m": 25.0, "datetime_eastern": "2025-02-22 12:00:00", "hour_eastern": "12:00 PM" }, "geometry": { "type": "Point", "coordinates": [ -74.644, 39.77 ] } },
{ "type": "Feature", "properties": { "id": 16020, "traj_num": 16, "datetime_utc": "2025-02-22 18:00:00", "level_m": 20.0, "datetime_eastern": "2025-02-22 13:00:00", "hour_eastern": "01:00 PM" }, "geometry": { "type": "Point", "coordinates": [ -74.53, 39.781 ] } },
{ "type": "Feature", "properties": { "id": 16021, "traj_num": 16, "datetime_utc": "2025-02-22 19:00:00", "level_m": 18.0, "datetime_eastern": "2025-02-22 14:00:00", "hour_eastern": "02:00 PM" }, "geometry": { "type": "Point", "coordinates": [ -74.423, 39.821 ] } },
{ "type": "Feature", "properties": { "id": 16022, "traj_num": 16, "datetime_utc": "2025-02-22 20:00:00", "level_m": 18.0, "datetime_eastern": "2025-02-22 15:00:00", "hour_eastern": "03:00 PM" }, "geometry": { "type": "Point", "coordinates": [ -74.321, 39.89 ] } },
{ "type": "Feature", "properties": { "id": 16023, "traj_num": 16, "datetime_utc": "2025-02-22 21:00:00", "level_m": 21.0, "datetime_eastern": "2025-02-22 16:00:00", "hour_eastern": "04:00 PM" }, "geometry": { "type": "Point", "coordinates": [ -74.224, 39.99 ] } },
{ "type": "Feature", "properties": { "id": 16024, "traj_num": 16, "datetime_utc": "2025-02-22 22:00:00", "level_m": 26.0, "datetime_eastern": "2025-02-22 17:00:00", "hour_eastern": "05:00 PM" }, "geometry": { "type": "Point", "coordinates": [ -74.112, 40.107 ] } },
{ "type": "Feature", "properties": { "id": 16025, "traj_num": 16, "datetime_utc": "2025-02-22 23:00:00", "level_m": 31.0, "datetime_eastern": "2025-02-22 18:00:00", "hour_eastern": "06:00 PM" }, "geometry": { "type": "Point", "coordinates": [ -73.966, 40.223 ] } },
{ "type": "Feature", "properties": { "id": 16026, "traj_num": 16, "datetime_utc": "2025-02-23 00:00:00", "level_m": 33.0, "datetime_eastern": "2025-02-22 19:00:00", "hour_eastern": "07:00 PM" }, "geometry": { "type": "Point", "coordinates": [ -73.788, 40.344 ] } },
{ "type": "Feature", "properties": { "id": 16027, "traj_num": 16, "datetime_utc": "2025-02-23 01:00:00", "level_m": 33.0, "datetime_eastern": "2025-02-22 20:00:00", "hour_eastern": "08:00 PM" }, "geometry": { "type": "Point", "coordinates": [ -73.588, 40.472 ] } },
{ "type": "Feature", "properties": { "id": 16028, "traj_num": 16, "datetime_utc": "2025-02-23 02:00:00", "level_m": 31.0, "datetime_eastern": "2025-02-22 21:00:00", "hour_eastern": "09:00 PM" }, "geometry": { "type": "Point", "coordinates": [ -73.372, 40.599 ] } },
{ "type": "Feature", "properties": { "id": 16029, "traj_num": 16, "datetime_utc": "2025-02-23 03:00:00", "level_m": 30.0, "datetime_eastern": "2025-02-22 22:00:00", "hour_eastern": "10:00 PM" }, "geometry": { "type": "Point", "coordinates": [ -73.129, 40.718 ] } },
{ "type": "Feature", "properties": { "id": 16030, "traj_num": 16, "datetime_utc": "2025-02-23 04:00:00", "level_m": 27.0, "datetime_eastern": "2025-02-22 23:00:00", "hour_eastern": "11:00 PM" }, "geometry": { "type": "Point", "coordinates": [ -72.86, 40.838 ] } },
{ "type": "Feature", "properties": { "id": 16031, "traj_num": 16, "datetime_utc": "2025-02-23 05:00:00", "level_m": 22.0, "datetime_eastern": "2025-02-23 00:00:00", "hour_eastern": "12:00 AM" }, "geometry": { "type": "Point", "coordinates": [ -72.585, 40.968 ] } },
{ "type": "Feature", "properties": { "id": 16032, "traj_num": 16, "datetime_utc": "2025-02-23 06:00:00", "level_m": 16.0, "datetime_eastern": "2025-02-23 01:00:00", "hour_eastern": "01:00 AM" }, "geometry": { "type": "Point", "coordinates": [ -72.31, 41.098 ] } },
{ "type": "Feature", "properties": { "id": 16033, "traj_num": 16, "datetime_utc": "2025-02-23 07:00:00", "level_m": 12.0, "datetime_eastern": "2025-02-23 02:00:00", "hour_eastern": "02:00 AM" }, "geometry": { "type": "Point", "coordinates": [ -72.042, 41.213 ] } },
{ "type": "Feature", "properties": { "id": 16034, "traj_num": 16, "datetime_utc": "2025-02-23 08:00:00", "level_m": 10.0, "datetime_eastern": "2025-02-23 03:00:00", "hour_eastern": "03:00 AM" }, "geometry": { "type": "Point", "coordinates": [ -71.773, 41.311 ] } },
{ "type": "Feature", "properties": { "id": 16035, "traj_num": 16, "datetime_utc": "2025-02-23 09:00:00", "level_m": 9.0, "datetime_eastern": "2025-02-23 04:00:00", "hour_eastern": "04:00 AM" }, "geometry": { "type": "Point", "coordinates": [ -71.494, 41.394 ] } },
{ "type": "Feature", "properties": { "id": 16036, "traj_num": 16, "datetime_utc": "2025-02-23 10:00:00", "level_m": 9.0, "datetime_eastern": "2025-02-23 05:00:00", "hour_eastern": "05:00 AM" }, "geometry": { "type": "Point", "coordinates": [ -71.218, 41.462 ] } },
{ "type": "Feature", "properties": { "id": 16037, "traj_num": 16, "datetime_utc": "2025-02-23 11:00:00", "level_m": 8.0, "datetime_eastern": "2025-02-23 06:00:00", "hour_eastern": "06:00 AM" }, "geometry": { "type": "Point", "coordinates": [ -70.954, 41.512 ] } },
{ "type": "Feature", "properties": { "id": 16038, "traj_num": 16, "datetime_utc": "2025-02-23 12:00:00", "level_m": 8.0, "datetime_eastern": "2025-02-23 07:00:00", "hour_eastern": "07:00 AM" }, "geometry": { "type": "Point", "coordinates": [ -70.687, 41.548 ] } },
{ "type": "Feature", "properties": { "id": 16039, "traj_num": 16, "datetime_utc": "2025-02-23 13:00:00", "level_m": 8.0, "datetime_eastern": "2025-02-23 08:00:00", "hour_eastern": "08:00 AM" }, "geometry": { "type": "Point", "coordinates": [ -70.392, 41.575 ] } },
{ "type": "Feature", "properties": { "id": 17000, "traj_num": 17, "datetime_utc": "2025-02-21 22:00:00", "level_m": 50.0, "datetime_eastern": "2025-02-21 17:00:00", "hour_eastern": "05:00 PM" }, "geometry": { "type": "Point", "coordinates": [ -75.13, 39.927 ] } },
{ "type": "Feature", "properties": { "id": 17017, "traj_num": 17, "datetime_utc": "2025-02-22 15:00:00", "level_m": 43.0, "datetime_eastern": "2025-02-22 10:00:00", "hour_eastern": "10:00 AM" }, "geometry": { "type": "Point", "coordinates": [ -75.011, 39.882 ] } },
{ "type": "Feature", "properties": { "id": 17018, "traj_num": 17, "datetime_utc": "2025-02-22 16:00:00", "level_m": 36.0, "datetime_eastern": "2025-02-22 11:00:00", "hour_eastern": "11:00 AM" }, "geometry": { "type": "Point", "coordinates": [ -74.895, 39.847 ] } },
{ "type": "Feature", "properties": { "id": 17019, "traj_num": 17, "datetime_utc": "2025-02-22 17:00:00", "level_m": 30.0, "datetime_eastern": "2025-02-22 12:00:00", "hour_eastern": "12:00 PM" }, "geometry": { "type": "Point", "coordinates": [ -74.778, 39.833 ] } },
{ "type": "Feature", "properties": { "id": 17020, "traj_num": 17, "datetime_utc": "2025-02-22 18:00:00", "level_m": 25.0, "datetime_eastern": "2025-02-22 13:00:00", "hour_eastern": "01:00 PM" }, "geometry": { "type": "Point", "coordinates": [ -74.665, 39.845 ] } },
{ "type": "Feature", "properties": { "id": 17021, "traj_num": 17, "datetime_utc": "2025-02-22 19:00:00", "level_m": 22.0, "datetime_eastern": "2025-02-22 14:00:00", "hour_eastern": "02:00 PM" }, "geometry": { "type": "Point", "coordinates": [ -74.559, 39.884 ] } },
{ "type": "Feature", "properties": { "id": 17022, "traj_num": 17, "datetime_utc": "2025-02-22 20:00:00", "level_m": 21.0, "datetime_eastern": "2025-02-22 15:00:00", "hour_eastern": "03:00 PM" }, "geometry": { "type": "Point", "coordinates": [ -74.462, 39.949 ] } },
{ "type": "Feature", "properties": { "id": 17023, "traj_num": 17, "datetime_utc": "2025-02-22 21:00:00", "level_m": 23.0, "datetime_eastern": "2025-02-22 16:00:00", "hour_eastern": "04:00 PM" }, "geometry": { "type": "Point", "coordinates": [ -74.37, 40.043 ] } },
{ "type": "Feature", "properties": { "id": 17024, "traj_num": 17, "datetime_utc": "2025-02-22 22:00:00", "level_m": 27.0, "datetime_eastern": "2025-02-22 17:00:00", "hour_eastern": "05:00 PM" }, "geometry": { "type": "Point", "coordinates": [ -74.264, 40.151 ] } },
{ "type": "Feature", "properties": { "id": 17025, "traj_num": 17, "datetime_utc": "2025-02-22 23:00:00", "level_m": 31.0, "datetime_eastern": "2025-02-22 18:00:00", "hour_eastern": "06:00 PM" }, "geometry": { "type": "Point", "coordinates": [ -74.127, 40.262 ] } },
{ "type": "Feature", "properties": { "id": 17026, "traj_num": 17, "datetime_utc": "2025-02-23 00:00:00", "level_m": 34.0, "datetime_eastern": "2025-02-22 19:00:00", "hour_eastern": "07:00 PM" }, "geometry": { "type": "Point", "coordinates": [ -73.961, 40.373 ] } },
{ "type": "Feature", "properties": { "id": 17027, "traj_num": 17, "datetime_utc": "2025-02-23 01:00:00", "level_m": 35.0, "datetime_eastern": "2025-02-22 20:00:00", "hour_eastern": "08:00 PM" }, "geometry": { "type": "Point", "coordinates": [ -73.775, 40.489 ] } },
{ "type": "Feature", "properties": { "id": 17028, "traj_num": 17, "datetime_utc": "2025-02-23 02:00:00", "level_m": 36.0, "datetime_eastern": "2025-02-22 21:00:00", "hour_eastern": "09:00 PM" }, "geometry": { "type": "Point", "coordinates": [ -73.575, 40.606 ] } },
{ "type": "Feature", "properties": { "id": 17029, "traj_num": 17, "datetime_utc": "2025-02-23 03:00:00", "level_m": 35.0, "datetime_eastern": "2025-02-22 22:00:00", "hour_eastern": "10:00 PM" }, "geometry": { "type": "Point", "coordinates": [ -73.35, 40.719 ] } },
{ "type": "Feature", "properties": { "id": 17030, "traj_num": 17, "datetime_utc": "2025-02-23 04:00:00", "level_m": 34.0, "datetime_eastern": "2025-02-22 23:00:00", "hour_eastern": "11:00 PM" }, "geometry": { "type": "Point", "coordinates": [ -73.098, 40.832 ] } },
{ "type": "Feature", "properties": { "id": 17031, "traj_num": 17, "datetime_utc": "2025-02-23 05:00:00", "level_m": 29.0, "datetime_eastern": "2025-02-23 00:00:00", "hour_eastern": "12:00 AM" }, "geometry": { "type": "Point", "coordinates": [ -72.83, 40.956 ] } },
{ "type": "Feature", "properties": { "id": 17032, "traj_num": 17, "datetime_utc": "2025-02-23 06:00:00", "level_m": 22.0, "datetime_eastern": "2025-02-23 01:00:00", "hour_eastern": "01:00 AM" }, "geometry": { "type": "Point", "coordinates": [ -72.557, 41.084 ] } },
{ "type": "Feature", "properties": { "id": 17033, "traj_num": 17, "datetime_utc": "2025-02-23 07:00:00", "level_m": 16.0, "datetime_eastern": "2025-02-23 02:00:00", "hour_eastern": "02:00 AM" }, "geometry": { "type": "Point", "coordinates": [ -72.289, 41.2 ] } },
{ "type": "Feature", "properties": { "id": 17034, "traj_num": 17, "datetime_utc": "2025-02-23 08:00:00", "level_m": 13.0, "datetime_eastern": "2025-02-23 03:00:00", "hour_eastern": "03:00 AM" }, "geometry": { "type": "Point", "coordinates": [ -72.025, 41.296 ] } },
{ "type": "Feature", "properties": { "id": 17035, "traj_num": 17, "datetime_utc": "2025-02-23 09:00:00", "level_m": 11.0, "datetime_eastern": "2025-02-23 04:00:00", "hour_eastern": "04:00 AM" }, "geometry": { "type": "Point", "coordinates": [ -71.757, 41.377 ] } },
{ "type": "Feature", "properties": { "id": 17036, "traj_num": 17, "datetime_utc": "2025-02-23 10:00:00", "level_m": 10.0, "datetime_eastern": "2025-02-23 05:00:00", "hour_eastern": "05:00 AM" }, "geometry": { "type": "Point", "coordinates": [ -71.491, 41.442 ] } },
{ "type": "Feature", "properties": { "id": 17037, "traj_num": 17, "datetime_utc": "2025-02-23 11:00:00", "level_m": 8.0, "datetime_eastern": "2025-02-23 06:00:00", "hour_eastern": "06:00 AM" }, "geometry": { "type": "Point", "coordinates": [ -71.236, 41.489 ] } },
{ "type": "Feature", "properties": { "id": 17038, "traj_num": 17, "datetime_utc": "2025-02-23 12:00:00", "level_m": 7.0, "datetime_eastern": "2025-02-23 07:00:00", "hour_eastern": "07:00 AM" }, "geometry": { "type": "Point", "coordinates": [ -70.989, 41.517 ] } },
{ "type": "Feature", "properties": { "id": 17039, "traj_num": 17, "datetime_utc": "2025-02-23 13:00:00", "level_m": 7.0, "datetime_eastern": "2025-02-23 08:00:00", "hour_eastern": "08:00 AM" }, "geometry": { "type": "Point", "coordinates": [ -70.726, 41.531 ] } },
{ "type": "Feature", "properties": { "id": 17040, "traj_num": 17, "datetime_utc": "2025-02-23 14:00:00", "level_m": 6.0, "datetime_eastern": "2025-02-23 09:00:00", "hour_eastern": "09:00 AM" }, "geometry": { "type": "Point", "coordinates": [ -70.426, 41.538 ] } },
{ "type": "Feature", "properties": { "id": 18000, "traj_num": 18, "datetime_utc": "2025-02-21 22:00:00", "level_m": 50.0, "datetime_eastern": "2025-02-21 17:00:00", "hour_eastern": "05:00 PM" }, "geometry": { "type": "Point", "coordinates": [ -75.13, 39.927 ] } },
{ "type": "Feature", "properties": { "id": 18018, "traj_num": 18, "datetime_utc": "2025-02-22 16:00:00", "level_m": 43.0, "datetime_eastern": "2025-02-22 11:00:00", "hour_eastern": "11:00 AM" }, "geometry": { "type": "Point", "coordinates": [ -75.012, 39.894 ] } },
{ "type": "Feature", "properties": { "id": 18019, "traj_num": 18, "datetime_utc": "2025-02-22 17:00:00", "level_m": 36.0, "datetime_eastern": "2025-02-22 12:00:00", "hour_eastern": "12:00 PM" }, "geometry": { "type": "Point", "coordinates": [ -74.897, 39.884 ] } },
{ "type": "Feature", "properties": { "id": 18020, "traj_num": 18, "datetime_utc": "2025-02-22 18:00:00", "level_m": 29.0, "datetime_eastern": "2025-02-22 13:00:00", "hour_eastern": "01:00 PM" }, "geometry": { "type": "Point", "coordinates": [ -74.783, 39.896 ] } },
{ "type": "Feature", "properties": { "id": 18021, "traj_num": 18, "datetime_utc": "2025-02-22 19:00:00", "level_m": 25.0, "datetime_eastern": "2025-02-22 14:00:00", "hour_eastern": "02:00 PM" }, "geometry": { "type": "Point", "coordinates": [ -74.677, 39.933 ] } },
{ "type": "Feature", "properties": { "id": 18022, "traj_num": 18, "datetime_utc": "2025-02-22 20:00:00", "level_m": 24.0, "datetime_eastern": "2025-02-22 15:00:00", "hour_eastern": "03:00 PM" }, "geometry": { "type": "Point", "coordinates": [ -74.58, 39.996 ] } },
{ "type": "Feature", "properties": { "id": 18023, "traj_num": 18, "datetime_utc": "2025-02-22 21:00:00", "level_m": 25.0, "datetime_eastern": "2025-02-22 16:00:00", "hour_eastern": "04:00 PM" }, "geometry": { "type": "Point", "coordinates": [ -74.489, 40.083 ] } },
{ "type": "Feature", "properties": { "id": 18024, "traj_num": 18, "datetime_utc": "2025-02-22 22:00:00", "level_m": 28.0, "datetime_eastern": "2025-02-22 17:00:00", "hour_eastern": "05:00 PM" }, "geometry": { "type": "Point", "coordinates": [ -74.386, 40.186 ] } },
{ "type": "Feature", "properties": { "id": 18025, "traj_num": 18, "datetime_utc": "2025-02-22 23:00:00", "level_m": 31.0, "datetime_eastern": "2025-02-22 18:00:00", "hour_eastern": "06:00 PM" }, "geometry": { "type": "Point", "coordinates": [ -74.255, 40.292 ] } },
{ "type": "Feature", "properties": { "id": 18026, "traj_num": 18, "datetime_utc": "2025-02-23 00:00:00", "level_m": 34.0, "datetime_eastern": "2025-02-22 19:00:00", "hour_eastern": "07:00 PM" }, "geometry": { "type": "Point", "coordinates": [ -74.097, 40.4 ] } },
{ "type": "Feature", "properties": { "id": 18027, "traj_num": 18, "datetime_utc": "2025-02-23 01:00:00", "level_m": 37.0, "datetime_eastern": "2025-02-22 20:00:00", "hour_eastern": "08:00 PM" }, "geometry": { "type": "Point", "coordinates": [ -73.921, 40.509 ] } },
{ "type": "Feature", "properties": { "id": 18028, "traj_num": 18, "datetime_utc": "2025-02-23 02:00:00", "level_m": 40.0, "datetime_eastern": "2025-02-22 21:00:00", "hour_eastern": "09:00 PM" }, "geometry": { "type": "Point", "coordinates": [ -73.733, 40.619 ] } },
{ "type": "Feature", "properties": { "id": 18029, "traj_num": 18, "datetime_utc": "2025-02-23 03:00:00", "level_m": 41.0, "datetime_eastern": "2025-02-22 22:00:00", "hour_eastern": "10:00 PM" }, "geometry": { "type": "Point", "coordinates": [ -73.522, 40.727 ] } },
{ "type": "Feature", "properties": { "id": 18030, "traj_num": 18, "datetime_utc": "2025-02-23 04:00:00", "level_m": 41.0, "datetime_eastern": "2025-02-22 23:00:00", "hour_eastern": "11:00 PM" }, "geometry": { "type": "Point", "coordinates": [ -73.284, 40.835 ] } },
{ "type": "Feature", "properties": { "id": 18031, "traj_num": 18, "datetime_utc": "2025-02-23 05:00:00", "level_m": 37.0, "datetime_eastern": "2025-02-23 00:00:00", "hour_eastern": "12:00 AM" }, "geometry": { "type": "Point", "coordinates": [ -73.025, 40.954 ] } },
{ "type": "Feature", "properties": { "id": 18032, "traj_num": 18, "datetime_utc": "2025-02-23 06:00:00", "level_m": 29.0, "datetime_eastern": "2025-02-23 01:00:00", "hour_eastern": "01:00 AM" }, "geometry": { "type": "Point", "coordinates": [ -72.752, 41.081 ] } },
{ "type": "Feature", "properties": { "id": 18033, "traj_num": 18, "datetime_utc": "2025-02-23 07:00:00", "level_m": 21.0, "datetime_eastern": "2025-02-23 02:00:00", "hour_eastern": "02:00 AM" }, "geometry": { "type": "Point", "coordinates": [ -72.483, 41.197 ] } },
{ "type": "Feature", "properties": { "id": 18034, "traj_num": 18, "datetime_utc": "2025-02-23 08:00:00", "level_m": 16.0, "datetime_eastern": "2025-02-23 03:00:00", "hour_eastern": "03:00 AM" }, "geometry": { "type": "Point", "coordinates": [ -72.22, 41.291 ] } },
{ "type": "Feature", "properties": { "id": 18035, "traj_num": 18, "datetime_utc": "2025-02-23 09:00:00", "level_m": 13.0, "datetime_eastern": "2025-02-23 04:00:00", "hour_eastern": "04:00 AM" }, "geometry": { "type": "Point", "coordinates": [ -71.958, 41.37 ] } },
{ "type": "Feature", "properties": { "id": 18036, "traj_num": 18, "datetime_utc": "2025-02-23 10:00:00", "level_m": 11.0, "datetime_eastern": "2025-02-23 05:00:00", "hour_eastern": "05:00 AM" }, "geometry": { "type": "Point", "coordinates": [ -71.7, 41.433 ] } },
{ "type": "Feature", "properties": { "id": 18037, "traj_num": 18, "datetime_utc": "2025-02-23 11:00:00", "level_m": 9.0, "datetime_eastern": "2025-02-23 06:00:00", "hour_eastern": "06:00 AM" }, "geometry": { "type": "Point", "coordinates": [ -71.453, 41.479 ] } },
{ "type": "Feature", "properties": { "id": 18038, "traj_num": 18, "datetime_utc": "2025-02-23 12:00:00", "level_m": 7.0, "datetime_eastern": "2025-02-23 07:00:00", "hour_eastern": "07:00 AM" }, "geometry": { "type": "Point", "coordinates": [ -71.215, 41.506 ] } },
{ "type": "Feature", "properties": { "id": 18039, "traj_num": 18, "datetime_utc": "2025-02-23 13:00:00", "level_m": 6.0, "datetime_eastern": "2025-02-23 08:00:00", "hour_eastern": "08:00 AM" }, "geometry": { "type": "Point", "coordinates": [ -70.967, 41.516 ] } },
{ "type": "Feature", "properties": { "id": 18040, "traj_num": 18, "datetime_utc": "2025-02-23 14:00:00", "level_m": 5.0, "datetime_eastern": "2025-02-23 09:00:00", "hour_eastern": "09:00 AM" }, "geometry": { "type": "Point", "coordinates": [ -70.689, 41.517 ] } },
{ "type": "Feature", "properties": { "id": 18041, "traj_num": 18, "datetime_utc": "2025-02-23 15:00:00", "level_m": 5.0, "datetime_eastern": "2025-02-23 10:00:00", "hour_eastern": "10:00 AM" }, "geometry": { "type": "Point", "coordinates": [ -70.38, 41.505 ] } },
{ "type": "Feature", "properties": { "id": 19000, "traj_num": 19, "datetime_utc": "2025-02-21 22:00:00", "level_m": 50.0, "datetime_eastern": "2025-02-21 17:00:00", "hour_eastern": "05:00 PM" }, "geometry": { "type": "Point", "coordinates": [ -75.13, 39.927 ] } },
{ "type": "Feature", "properties": { "id": 19019, "traj_num": 19, "datetime_utc": "2025-02-22 17:00:00", "level_m": 42.0, "datetime_eastern": "2025-02-22 12:00:00", "hour_eastern": "12:00 PM" }, "geometry": { "type": "Point", "coordinates": [ -75.01, 39.917 ] } },
{ "type": "Feature", "properties": { "id": 19020, "traj_num": 19, "datetime_utc": "2025-02-22 18:00:00", "level_m": 35.0, "datetime_eastern": "2025-02-22 13:00:00", "hour_eastern": "01:00 PM" }, "geometry": { "type": "Point", "coordinates": [ -74.894, 39.93 ] } },
{ "type": "Feature", "properties": { "id": 19021, "traj_num": 19, "datetime_utc": "2025-02-22 19:00:00", "level_m": 30.0, "datetime_eastern": "2025-02-22 14:00:00", "hour_eastern": "02:00 PM" }, "geometry": { "type": "Point", "coordinates": [ -74.785, 39.966 ] } },
{ "type": "Feature", "properties": { "id": 19022, "traj_num": 19, "datetime_utc": "2025-02-22 20:00:00", "level_m": 27.0, "datetime_eastern": "2025-02-22 15:00:00", "hour_eastern": "03:00 PM" }, "geometry": { "type": "Point", "coordinates": [ -74.687, 40.025 ] } },
{ "type": "Feature", "properties": { "id": 19023, "traj_num": 19, "datetime_utc": "2025-02-22 21:00:00", "level_m": 27.0, "datetime_eastern": "2025-02-22 16:00:00", "hour_eastern": "04:00 PM" }, "geometry": { "type": "Point", "coordinates": [ -74.596, 40.108 ] } },
{ "type": "Feature", "properties": { "id": 19024, "traj_num": 19, "datetime_utc": "2025-02-22 22:00:00", "level_m": 29.0, "datetime_eastern": "2025-02-22 17:00:00", "hour_eastern": "05:00 PM" }, "geometry": { "type": "Point", "coordinates": [ -74.495, 40.206 ] } },
{ "type": "Feature", "properties": { "id": 19025, "traj_num": 19, "datetime_utc": "2025-02-22 23:00:00", "level_m": 32.0, "datetime_eastern": "2025-02-22 18:00:00", "hour_eastern": "06:00 PM" }, "geometry": { "type": "Point", "coordinates": [ -74.367, 40.308 ] } },
{ "type": "Feature", "properties": { "id": 19026, "traj_num": 19, "datetime_utc": "2025-02-23 00:00:00", "level_m": 35.0, "datetime_eastern": "2025-02-22 19:00:00", "hour_eastern": "07:00 PM" }, "geometry": { "type": "Point", "coordinates": [ -74.214, 40.414 ] } },
{ "type": "Feature", "properties": { "id": 19027, "traj_num": 19, "datetime_utc": "2025-02-23 01:00:00", "level_m": 39.0, "datetime_eastern": "2025-02-22 20:00:00", "hour_eastern": "08:00 PM" }, "geometry": { "type": "Point", "coordinates": [ -74.046, 40.519 ] } },
{ "type": "Feature", "properties": { "id": 19028, "traj_num": 19, "datetime_utc": "2025-02-23 02:00:00", "level_m": 43.0, "datetime_eastern": "2025-02-22 21:00:00", "hour_eastern": "09:00 PM" }, "geometry": { "type": "Point", "coordinates": [ -73.866, 40.625 ] } },
{ "type": "Feature", "properties": { "id": 19029, "traj_num": 19, "datetime_utc": "2025-02-23 03:00:00", "level_m": 46.0, "datetime_eastern": "2025-02-22 22:00:00", "hour_eastern": "10:00 PM" }, "geometry": { "type": "Point", "coordinates": [ -73.665, 40.729 ] } },
{ "type": "Feature", "properties": { "id": 19030, "traj_num": 19, "datetime_utc": "2025-02-23 04:00:00", "level_m": 47.0, "datetime_eastern": "2025-02-22 23:00:00", "hour_eastern": "11:00 PM" }, "geometry": { "type": "Point", "coordinates": [ -73.437, 40.833 ] } },
{ "type": "Feature", "properties": { "id": 19031, "traj_num": 19, "datetime_utc": "2025-02-23 05:00:00", "level_m": 44.0, "datetime_eastern": "2025-02-23 00:00:00", "hour_eastern": "12:00 AM" }, "geometry": { "type": "Point", "coordinates": [ -73.186, 40.945 ] } },
{ "type": "Feature", "properties": { "id": 19032, "traj_num": 19, "datetime_utc": "2025-02-23 06:00:00", "level_m": 36.0, "datetime_eastern": "2025-02-23 01:00:00", "hour_eastern": "01:00 AM" }, "geometry": { "type": "Point", "coordinates": [ -72.915, 41.07 ] } },
{ "type": "Feature", "properties": { "id": 19033, "traj_num": 19, "datetime_utc": "2025-02-23 07:00:00", "level_m": 26.0, "datetime_eastern": "2025-02-23 02:00:00", "hour_eastern": "02:00 AM" }, "geometry": { "type": "Point", "coordinates": [ -72.643, 41.186 ] } },
{ "type": "Feature", "properties": { "id": 19034, "traj_num": 19, "datetime_utc": "2025-02-23 08:00:00", "level_m": 19.0, "datetime_eastern": "2025-02-23 03:00:00", "hour_eastern": "03:00 AM" }, "geometry": { "type": "Point", "coordinates": [ -72.379, 41.28 ] } },
{ "type": "Feature", "properties": { "id": 19035, "traj_num": 19, "datetime_utc": "2025-02-23 09:00:00", "level_m": 15.0, "datetime_eastern": "2025-02-23 04:00:00", "hour_eastern": "04:00 AM" }, "geometry": { "type": "Point", "coordinates": [ -72.119, 41.357 ] } },
{ "type": "Feature", "properties": { "id": 19036, "traj_num": 19, "datetime_utc": "2025-02-23 10:00:00", "level_m": 12.0, "datetime_eastern": "2025-02-23 05:00:00", "hour_eastern": "05:00 AM" }, "geometry": { "type": "Point", "coordinates": [ -71.865, 41.418 ] } },
{ "type": "Feature", "properties": { "id": 19037, "traj_num": 19, "datetime_utc": "2025-02-23 11:00:00", "level_m": 10.0, "datetime_eastern": "2025-02-23 06:00:00", "hour_eastern": "06:00 AM" }, "geometry": { "type": "Point", "coordinates": [ -71.623, 41.464 ] } },
{ "type": "Feature", "properties": { "id": 19038, "traj_num": 19, "datetime_utc": "2025-02-23 12:00:00", "level_m": 7.0, "datetime_eastern": "2025-02-23 07:00:00", "hour_eastern": "07:00 AM" }, "geometry": { "type": "Point", "coordinates": [ -71.39, 41.491 ] } },
{ "type": "Feature", "properties": { "id": 19039, "traj_num": 19, "datetime_utc": "2025-02-23 13:00:00", "level_m": 5.0, "datetime_eastern": "2025-02-23 08:00:00", "hour_eastern": "08:00 AM" }, "geometry": { "type": "Point", "coordinates": [ -71.147, 41.501 ] } },
{ "type": "Feature", "properties": { "id": 19040, "traj_num": 19, "datetime_utc": "2025-02-23 14:00:00", "level_m": 4.0, "datetime_eastern": "2025-02-23 09:00:00", "hour_eastern": "09:00 AM" }, "geometry": { "type": "Point", "coordinates": [ -70.877, 41.499 ] } },
{ "type": "Feature", "properties": { "id": 19041, "traj_num": 19, "datetime_utc": "2025-02-23 15:00:00", "level_m": 4.0, "datetime_eastern": "2025-02-23 10:00:00", "hour_eastern": "10:00 AM" }, "geometry": { "type": "Point", "coordinates": [ -70.579, 41.484 ] } },
{ "type": "Feature", "properties": { "id": 19042, "traj_num": 19, "datetime_utc": "2025-02-23 16:00:00", "level_m": 3.0, "datetime_eastern": "2025-02-23 11:00:00", "hour_eastern": "11:00 AM" }, "geometry": { "type": "Point", "coordinates": [ -70.263, 41.464 ] } },
{ "type": "Feature", "properties": { "id": 20000, "traj_num": 20, "datetime_utc": "2025-02-21 22:00:00", "level_m": 50.0, "datetime_eastern": "2025-02-21 17:00:00", "hour_eastern": "05:00 PM" }, "geometry": { "type": "Point", "coordinates": [ -75.13, 39.927 ] } },
{ "type": "Feature", "properties": { "id": 20020, "traj_num": 20, "datetime_utc": "2025-02-22 18:00:00", "level_m": 42.0, "datetime_eastern": "2025-02-22 13:00:00", "hour_eastern": "01:00 PM" }, "geometry": { "type": "Point", "coordinates": [ -75.008, 39.939 ] } },
{ "type": "Feature", "properties": { "id": 20021, "traj_num": 20, "datetime_utc": "2025-02-22 19:00:00", "level_m": 35.0, "datetime_eastern": "2025-02-22 14:00:00", "hour_eastern": "02:00 PM" }, "geometry": { "type": "Point", "coordinates": [ -74.895, 39.973 ] } },
{ "type": "Feature", "properties": { "id": 20022, "traj_num": 20, "datetime_utc": "2025-02-22 20:00:00", "level_m": 30.0, "datetime_eastern": "2025-02-22 15:00:00", "hour_eastern": "03:00 PM" }, "geometry": { "type": "Point", "coordinates": [ -74.796, 40.029 ] } },
{ "type": "Feature", "properties": { "id": 20023, "traj_num": 20, "datetime_utc": "2025-02-22 21:00:00", "level_m": 28.0, "datetime_eastern": "2025-02-22 16:00:00", "hour_eastern": "04:00 PM" }, "geometry": { "type": "Point", "coordinates": [ -74.706, 40.107 ] } },
{ "type": "Feature", "properties": { "id": 20024, "traj_num": 20, "datetime_utc": "2025-02-22 22:00:00", "level_m": 29.0, "datetime_eastern": "2025-02-22 17:00:00", "hour_eastern": "05:00 PM" }, "geometry": { "type": "Point", "coordinates": [ -74.606, 40.201 ] } },
{ "type": "Feature", "properties": { "id": 20025, "traj_num": 20, "datetime_utc": "2025-02-22 23:00:00", "level_m": 31.0, "datetime_eastern": "2025-02-22 18:00:00", "hour_eastern": "06:00 PM" }, "geometry": { "type": "Point", "coordinates": [ -74.482, 40.3 ] } },
{ "type": "Feature", "properties": { "id": 20026, "traj_num": 20, "datetime_utc": "2025-02-23 00:00:00", "level_m": 34.0, "datetime_eastern": "2025-02-22 19:00:00", "hour_eastern": "07:00 PM" }, "geometry": { "type": "Point", "coordinates": [ -74.334, 40.403 ] } },
{ "type": "Feature", "properties": { "id": 20027, "traj_num": 20, "datetime_utc": "2025-02-23 01:00:00", "level_m": 38.0, "datetime_eastern": "2025-02-22 20:00:00", "hour_eastern": "08:00 PM" }, "geometry": { "type": "Point", "coordinates": [ -74.171, 40.506 ] } },
{ "type": "Feature", "properties": { "id": 20028, "traj_num": 20, "datetime_utc": "2025-02-23 02:00:00", "level_m": 42.0, "datetime_eastern": "2025-02-22 21:00:00", "hour_eastern": "09:00 PM" }, "geometry": { "type": "Point", "coordinates": [ -73.999, 40.607 ] } },
{ "type": "Feature", "properties": { "id": 20029, "traj_num": 20, "datetime_utc": "2025-02-23 03:00:00", "level_m": 46.0, "datetime_eastern": "2025-02-22 22:00:00", "hour_eastern": "10:00 PM" }, "geometry": { "type": "Point", "coordinates": [ -73.809, 40.706 ] } },
{ "type": "Feature", "properties": { "id": 20030, "traj_num": 20, "datetime_utc": "2025-02-23 04:00:00", "level_m": 49.0, "datetime_eastern": "2025-02-22 23:00:00", "hour_eastern": "11:00 PM" }, "geometry": { "type": "Point", "coordinates": [ -73.594, 40.805 ] } },
{ "type": "Feature", "properties": { "id": 20031, "traj_num": 20, "datetime_utc": "2025-02-23 05:00:00", "level_m": 48.0, "datetime_eastern": "2025-02-23 00:00:00", "hour_eastern": "12:00 AM" }, "geometry": { "type": "Point", "coordinates": [ -73.353, 40.91 ] } },
{ "type": "Feature", "properties": { "id": 20032, "traj_num": 20, "datetime_utc": "2025-02-23 06:00:00", "level_m": 41.0, "datetime_eastern": "2025-02-23 01:00:00", "hour_eastern": "01:00 AM" }, "geometry": { "type": "Point", "coordinates": [ -73.09, 41.028 ] } },
{ "type": "Feature", "properties": { "id": 20033, "traj_num": 20, "datetime_utc": "2025-02-23 07:00:00", "level_m": 32.0, "datetime_eastern": "2025-02-23 02:00:00", "hour_eastern": "02:00 AM" }, "geometry": { "type": "Point", "coordinates": [ -72.816, 41.144 ] } },
{ "type": "Feature", "properties": { "id": 20034, "traj_num": 20, "datetime_utc": "2025-02-23 08:00:00", "level_m": 24.0, "datetime_eastern": "2025-02-23 03:00:00", "hour_eastern": "03:00 AM" }, "geometry": { "type": "Point", "coordinates": [ -72.549, 41.24 ] } },
{ "type": "Feature", "properties": { "id": 20035, "traj_num": 20, "datetime_utc": "2025-02-23 09:00:00", "level_m": 18.0, "datetime_eastern": "2025-02-23 04:00:00", "hour_eastern": "04:00 AM" }, "geometry": { "type": "Point", "coordinates": [ -72.286, 41.317 ] } },
{ "type": "Feature", "properties": { "id": 20036, "traj_num": 20, "datetime_utc": "2025-02-23 10:00:00", "level_m": 15.0, "datetime_eastern": "2025-02-23 05:00:00", "hour_eastern": "05:00 AM" }, "geometry": { "type": "Point", "coordinates": [ -72.03, 41.378 ] } },
{ "type": "Feature", "properties": { "id": 20037, "traj_num": 20, "datetime_utc": "2025-02-23 11:00:00", "level_m": 11.0, "datetime_eastern": "2025-02-23 06:00:00", "hour_eastern": "06:00 AM" }, "geometry": { "type": "Point", "coordinates": [ -71.788, 41.423 ] } },
{ "type": "Feature", "properties": { "id": 20038, "traj_num": 20, "datetime_utc": "2025-02-23 12:00:00", "level_m": 8.0, "datetime_eastern": "2025-02-23 07:00:00", "hour_eastern": "07:00 AM" }, "geometry": { "type": "Point", "coordinates": [ -71.554, 41.451 ] } },
{ "type": "Feature", "properties": { "id": 20039, "traj_num": 20, "datetime_utc": "2025-02-23 13:00:00", "level_m": 5.0, "datetime_eastern": "2025-02-23 08:00:00", "hour_eastern": "08:00 AM" }, "geometry": { "type": "Point", "coordinates": [ -71.309, 41.462 ] } },
{ "type": "Feature", "properties": { "id": 20040, "traj_num": 20, "datetime_utc": "2025-02-23 14:00:00", "level_m": 4.0, "datetime_eastern": "2025-02-23 09:00:00", "hour_eastern": "09:00 AM" }, "geometry": { "type": "Point", "coordinates": [ -71.039, 41.457 ] } },
{ "type": "Feature", "properties": { "id": 20041, "traj_num": 20, "datetime_utc": "2025-02-23 15:00:00", "level_m": 3.0, "datetime_eastern": "2025-02-23 10:00:00", "hour_eastern": "10:00 AM" }, "geometry": { "type": "Point", "coordinates": [ -70.744, 41.44 ] } },
{ "type": "Feature", "properties": { "id": 20042, "traj_num": 20, "datetime_utc": "2025-02-23 16:00:00", "level_m": 3.0, "datetime_eastern": "2025-02-23 11:00:00", "hour_eastern": "11:00 AM" }, "geometry": { "type": "Point", "coordinates": [ -70.432, 41.419 ] } },
{ "type": "Feature", "properties": { "id": 20043, "traj_num": 20, "datetime_utc": "2025-02-23 17:00:00", "level_m": 3.0, "datetime_eastern": "2025-02-23 12:00:00", "hour_eastern": "12:00 PM" }, "geometry": { "type": "Point", "coordinates": [ -70.118, 41.399 ] } },
{ "type": "Feature", "properties": { "id": 21000, "traj_num": 21, "datetime_utc": "2025-02-21 22:00:00", "level_m": 50.0, "datetime_eastern": "2025-02-21 17:00:00", "hour_eastern": "05:00 PM" }, "geometry": { "type": "Point", "coordinates": [ -75.13, 39.927 ] } },
{ "type": "Feature", "properties": { "id": 21021, "traj_num": 21, "datetime_utc": "2025-02-22 19:00:00", "level_m": 42.0, "datetime_eastern": "2025-02-22 14:00:00", "hour_eastern": "02:00 PM" }, "geometry": { "type": "Point", "coordinates": [ -75.013, 39.96 ] } },
{ "type": "Feature", "properties": { "id": 21022, "traj_num": 21, "datetime_utc": "2025-02-22 20:00:00", "level_m": 34.0, "datetime_eastern": "2025-02-22 15:00:00", "hour_eastern": "03:00 PM" }, "geometry": { "type": "Point", "coordinates": [ -74.912, 40.012 ] } },
{ "type": "Feature", "properties": { "id": 21023, "traj_num": 21, "datetime_utc": "2025-02-22 21:00:00", "level_m": 30.0, "datetime_eastern": "2025-02-22 16:00:00", "hour_eastern": "04:00 PM" }, "geometry": { "type": "Point", "coordinates": [ -74.822, 40.086 ] } },
{ "type": "Feature", "properties": { "id": 21024, "traj_num": 21, "datetime_utc": "2025-02-22 22:00:00", "level_m": 29.0, "datetime_eastern": "2025-02-22 17:00:00", "hour_eastern": "05:00 PM" }, "geometry": { "type": "Point", "coordinates": [ -74.726, 40.174 ] } },
{ "type": "Feature", "properties": { "id": 21025, "traj_num": 21, "datetime_utc": "2025-02-22 23:00:00", "level_m": 29.0, "datetime_eastern": "2025-02-22 18:00:00", "hour_eastern": "06:00 PM" }, "geometry": { "type": "Point", "coordinates": [ -74.606, 40.269 ] } },
{ "type": "Feature", "properties": { "id": 21026, "traj_num": 21, "datetime_utc": "2025-02-23 00:00:00", "level_m": 32.0, "datetime_eastern": "2025-02-22 19:00:00", "hour_eastern": "07:00 PM" }, "geometry": { "type": "Point", "coordinates": [ -74.464, 40.369 ] } },
{ "type": "Feature", "properties": { "id": 21027, "traj_num": 21, "datetime_utc": "2025-02-23 01:00:00", "level_m": 35.0, "datetime_eastern": "2025-02-22 20:00:00", "hour_eastern": "08:00 PM" }, "geometry": { "type": "Point", "coordinates": [ -74.307, 40.469 ] } },
{ "type": "Feature", "properties": { "id": 21028, "traj_num": 21, "datetime_utc": "2025-02-23 02:00:00", "level_m": 38.0, "datetime_eastern": "2025-02-22 21:00:00", "hour_eastern": "09:00 PM" }, "geometry": { "type": "Point", "coordinates": [ -74.142, 40.566 ] } },
{ "type": "Feature", "properties": { "id": 21029, "traj_num": 21, "datetime_utc": "2025-02-23 03:00:00", "level_m": 42.0, "datetime_eastern": "2025-02-22 22:00:00", "hour_eastern": "10:00 PM" }, "geometry": { "type": "Point", "coordinates": [ -73.965, 40.66 ] } },
{ "type": "Feature", "properties": { "id": 21030, "traj_num": 21, "datetime_utc": "2025-02-23 04:00:00", "level_m": 45.0, "datetime_eastern": "2025-02-22 23:00:00", "hour_eastern": "11:00 PM" }, "geometry": { "type": "Point", "coordinates": [ -73.767, 40.753 ] } },
{ "type": "Feature", "properties": { "id": 21031, "traj_num": 21, "datetime_utc": "2025-02-23 05:00:00", "level_m": 45.0, "datetime_eastern": "2025-02-23 00:00:00", "hour_eastern": "12:00 AM" }, "geometry": { "type": "Point", "coordinates": [ -73.543, 40.848 ] } },
{ "type": "Feature", "properties": { "id": 21032, "traj_num": 21, "datetime_utc": "2025-02-23 06:00:00", "level_m": 41.0, "datetime_eastern": "2025-02-23 01:00:00", "hour_eastern": "01:00 AM" }, "geometry": { "type": "Point", "coordinates": [ -73.295, 40.952 ] } },
{ "type": "Feature", "properties": { "id": 21033, "traj_num": 21, "datetime_utc": "2025-02-23 07:00:00", "level_m": 35.0, "datetime_eastern": "2025-02-23 02:00:00", "hour_eastern": "02:00 AM" }, "geometry": { "type": "Point", "coordinates": [ -73.029, 41.063 ] } },
{ "type": "Feature", "properties": { "id": 21034, "traj_num": 21, "datetime_utc": "2025-02-23 08:00:00", "level_m": 28.0, "datetime_eastern": "2025-02-23 03:00:00", "hour_eastern": "03:00 AM" }, "geometry": { "type": "Point", "coordinates": [ -72.759, 41.162 ] } },
{ "type": "Feature", "properties": { "id": 21035, "traj_num": 21, "datetime_utc": "2025-02-23 09:00:00", "level_m": 22.0, "datetime_eastern": "2025-02-23 04:00:00", "hour_eastern": "04:00 AM" }, "geometry": { "type": "Point", "coordinates": [ -72.491, 41.241 ] } },
{ "type": "Feature", "properties": { "id": 21036, "traj_num": 21, "datetime_utc": "2025-02-23 10:00:00", "level_m": 18.0, "datetime_eastern": "2025-02-23 05:00:00", "hour_eastern": "05:00 AM" }, "geometry": { "type": "Point", "coordinates": [ -72.23, 41.303 ] } },
{ "type": "Feature", "properties": { "id": 21037, "traj_num": 21, "datetime_utc": "2025-02-23 11:00:00", "level_m": 14.0, "datetime_eastern": "2025-02-23 06:00:00", "hour_eastern": "06:00 AM" }, "geometry": { "type": "Point", "coordinates": [ -71.982, 41.35 ] } },
{ "type": "Feature", "properties": { "id": 21038, "traj_num": 21, "datetime_utc": "2025-02-23 12:00:00", "level_m": 10.0, "datetime_eastern": "2025-02-23 07:00:00", "hour_eastern": "07:00 AM" }, "geometry": { "type": "Point", "coordinates": [ -71.743, 41.379 ] } },
{ "type": "Feature", "properties": { "id": 21039, "traj_num": 21, "datetime_utc": "2025-02-23 13:00:00", "level_m": 6.0, "datetime_eastern": "2025-02-23 08:00:00", "hour_eastern": "08:00 AM" }, "geometry": { "type": "Point", "coordinates": [ -71.493, 41.39 ] } },
{ "type": "Feature", "properties": { "id": 21040, "traj_num": 21, "datetime_utc": "2025-02-23 14:00:00", "level_m": 4.0, "datetime_eastern": "2025-02-23 09:00:00", "hour_eastern": "09:00 AM" }, "geometry": { "type": "Point", "coordinates": [ -71.216, 41.385 ] } },
{ "type": "Feature", "properties": { "id": 21041, "traj_num": 21, "datetime_utc": "2025-02-23 15:00:00", "level_m": 4.0, "datetime_eastern": "2025-02-23 10:00:00", "hour_eastern": "10:00 AM" }, "geometry": { "type": "Point", "coordinates": [ -70.915, 41.366 ] } },
{ "type": "Feature", "properties": { "id": 21042, "traj_num": 21, "datetime_utc": "2025-02-23 16:00:00", "level_m": 3.0, "datetime_eastern": "2025-02-23 11:00:00", "hour_eastern": "11:00 AM" }, "geometry": { "type": "Point", "coordinates": [ -70.6, 41.344 ] } },
{ "type": "Feature", "properties": { "id": 21043, "traj_num": 21, "datetime_utc": "2025-02-23 17:00:00", "level_m": 3.0, "datetime_eastern": "2025-02-23 12:00:00", "hour_eastern": "12:00 PM" }, "geometry": { "type": "Point", "coordinates": [ -70.283, 41.326 ] } },
{ "type": "Feature", "properties": { "id": 21044, "traj_num": 21, "datetime_utc": "2025-02-23 18:00:00", "level_m": 3.0, "datetime_eastern": "2025-02-23 13:00:00", "hour_eastern": "01:00 PM" }, "geometry": { "type": "Point", "coordinates": [ -69.969, 41.308 ] } },
{ "type": "Feature", "properties": { "id": 22000, "traj_num": 22, "datetime_utc": "2025-02-21 22:00:00", "level_m": 50.0, "datetime_eastern": "2025-02-21 17:00:00", "hour_eastern": "05:00 PM" }, "geometry": { "type": "Point", "coordinates": [ -75.13, 39.927 ] } },
{ "type": "Feature", "properties": { "id": 22022, "traj_num": 22, "datetime_utc": "2025-02-22 20:00:00", "level_m": 41.0, "datetime_eastern": "2025-02-22 15:00:00", "hour_eastern": "03:00 PM" }, "geometry": { "type": "Point", "coordinates": [ -75.024, 39.978 ] } },
{ "type": "Feature", "properties": { "id": 22023, "traj_num": 22, "datetime_utc": "2025-02-22 21:00:00", "level_m": 34.0, "datetime_eastern": "2025-02-22 16:00:00", "hour_eastern": "04:00 PM" }, "geometry": { "type": "Point", "coordinates": [ -74.935, 40.048 ] } },
{ "type": "Feature", "properties": { "id": 22024, "traj_num": 22, "datetime_utc": "2025-02-22 22:00:00", "level_m": 30.0, "datetime_eastern": "2025-02-22 17:00:00", "hour_eastern": "05:00 PM" }, "geometry": { "type": "Point", "coordinates": [ -74.841, 40.131 ] } },
{ "type": "Feature", "properties": { "id": 22025, "traj_num": 22, "datetime_utc": "2025-02-22 23:00:00", "level_m": 29.0, "datetime_eastern": "2025-02-22 18:00:00", "hour_eastern": "06:00 PM" }, "geometry": { "type": "Point", "coordinates": [ -74.725, 40.224 ] } },
{ "type": "Feature", "properties": { "id": 22026, "traj_num": 22, "datetime_utc": "2025-02-23 00:00:00", "level_m": 30.0, "datetime_eastern": "2025-02-22 19:00:00", "hour_eastern": "07:00 PM" }, "geometry": { "type": "Point", "coordinates": [ -74.588, 40.322 ] } },
{ "type": "Feature", "properties": { "id": 22027, "traj_num": 22, "datetime_utc": "2025-02-23 01:00:00", "level_m": 33.0, "datetime_eastern": "2025-02-22 20:00:00", "hour_eastern": "08:00 PM" }, "geometry": { "type": "Point", "coordinates": [ -74.435, 40.419 ] } },
{ "type": "Feature", "properties": { "id": 22028, "traj_num": 22, "datetime_utc": "2025-02-23 02:00:00", "level_m": 35.0, "datetime_eastern": "2025-02-22 21:00:00", "hour_eastern": "09:00 PM" }, "geometry": { "type": "Point", "coordinates": [ -74.276, 40.513 ] } },
{ "type": "Feature", "properties": { "id": 22029, "traj_num": 22, "datetime_utc": "2025-02-23 03:00:00", "level_m": 38.0, "datetime_eastern": "2025-02-22 22:00:00", "hour_eastern": "10:00 PM" }, "geometry": { "type": "Point", "coordinates": [ -74.106, 40.604 ] } },
{ "type": "Feature", "properties": { "id": 22030, "traj_num": 22, "datetime_utc": "2025-02-23 04:00:00", "level_m": 41.0, "datetime_eastern": "2025-02-22 23:00:00", "hour_eastern": "11:00 PM" }, "geometry": { "type": "Point", "coordinates": [ -73.921, 40.692 ] } },
{ "type": "Feature", "properties": { "id": 22031, "traj_num": 22, "datetime_utc": "2025-02-23 05:00:00", "level_m": 42.0, "datetime_eastern": "2025-02-23 00:00:00", "hour_eastern": "12:00 AM" }, "geometry": { "type": "Point", "coordinates": [ -73.714, 40.779 ] } },
{ "type": "Feature", "properties": { "id": 22032, "traj_num": 22, "datetime_utc": "2025-02-23 06:00:00", "level_m": 40.0, "datetime_eastern": "2025-02-23 01:00:00", "hour_eastern": "01:00 AM" }, "geometry": { "type": "Point", "coordinates": [ -73.481, 40.872 ] } },
{ "type": "Feature", "properties": { "id": 22033, "traj_num": 22, "datetime_utc": "2025-02-23 07:00:00", "level_m": 35.0, "datetime_eastern": "2025-02-23 02:00:00", "hour_eastern": "02:00 AM" }, "geometry": { "type": "Point", "coordinates": [ -73.229, 40.97 ] } },
{ "type": "Feature", "properties": { "id": 22034, "traj_num": 22, "datetime_utc": "2025-02-23 08:00:00", "level_m": 31.0, "datetime_eastern": "2025-02-23 03:00:00", "hour_eastern": "03:00 AM" }, "geometry": { "type": "Point", "coordinates": [ -72.963, 41.067 ] } },
{ "type": "Feature", "properties": { "id": 22035, "traj_num": 22, "datetime_utc": "2025-02-23 09:00:00", "level_m": 27.0, "datetime_eastern": "2025-02-23 04:00:00", "hour_eastern": "04:00 AM" }, "geometry": { "type": "Point", "coordinates": [ -72.69, 41.151 ] } },
{ "type": "Feature", "properties": { "id": 22036, "traj_num": 22, "datetime_utc": "2025-02-23 10:00:00", "level_m": 23.0, "datetime_eastern": "2025-02-23 05:00:00", "hour_eastern": "05:00 AM" }, "geometry": { "type": "Point", "coordinates": [ -72.422, 41.215 ] } },
{ "type": "Feature", "properties": { "id": 22037, "traj_num": 22, "datetime_utc": "2025-02-23 11:00:00", "level_m": 18.0, "datetime_eastern": "2025-02-23 06:00:00", "hour_eastern": "06:00 AM" }, "geometry": { "type": "Point", "coordinates": [ -72.164, 41.263 ] } },
{ "type": "Feature", "properties": { "id": 22038, "traj_num": 22, "datetime_utc": "2025-02-23 12:00:00", "level_m": 13.0, "datetime_eastern": "2025-02-23 07:00:00", "hour_eastern": "07:00 AM" }, "geometry": { "type": "Point", "coordinates": [ -71.917, 41.294 ] } },
{ "type": "Feature", "properties": { "id": 22039, "traj_num": 22, "datetime_utc": "2025-02-23 13:00:00", "level_m": 9.0, "datetime_eastern": "2025-02-23 08:00:00", "hour_eastern": "08:00 AM" }, "geometry": { "type": "Point", "coordinates": [ -71.66, 41.307 ] } },
{ "type": "Feature", "properties": { "id": 22040, "traj_num": 22, "datetime_utc": "2025-02-23 14:00:00", "level_m": 7.0, "datetime_eastern": "2025-02-23 09:00:00", "hour_eastern": "09:00 AM" }, "geometry": { "type": "Point", "coordinates": [ -71.375, 41.301 ] } },
{ "type": "Feature", "properties": { "id": 22041, "traj_num": 22, "datetime_utc": "2025-02-23 15:00:00", "level_m": 6.0, "datetime_eastern": "2025-02-23 10:00:00", "hour_eastern": "10:00 AM" }, "geometry": { "type": "Point", "coordinates": [ -71.064, 41.281 ] } },
{ "type": "Feature", "properties": { "id": 22042, "traj_num": 22, "datetime_utc": "2025-02-23 16:00:00", "level_m": 5.0, "datetime_eastern": "2025-02-23 11:00:00", "hour_eastern": "11:00 AM" }, "geometry": { "type": "Point", "coordinates": [ -70.739, 41.257 ] } },
{ "type": "Feature", "properties": { "id": 22043, "traj_num": 22, "datetime_utc": "2025-02-23 17:00:00", "level_m": 5.0, "datetime_eastern": "2025-02-23 12:00:00", "hour_eastern": "12:00 PM" }, "geometry": { "type": "Point", "coordinates": [ -70.415, 41.241 ] } },
{ "type": "Feature", "properties": { "id": 22044, "traj_num": 22, "datetime_utc": "2025-02-23 18:00:00", "level_m": 4.0, "datetime_eastern": "2025-02-23 13:00:00", "hour_eastern": "01:00 PM" }, "geometry": { "type": "Point", "coordinates": [ -70.096, 41.227 ] } },
{ "type": "Feature", "properties": { "id": 22045, "traj_num": 22, "datetime_utc": "2025-02-23 19:00:00", "level_m": 4.0, "datetime_eastern": "2025-02-23 14:00:00", "hour_eastern": "02:00 PM" }, "geometry": { "type": "Point", "coordinates": [ -69.771, 41.215 ] } },
{ "type": "Feature", "properties": { "id": 23000, "traj_num": 23, "datetime_utc": "2025-02-21 22:00:00", "level_m": 50.0, "datetime_eastern": "2025-02-21 17:00:00", "hour_eastern": "05:00 PM" }, "geometry": { "type": "Point", "coordinates": [ -75.13, 39.927 ] } },
{ "type": "Feature", "properties": { "id": 23023, "traj_num": 23, "datetime_utc": "2025-02-22 21:00:00", "level_m": 41.0, "datetime_eastern": "2025-02-22 16:00:00", "hour_eastern": "04:00 PM" }, "geometry": { "type": "Point", "coordinates": [ -75.035, 39.996 ] } },
{ "type": "Feature", "properties": { "id": 23024, "traj_num": 23, "datetime_utc": "2025-02-22 22:00:00", "level_m": 34.0, "datetime_eastern": "2025-02-22 17:00:00", "hour_eastern": "05:00 PM" }, "geometry": { "type": "Point", "coordinates": [ -74.942, 40.077 ] } },
{ "type": "Feature", "properties": { "id": 23025, "traj_num": 23, "datetime_utc": "2025-02-22 23:00:00", "level_m": 31.0, "datetime_eastern": "2025-02-22 18:00:00", "hour_eastern": "06:00 PM" }, "geometry": { "type": "Point", "coordinates": [ -74.829, 40.168 ] } },
{ "type": "Feature", "properties": { "id": 23026, "traj_num": 23, "datetime_utc": "2025-02-23 00:00:00", "level_m": 31.0, "datetime_eastern": "2025-02-22 19:00:00", "hour_eastern": "07:00 PM" }, "geometry": { "type": "Point", "coordinates": [ -74.693, 40.266 ] } },
{ "type": "Feature", "properties": { "id": 23027, "traj_num": 23, "datetime_utc": "2025-02-23 01:00:00", "level_m": 33.0, "datetime_eastern": "2025-02-22 20:00:00", "hour_eastern": "08:00 PM" }, "geometry": { "type": "Point", "coordinates": [ -74.544, 40.363 ] } },
{ "type": "Feature", "properties": { "id": 23028, "traj_num": 23, "datetime_utc": "2025-02-23 02:00:00", "level_m": 35.0, "datetime_eastern": "2025-02-22 21:00:00", "hour_eastern": "09:00 PM" }, "geometry": { "type": "Point", "coordinates": [ -74.387, 40.456 ] } },
{ "type": "Feature", "properties": { "id": 23029, "traj_num": 23, "datetime_utc": "2025-02-23 03:00:00", "level_m": 37.0, "datetime_eastern": "2025-02-22 22:00:00", "hour_eastern": "10:00 PM" }, "geometry": { "type": "Point", "coordinates": [ -74.22, 40.544 ] } },
{ "type": "Feature", "properties": { "id": 23030, "traj_num": 23, "datetime_utc": "2025-02-23 04:00:00", "level_m": 39.0, "datetime_eastern": "2025-02-22 23:00:00", "hour_eastern": "11:00 PM" }, "geometry": { "type": "Point", "coordinates": [ -74.042, 40.63 ] } },
{ "type": "Feature", "properties": { "id": 23031, "traj_num": 23, "datetime_utc": "2025-02-23 05:00:00", "level_m": 40.0, "datetime_eastern": "2025-02-23 00:00:00", "hour_eastern": "12:00 AM" }, "geometry": { "type": "Point", "coordinates": [ -73.844, 40.713 ] } },
{ "type": "Feature", "properties": { "id": 23032, "traj_num": 23, "datetime_utc": "2025-02-23 06:00:00", "level_m": 38.0, "datetime_eastern": "2025-02-23 01:00:00", "hour_eastern": "01:00 AM" }, "geometry": { "type": "Point", "coordinates": [ -73.622, 40.799 ] } },
{ "type": "Feature", "properties": { "id": 23033, "traj_num": 23, "datetime_utc": "2025-02-23 07:00:00", "level_m": 35.0, "datetime_eastern": "2025-02-23 02:00:00", "hour_eastern": "02:00 AM" }, "geometry": { "type": "Point", "coordinates": [ -73.38, 40.887 ] } },
{ "type": "Feature", "properties": { "id": 23034, "traj_num": 23, "datetime_utc": "2025-02-23 08:00:00", "level_m": 32.0, "datetime_eastern": "2025-02-23 03:00:00", "hour_eastern": "03:00 AM" }, "geometry": { "type": "Point", "coordinates": [ -73.121, 40.975 ] } },
{ "type": "Feature", "properties": { "id": 23035, "traj_num": 23, "datetime_utc": "2025-02-23 09:00:00", "level_m": 30.0, "datetime_eastern": "2025-02-23 04:00:00", "hour_eastern": "04:00 AM" }, "geometry": { "type": "Point", "coordinates": [ -72.848, 41.059 ] } },
{ "type": "Feature", "properties": { "id": 23036, "traj_num": 23, "datetime_utc": "2025-02-23 10:00:00", "level_m": 27.0, "datetime_eastern": "2025-02-23 05:00:00", "hour_eastern": "05:00 AM" }, "geometry": { "type": "Point", "coordinates": [ -72.573, 41.128 ] } },
{ "type": "Feature", "properties": { "id": 23037, "traj_num": 23, "datetime_utc": "2025-02-23 11:00:00", "level_m": 22.0, "datetime_eastern": "2025-02-23 06:00:00", "hour_eastern": "06:00 AM" }, "geometry": { "type": "Point", "coordinates": [ -72.306, 41.178 ] } },
{ "type": "Feature", "properties": { "id": 23038, "traj_num": 23, "datetime_utc": "2025-02-23 12:00:00", "level_m": 17.0, "datetime_eastern": "2025-02-23 07:00:00", "hour_eastern": "07:00 AM" }, "geometry": { "type": "Point", "coordinates": [ -72.049, 41.211 ] } },
{ "type": "Feature", "properties": { "id": 23039, "traj_num": 23, "datetime_utc": "2025-02-23 13:00:00", "level_m": 12.0, "datetime_eastern": "2025-02-23 08:00:00", "hour_eastern": "08:00 AM" }, "geometry": { "type": "Point", "coordinates": [ -71.783, 41.225 ] } },
{ "type": "Feature", "properties": { "id": 23040, "traj_num": 23, "datetime_utc": "2025-02-23 14:00:00", "level_m": 10.0, "datetime_eastern": "2025-02-23 09:00:00", "hour_eastern": "09:00 AM" }, "geometry": { "type": "Point", "coordinates": [ -71.489, 41.22 ] } },
{ "type": "Feature", "properties": { "id": 23041, "traj_num": 23, "datetime_utc": "2025-02-23 15:00:00", "level_m": 8.0, "datetime_eastern": "2025-02-23 10:00:00", "hour_eastern": "10:00 AM" }, "geometry": { "type": "Point", "coordinates": [ -71.169, 41.198 ] } },
{ "type": "Feature", "properties": { "id": 23042, "traj_num": 23, "datetime_utc": "2025-02-23 16:00:00", "level_m": 8.0, "datetime_eastern": "2025-02-23 11:00:00", "hour_eastern": "11:00 AM" }, "geometry": { "type": "Point", "coordinates": [ -70.833, 41.174 ] } },
{ "type": "Feature", "properties": { "id": 23043, "traj_num": 23, "datetime_utc": "2025-02-23 17:00:00", "level_m": 7.0, "datetime_eastern": "2025-02-23 12:00:00", "hour_eastern": "12:00 PM" }, "geometry": { "type": "Point", "coordinates": [ -70.498, 41.158 ] } },
{ "type": "Feature", "properties": { "id": 23044, "traj_num": 23, "datetime_utc": "2025-02-23 18:00:00", "level_m": 7.0, "datetime_eastern": "2025-02-23 13:00:00", "hour_eastern": "01:00 PM" }, "geometry": { "type": "Point", "coordinates": [ -70.171, 41.148 ] } },
{ "type": "Feature", "properties": { "id": 23045, "traj_num": 23, "datetime_utc": "2025-02-23 19:00:00", "level_m": 6.0, "datetime_eastern": "2025-02-23 14:00:00", "hour_eastern": "02:00 PM" }, "geometry": { "type": "Point", "coordinates": [ -69.844, 41.142 ] } },
{ "type": "Feature", "properties": { "id": 23046, "traj_num": 23, "datetime_utc": "2025-02-23 20:00:00", "level_m": 6.0, "datetime_eastern": "2025-02-23 15:00:00", "hour_eastern": "03:00 PM" }, "geometry": { "type": "Point", "coordinates": [ -69.496, 41.138 ] } },
{ "type": "Feature", "properties": { "id": 24000, "traj_num": 24, "datetime_utc": "2025-02-21 22:00:00", "level_m": 50.0, "datetime_eastern": "2025-02-21 17:00:00", "hour_eastern": "05:00 PM" }, "geometry": { "type": "Point", "coordinates": [ -75.13, 39.927 ] } },
{ "type": "Feature", "properties": { "id": 24024, "traj_num": 24, "datetime_utc": "2025-02-22 22:00:00", "level_m": 42.0, "datetime_eastern": "2025-02-22 17:00:00", "hour_eastern": "05:00 PM" }, "geometry": { "type": "Point", "coordinates": [ -75.031, 40.011 ] } },
{ "type": "Feature", "properties": { "id": 24025, "traj_num": 24, "datetime_utc": "2025-02-22 23:00:00", "level_m": 37.0, "datetime_eastern": "2025-02-22 18:00:00", "hour_eastern": "06:00 PM" }, "geometry": { "type": "Point", "coordinates": [ -74.918, 40.102 ] } },
{ "type": "Feature", "properties": { "id": 24026, "traj_num": 24, "datetime_utc": "2025-02-23 00:00:00", "level_m": 35.0, "datetime_eastern": "2025-02-22 19:00:00", "hour_eastern": "07:00 PM" }, "geometry": { "type": "Point", "coordinates": [ -74.783, 40.201 ] } },
{ "type": "Feature", "properties": { "id": 24027, "traj_num": 24, "datetime_utc": "2025-02-23 01:00:00", "level_m": 36.0, "datetime_eastern": "2025-02-22 20:00:00", "hour_eastern": "08:00 PM" }, "geometry": { "type": "Point", "coordinates": [ -74.632, 40.3 ] } },
{ "type": "Feature", "properties": { "id": 24028, "traj_num": 24, "datetime_utc": "2025-02-23 02:00:00", "level_m": 37.0, "datetime_eastern": "2025-02-22 21:00:00", "hour_eastern": "09:00 PM" }, "geometry": { "type": "Point", "coordinates": [ -74.476, 40.393 ] } },
{ "type": "Feature", "properties": { "id": 24029, "traj_num": 24, "datetime_utc": "2025-02-23 03:00:00", "level_m": 38.0, "datetime_eastern": "2025-02-22 22:00:00", "hour_eastern": "10:00 PM" }, "geometry": { "type": "Point", "coordinates": [ -74.309, 40.482 ] } },
{ "type": "Feature", "properties": { "id": 24030, "traj_num": 24, "datetime_utc": "2025-02-23 04:00:00", "level_m": 39.0, "datetime_eastern": "2025-02-22 23:00:00", "hour_eastern": "11:00 PM" }, "geometry": { "type": "Point", "coordinates": [ -74.131, 40.567 ] } },
{ "type": "Feature", "properties": { "id": 24031, "traj_num": 24, "datetime_utc": "2025-02-23 05:00:00", "level_m": 40.0, "datetime_eastern": "2025-02-23 00:00:00", "hour_eastern": "12:00 AM" }, "geometry": { "type": "Point", "coordinates": [ -73.937, 40.649 ] } },
{ "type": "Feature", "properties": { "id": 24032, "traj_num": 24, "datetime_utc": "2025-02-23 06:00:00", "level_m": 39.0, "datetime_eastern": "2025-02-23 01:00:00", "hour_eastern": "01:00 AM" }, "geometry": { "type": "Point", "coordinates": [ -73.721, 40.731 ] } },
{ "type": "Feature", "properties": { "id": 24033, "traj_num": 24, "datetime_utc": "2025-02-23 07:00:00", "level_m": 36.0, "datetime_eastern": "2025-02-23 02:00:00", "hour_eastern": "02:00 AM" }, "geometry": { "type": "Point", "coordinates": [ -73.483, 40.813 ] } },
{ "type": "Feature", "properties": { "id": 24034, "traj_num": 24, "datetime_utc": "2025-02-23 08:00:00", "level_m": 32.0, "datetime_eastern": "2025-02-23 03:00:00", "hour_eastern": "03:00 AM" }, "geometry": { "type": "Point", "coordinates": [ -73.227, 40.894 ] } },
{ "type": "Feature", "properties": { "id": 24035, "traj_num": 24, "datetime_utc": "2025-02-23 09:00:00", "level_m": 31.0, "datetime_eastern": "2025-02-23 04:00:00", "hour_eastern": "04:00 AM" }, "geometry": { "type": "Point", "coordinates": [ -72.953, 40.976 ] } },
{ "type": "Feature", "properties": { "id": 24036, "traj_num": 24, "datetime_utc": "2025-02-23 10:00:00", "level_m": 30.0, "datetime_eastern": "2025-02-23 05:00:00", "hour_eastern": "05:00 AM" }, "geometry": { "type": "Point", "coordinates": [ -72.671, 41.049 ] } },
{ "type": "Feature", "properties": { "id": 24037, "traj_num": 24, "datetime_utc": "2025-02-23 11:00:00", "level_m": 26.0, "datetime_eastern": "2025-02-23 06:00:00", "hour_eastern": "06:00 AM" }, "geometry": { "type": "Point", "coordinates": [ -72.396, 41.101 ] } },
{ "type": "Feature", "properties": { "id": 24038, "traj_num": 24, "datetime_utc": "2025-02-23 12:00:00", "level_m": 21.0, "datetime_eastern": "2025-02-23 07:00:00", "hour_eastern": "07:00 AM" }, "geometry": { "type": "Point", "coordinates": [ -72.129, 41.135 ] } },
{ "type": "Feature", "properties": { "id": 24039, "traj_num": 24, "datetime_utc": "2025-02-23 13:00:00", "level_m": 15.0, "datetime_eastern": "2025-02-23 08:00:00", "hour_eastern": "08:00 AM" }, "geometry": { "type": "Point", "coordinates": [ -71.852, 41.15 ] } },
{ "type": "Feature", "properties": { "id": 24040, "traj_num": 24, "datetime_utc": "2025-02-23 14:00:00", "level_m": 12.0, "datetime_eastern": "2025-02-23 09:00:00", "hour_eastern": "09:00 AM" }, "geometry": { "type": "Point", "coordinates": [ -71.548, 41.145 ] } },
{ "type": "Feature", "properties": { "id": 24041, "traj_num": 24, "datetime_utc": "2025-02-23 15:00:00", "level_m": 11.0, "datetime_eastern": "2025-02-23 10:00:00", "hour_eastern": "10:00 AM" }, "geometry": { "type": "Point", "coordinates": [ -71.217, 41.123 ] } },
{ "type": "Feature", "properties": { "id": 24042, "traj_num": 24, "datetime_utc": "2025-02-23 16:00:00", "level_m": 10.0, "datetime_eastern": "2025-02-23 11:00:00", "hour_eastern": "11:00 AM" }, "geometry": { "type": "Point", "coordinates": [ -70.87, 41.098 ] } },
{ "type": "Feature", "properties": { "id": 24043, "traj_num": 24, "datetime_utc": "2025-02-23 17:00:00", "level_m": 10.0, "datetime_eastern": "2025-02-23 12:00:00", "hour_eastern": "12:00 PM" }, "geometry": { "type": "Point", "coordinates": [ -70.526, 41.084 ] } },
{ "type": "Feature", "properties": { "id": 24044, "traj_num": 24, "datetime_utc": "2025-02-23 18:00:00", "level_m": 9.0, "datetime_eastern": "2025-02-23 13:00:00", "hour_eastern": "01:00 PM" }, "geometry": { "type": "Point", "coordinates": [ -70.192, 41.077 ] } },
{ "type": "Feature", "properties": { "id": 24045, "traj_num": 24, "datetime_utc": "2025-02-23 19:00:00", "level_m": 9.0, "datetime_eastern": "2025-02-23 14:00:00", "hour_eastern": "02:00 PM" }, "geometry": { "type": "Point", "coordinates": [ -69.861, 41.076 ] } },
{ "type": "Feature", "properties": { "id": 24046, "traj_num": 24, "datetime_utc": "2025-02-23 20:00:00", "level_m": 8.0, "datetime_eastern": "2025-02-23 15:00:00", "hour_eastern": "03:00 PM" }, "geometry": { "type": "Point", "coordinates": [ -69.512, 41.079 ] } },
{ "type": "Feature", "properties": { "id": 24047, "traj_num": 24, "datetime_utc": "2025-02-23 21:00:00", "level_m": 7.0, "datetime_eastern": "2025-02-23 16:00:00", "hour_eastern": "04:00 PM" }, "geometry": { "type": "Point", "coordinates": [ -69.128, 41.078 ] } }
]
}
